,real_%top,predicted_%top,index
0,92.0,83.0873165882551,1
1,99.95,100.41600879299746,7
2,86.5,93.02288015368235,21
3,10.0,22.716106866703317,31
4,97.0,98.71799027799962,43
5,99.5,94.90110480065664,45
6,82.0,95.1002294727288,51
7,68.5,89.4829868251889,59
8,78.0,96.6613733495763,76
9,45.5,24.32032047701367,88
10,5.0,8.462761600862427,101
