,real_%top,predicted_%top,index
0,99.95,94.70922013592673,9
1,98.5,96.90784229419785,15
2,99.5,93.55387046860629,34
3,89.5,89.44319410645954,36
4,15.0,20.252815275658893,41
5,83.5,78.34908347947555,50
6,96.5,92.06668102452063,53
7,62.5,73.65810497443744,55
8,95.5,78.28633169547724,58
9,40.0,21.975079727426223,89
