,real_%top,predicted_%top,index
0,98.0,97.02891637216202,14
1,86.5,91.5299970812756,22
2,23.0,19.139949976291263,24
3,98.5,96.4348117653937,47
4,96.5,95.00600265457552,53
5,98.0,90.106699449109,58
6,97.5,92.00196640166901,68
7,97.0,90.68109594627634,78
8,21.0,19.298378547719835,81
9,95.5,95.19707566707493,86
