,real_%top,predicted_%top,index
0,7.0,20.525167937032688,11
1,99.75,101.9266478791922,13
2,99.9,98.98093611853479,18
3,98.5,90.63818041761257,26
4,94.0,84.2503739636074,36
5,99.5,98.56067552799448,41
6,99.5,98.7232824734018,46
7,96.5,95.16004916644373,54
8,62.5,56.774030714856714,56
9,21.5,13.822846474529674,96
10,22.0,16.33549922357556,100
