,real_%top,predicted_%top,index
0,91.85,81.42433281725786,2
1,99.75,97.65740406544278,12
2,51.5,93.27114812756517,22
3,64.0,81.73136419385985,32
4,96.5,98.94799108622031,52
5,97.0,95.59337994151711,66
6,99.0,90.45155502383292,75
7,97.0,85.68347756832006,77
8,39.5,48.738308932208014,92
9,30.0,8.890639918531752,96
10,11.0,30.406212487205273,100
