,real_%top,predicted_%top,index
0,91.85,87.25479966164744,2
1,99.75,98.46357457734798,12
2,51.5,88.25925434335471,22
3,64.0,80.58914052711316,32
4,96.5,90.25016404626793,52
5,97.0,82.48585742709722,66
6,99.0,89.66835152879274,75
7,97.0,101.48517161339248,77
8,39.5,73.026656727536,92
9,30.0,18.666916172574375,96
10,11.0,19.525079849015924,100
