,real_%top,predicted_%top,index
0,7.0,37.49010397288192,11
1,99.75,97.56427161970089,13
2,99.9,98.6469289484634,18
3,98.5,81.20619678140866,26
4,94.0,86.97244656584904,36
5,99.5,92.49154855278583,41
6,99.5,92.53008659832237,46
7,96.5,88.85541232150428,54
8,62.5,72.8237855993112,56
9,21.5,2.054307006612987,96
10,22.0,4.853194208214177,100
