,real_%top,predicted_%top,index
0,99.95,84.79242,4
1,99.5,84.78302,40
2,99.5,84.787735,48
3,98.0,84.64745,74
4,96.0,84.659996,78
5,21.0,84.32662,80
6,98.5,84.671776,82
7,63.0,37.670868,87
8,44.5,37.659817,90
9,66.5,84.831635,98
