,real_%top,predicted_%top,index
0,93.8,93.77751510100286,8
1,99.3,96.50882102149133,16
2,96.5,90.5729848313043,27
3,99.5,93.65211101436601,47
4,62.0,72.3127819551412,54
5,98.0,90.4791502217109,57
6,98.0,88.24012680387482,62
7,79.0,71.04732700507621,71
8,22.0,21.755310993289847,99
9,6.5,21.710595354761708,102
