,real_%top,predicted_%top,index
0,99.95,85.29296,4
1,99.5,85.27511,40
2,99.5,85.28043,48
3,98.0,97.57079,74
4,96.0,97.491135,78
5,21.0,97.608635,80
6,98.5,97.540054,82
7,63.0,85.226814,87
8,44.5,85.183685,90
9,66.5,84.28207,98
