,real_%top,predicted_%top,index
0,99.95,91.5596,4
1,99.5,91.61134,40
2,99.5,91.613846,48
3,98.0,91.529015,74
4,96.0,91.53477,78
5,21.0,91.49607,80
6,98.5,91.53606,82
7,63.0,42.436287,87
8,44.5,42.407463,90
9,66.5,91.60711,98
