,real_%top,predicted_%top,index
0,82.0,91.19997374220337,38
1,98.5,90.38652512682434,46
2,8.0,23.643626316164998,63
3,85.0,76.97748901305737,64
4,81.5,83.25250205799836,70
5,78.0,82.2148215960909,72
6,98.5,91.45121775749264,84
7,98.0,91.90619749151821,86
8,20.0,2.0930781463862047,94
9,9.0,14.315476612083287,97
