,real_%top,predicted_%top,index
0,92.0,82.56499999999998,1
1,99.95,93.51666666666665,7
2,86.5,82.56499999999998,21
3,10.0,17.25000000000004,31
4,97.0,82.56499999999998,43
5,99.5,93.51666666666665,45
6,82.0,82.56499999999998,51
7,68.5,82.56499999999998,59
8,78.0,82.56499999999998,76
9,45.5,17.250000000000043,88
10,5.0,16.00000000000002,101
