,real_%top,predicted_%top,index
0,99.95,96.64977944006714,5
1,98.45,96.64977944006714,6
2,99.0,99.2285505360893,15
3,99.3,96.79226573065407,17
4,99.5,87.33365408661142,35
5,36.5,18.860645861105617,43
6,97.0,91.2365551264234,44
7,99.0,88.10391038266364,82
8,98.5,93.19738017114219,83
9,48.5,42.26317955371705,94
10,6.5,19.75861232139552,103
