,real_%top,predicted_%top,index
0,99.95,97.09272903704387,10
1,57.0,79.37928220511515,29
2,10.0,20.162865216863214,32
3,99.5,91.3325078276428,38
4,98.5,92.4052005391637,45
5,62.0,77.51221794788115,55
6,97.0,92.80733689414096,67
7,98.0,90.75087709867104,75
8,45.5,20.162865216863214,89
9,66.5,96.33223484227666,99
