,real_%top,predicted_%top,index
0,93.8,90.77635574263284,8
1,99.3,97.11481033748937,16
2,96.5,92.73144784733155,27
3,99.5,96.25386840418662,47
4,62.0,76.7896160528734,54
5,98.0,89.58017903312289,57
6,98.0,89.89085029453176,62
7,79.0,77.79061083704985,71
8,22.0,21.262327958605496,99
9,6.5,21.262327958605496,102
