,real_%top,predicted_%top,index
0,92.15,93.53465113414583,0
1,98.0,98.60704098094378,13
2,99.9,96.69632925664315,17
3,71.0,75.64763863762177,18
4,34.5,24.394117621539117,24
5,21.5,18.914365028053787,29
6,98.5,99.40927622581209,44
7,74.5,96.99999435012525,68
8,81.0,80.1964645586637,73
9,45.0,46.92934050054682,91
