,real_%top,predicted_%top,index
0,98.45,96.25559792120848,5
1,99.7,90.75661058227665,6
2,70.5,90.5526930855535,20
3,57.0,65.12402473903948,28
4,54.0,66.95791117689919,30
5,23.5,19.011902882575647,33
6,36.5,36.77662098062589,42
7,97.5,91.09660459053114,67
8,95.5,91.39094856214084,69
9,98.5,93.87144001503408,83
