,real_%top,predicted_%top,index
0,98.45,94.13108160767084,5
1,99.7,90.268429934756,6
2,70.5,89.50057919433291,20
3,57.0,85.63792752141808,28
4,54.0,81.04916535233258,30
5,23.5,15.95526793041742,33
6,36.5,51.045104219832076,42
7,97.5,84.42080505215091,67
8,95.5,84.42080505215091,69
9,98.5,94.2639835016993,83
