,real_%top,predicted_%top,index
0,91.85,86.47846153846159,3
1,98.5,86.47846153846159,16
2,88.0,86.47846153846159,62
3,95.5,86.47846153846159,70
4,79.0,86.47846153846159,72
5,99.5,86.47846153846159,80
6,98.5,86.47846153846159,84
7,98.0,86.47846153846159,87
8,44.5,86.47846153846166,91
9,30.0,17.892857142856997,97
