,real_%top,predicted_%top,index
0,98.45,93.57231876895037,5
1,99.7,92.55540974825611,6
2,70.5,92.30386031023069,20
3,57.0,81.00519895962954,28
4,54.0,77.05620975994034,30
5,23.5,20.86547672711276,33
6,36.5,21.884940651260507,42
7,97.5,90.57986493259003,67
8,95.5,90.1729674162175,69
9,98.5,94.15822792659698,83
