,real_%top,predicted_%top,index
0,91.85,69.15256644589503,3
1,98.5,98.19385346564985,16
2,88.0,86.38056363334375,62
3,95.5,90.79296965305937,70
4,79.0,76.18587098637087,72
5,99.5,95.15143975485296,80
6,98.5,94.96031914147943,84
7,98.0,95.24361381902409,87
8,44.5,73.79505713241008,91
9,30.0,19.24831143488864,97
