,real_%top,predicted_%top,index
0,92.0,80.63333333333331,1
1,99.95,93.7051724137931,7
2,86.5,80.63333333333331,21
3,10.0,18.66666666666668,31
4,97.0,80.63333333333331,43
5,99.5,93.7051724137931,45
6,82.0,80.63333333333331,51
7,68.5,80.63333333333331,59
8,78.0,80.63333333333331,76
9,45.5,18.66666666666668,88
10,5.0,16.07142857142859,101
