,real_%top,predicted_%top,index
0,99.95,97.36942688720222,5
1,98.45,97.36942688720222,6
2,99.0,99.21111717552878,15
3,99.3,97.87256159503151,17
4,99.5,87.32783780346398,35
5,36.5,34.50194565825771,43
6,97.0,91.1338968366952,44
7,99.0,92.36189839502568,82
8,98.5,99.53224455218914,83
9,48.5,44.97528076841809,94
10,6.5,20.798764955746265,103
