,real_%top,predicted_%top,index
0,7.0,19.96495192348501,11
1,99.75,93.2172502185315,13
2,99.9,98.75227089258355,18
3,98.5,97.37020078721805,26
4,94.0,88.92862064324571,36
5,99.5,97.01912919123366,41
6,99.5,98.09082556430074,46
7,96.5,96.32474971472026,54
8,62.5,66.78804741475842,56
9,21.5,21.708109793392882,96
10,22.0,21.578964494247586,100
