,real_%top,predicted_%top,index
0,91.85,72.6288229613223,2
1,99.75,94.21256306227313,12
2,51.5,91.02545807942062,22
3,64.0,73.38415918898352,32
4,96.5,98.33149313325562,52
5,97.0,92.32631580568122,66
6,99.0,87.55309709873458,75
7,97.0,87.5006699959032,77
8,39.5,72.16518695650113,92
9,30.0,15.256623258685766,96
10,11.0,23.615153874268998,100
