,real_%top,predicted_%top,index
0,92.0,91.08990500871663,2
1,99.95,98.56229577066165,8
2,99.95,104.25179766057344,12
3,34.5,37.69850503689186,25
4,23.5,20.09295011038493,34
5,89.5,69.79450047344348,37
6,31.5,21.260626070258898,40
7,82.0,82.43108706613624,52
8,59.5,80.46985016578671,57
9,81.5,82.01980745882325,71
10,98.5,97.87855522918687,85
