,real_%top,predicted_%top,index
0,91.4,91.07538422825588,3
1,99.0,98.89440218830953,14
2,23.0,18.23591014521535,23
3,98.5,92.05664255228572,25
4,99.0,99.5356161028483,49
5,88.0,73.89899766100805,61
6,91.0,96.54451353276814,65
7,99.5,97.9499848396297,79
8,99.0,95.77705740241247,81
9,48.5,39.93461847483369,93
10,21.5,12.290812912737481,95
