,real_%top,predicted_%top,index
0,91.85,92.09810376872318,2
1,99.75,98.17471473817024,12
2,51.5,89.64458249357071,22
3,64.0,73.46039741716544,32
4,96.5,97.94437648185387,52
5,97.0,74.855709558649,66
6,99.0,98.74529805879821,75
7,97.0,99.08757785754776,77
8,39.5,48.6189991625162,92
9,30.0,25.908509429385987,96
10,11.0,28.92513208339345,100
