,real_%top,predicted_%top,index
0,7.0,18.45288432798201,11
1,99.75,104.08206863729254,13
2,99.9,97.2485109111844,18
3,98.5,89.54992456514387,26
4,94.0,90.1633781875742,36
5,99.5,101.5448216001865,41
6,99.5,100.493649293196,46
7,96.5,99.60604690775489,54
8,62.5,53.83179650158812,56
9,21.5,9.666703314975976,96
10,22.0,15.441982146943374,100
