,real_%top,predicted_%top,index
0,99.95,103.80430782333893,9
1,98.5,98.10707046755464,15
2,99.5,106.47991342129052,34
3,89.5,84.57845851189997,36
4,15.0,7.915438401460489,41
5,83.5,70.5003780341967,50
6,96.5,96.18329926387159,53
7,62.5,50.99091947550868,55
8,95.5,88.03784607761995,58
9,40.0,46.23773190650938,89
