,real_%top,predicted_%top,index
0,98.0,97.84068289648974,14
1,86.5,88.66860892614415,22
2,23.0,15.69080934805991,24
3,98.5,99.55514644459507,47
4,96.5,98.78820242193501,53
5,98.0,91.5045245200056,58
6,97.5,97.09359211376146,68
7,97.0,104.47597093352064,78
8,21.0,15.316684902566296,81
9,95.5,98.36105656279943,86
