,real_%top,predicted_%top,index
0,7.0,20.91324314550477,11
1,99.75,76.98937041554386,13
2,99.9,97.49256213451103,18
3,98.5,90.99651732945243,26
4,94.0,94.87787777915541,36
5,99.5,90.99651732945243,41
6,99.5,90.99651732945243,46
7,96.5,76.6513192920169,54
8,62.5,76.98937041554386,56
9,21.5,20.92026695502858,96
10,22.0,20.92026695502858,100
