,real_%top,predicted_%top,index
0,99.95,94.8107597182459,4
1,99.5,91.31207745452663,40
2,99.5,91.31207745452663,48
3,98.0,94.8107597182459,74
4,96.0,97.11177069742001,78
5,21.0,20.85584803473591,80
6,98.5,76.83781287349608,82
7,63.0,74.6787681273797,87
8,44.5,74.6787681273797,90
9,66.5,91.31207745452663,98
