,real_%top,predicted_%top,index
0,92.15,66.13929274155521,1
1,91.4,78.82814976798161,4
2,93.8,98.02798329547264,9
3,70.5,97.89570215882962,21
4,21.5,18.06661567680479,30
5,83.5,82.76113299767195,51
6,91.0,78.82814976798161,66
7,74.5,92.53736690188437,69
8,99.0,97.64486288807856,76
9,40.0,32.73640201097555,90
