,real_%top,predicted_%top,index
0,99.0,64.63708038579824,27
1,96.5,74.41899929763929,28
2,99.5,88.62637033341706,48
3,99.0,87.60350925444133,50
4,98.0,84.95074605373978,63
5,81.0,81.97124082687716,74
6,78.0,96.84457046195658,77
7,45.0,64.33647122979069,92
8,11.0,17.028180619728218,101
9,5.0,17.296585004170424,102
