,real_%top,predicted_%top,index
0,82.0,93.05582443220496,38
1,98.5,92.32125367035303,46
2,8.0,21.222626271822563,63
3,85.0,76.80534985007415,64
4,81.5,85.12705961851223,70
5,78.0,83.85854323737756,72
6,98.5,92.58620361135169,84
7,98.0,93.0490938444164,86
8,20.0,3.929207837115385,94
9,9.0,15.009908121335954,97
