,real_%top,predicted_%top,index
0,98.0,99.12725970020047,14
1,86.5,92.51024689128165,22
2,23.0,24.7789727002229,24
3,98.5,97.0544002578197,47
4,96.5,97.91955368262626,53
5,98.0,89.57658574725929,58
6,97.5,90.15657310295914,68
7,97.0,89.05998768249297,78
8,21.0,20.95557838620358,81
9,95.5,96.35446864082556,86
