,real_%top,predicted_%top,index
0,99.95,96.775605990868,9
1,98.5,98.7738613826984,15
2,99.5,93.19391184962916,34
3,89.5,70.04280293350443,36
4,15.0,20.77276382507672,41
5,83.5,78.68388721903098,50
6,96.5,92.99340612647586,53
7,62.5,64.33207393611292,55
8,95.5,85.27463846733333,58
9,40.0,24.29841077812367,89
