,real_%top,predicted_%top,index
0,71.0,77.80803196065081,19
1,97.5,95.97569896951444,20
2,51.5,86.13151955963468,23
3,64.0,79.8109648873788,33
4,95.5,81.50057132351174,59
5,68.5,85.53869875375408,60
6,8.0,27.225640424282744,64
7,63.0,69.46000933673486,88
8,20.0,2.078729506349859,95
9,9.0,18.323577409341226,98
