,real_%top,predicted_%top,index
0,92.15,87.15445868226418,0
1,98.0,99.3402328049263,13
2,99.9,96.73311994842827,17
3,71.0,79.38724146524827,18
4,34.5,63.09813380009376,24
5,21.5,19.409896923270395,29
6,98.5,93.69918122753843,44
7,74.5,83.91267912643315,68
8,81.0,83.55183996306019,73
9,45.0,61.428616212910555,91
