Epoch,Train_RMSE_%,Val_RMSE_%,Test_RMSE_%
5,36.623338963612014,27.51222038269043,29.751026153564453
10,31.346194370683417,27.022478103637695,28.13515281677246
15,30.689455193209362,28.55634117126465,26.95874786376953
20,31.236777144742298,28.059717178344727,28.863603591918945
25,27.490075881222644,27.77008819580078,24.96886444091797
30,18.81329780027091,29.675554275512695,23.022626876831055
35,34.67545087366219,33.73232650756836,32.79259490966797
40,18.513636301798993,29.580354690551758,22.12044334411621
45,18.467211585447014,29.982942581176758,23.03455924987793
