,real_%top,predicted_%top,index
0,92.15,89.915695,0
1,98.0,89.97369,13
2,99.9,90.01398,17
3,71.0,90.34279,18
4,34.5,48.59123,24
5,21.5,29.317295,29
6,98.5,89.87328,44
7,74.5,90.26991,68
8,81.0,89.87087,73
9,45.0,55.31575,91
