,real_%top,predicted_%top,index
0,71.0,87.418785,18
1,97.5,87.47854,19
2,51.5,87.40831,22
3,64.0,87.50081,32
4,95.5,87.379196,58
5,68.5,87.4647,59
6,8.0,87.42794,63
7,63.0,29.308908,87
8,20.0,29.244413,94
9,9.0,29.24098,97
