,real_%top,predicted_%top,index
0,92.15,86.575264,0
1,98.0,86.62189,13
2,99.9,86.623985,17
3,71.0,85.519585,18
4,34.5,31.069466,24
5,21.5,20.41186,29
6,98.5,86.16827,44
7,74.5,85.53036,68
8,81.0,86.58582,73
9,45.0,41.11397,91
