,real_%top,predicted_%top,index
0,92.15,79.60308,0
1,98.0,79.87925,13
2,99.9,79.780525,17
3,71.0,79.67585,18
4,34.5,79.71585,24
5,21.5,79.042694,29
6,98.5,79.72461,44
7,74.5,80.14401,68
8,81.0,81.15018,73
9,45.0,79.78492,91
