,real_%top,predicted_%top,index
0,82.0,82.79165594603275,38
1,98.5,100.26427372473688,46
2,8.0,33.55808115208118,63
3,85.0,96.76603203784498,64
4,81.5,88.81095742244636,70
5,78.0,80.7816113248129,72
6,98.5,98.38417014617661,84
7,98.0,95.67395972449923,86
8,20.0,19.756272843308064,94
9,9.0,11.34095426096912,97
