,real_%top,predicted_%top,index
0,99.0,76.763632829613,27
1,96.5,81.5911777747369,28
2,99.5,96.14379808184935,48
3,99.0,97.99371489988336,50
4,98.0,90.99172800599372,63
5,81.0,75.27233041541088,74
6,78.0,89.71602777456346,77
7,45.0,44.19018706241935,92
8,11.0,23.727081644930355,101
9,5.0,8.189024596445718,102
