,real_%top,predicted_%top,index
0,98.0,99.12880119047618,14
1,86.5,83.29194404761904,22
2,23.0,30.913603174603182,24
3,98.5,97.92213095238094,47
4,96.5,92.85770654761903,53
5,98.0,90.86271190476192,58
6,97.5,92.91617857142857,68
7,97.0,94.89345873015871,78
8,21.0,19.39378174603175,81
9,95.5,97.24311666666668,86
