,real_%top,predicted_%top,index
0,99.95,96.83642500000002,9
1,98.5,98.81399285714289,15
2,99.5,89.11271904761908,34
3,89.5,85.55245595238095,36
4,15.0,17.570339285714283,41
5,83.5,69.27853809523812,50
6,96.5,89.95383809523811,53
7,62.5,68.05373214285714,55
8,95.5,83.61612857142858,58
9,40.0,33.11086309523809,89
