,real_%top,predicted_%top,index
0,7.0,25.778193452423206,10
1,99.95,100.04401064053424,11
2,97.5,98.65877025169782,19
3,99.0,78.83481889835188,26
4,94.0,86.79040478151592,35
5,99.5,92.77090561638892,37
6,31.5,19.339556410360707,39
7,59.5,64.4601960109219,56
8,96.5,91.0562276380502,60
9,95.5,97.9689947045532,85
