,real_%top,predicted_%top,index
0,99.7,94.00121817627169,7
1,54.0,57.55600469576827,31
2,82.0,99.49010177141288,39
3,15.0,31.4753795845379,42
4,99.5,98.72742625114884,49
5,96.5,87.62722662580546,61
6,85.0,97.99767449613316,65
7,78.0,76.28326504178861,73
8,96.0,99.5020774751809,79
9,39.5,47.89512158268534,93
