,real_%top,predicted_%top,index
0,99.7,93.13156647551196,7
1,54.0,64.73278108423527,31
2,82.0,84.92250007447353,39
3,15.0,10.841019809085266,42
4,99.5,98.49998992317502,49
5,96.5,92.28874878119191,61
6,85.0,89.96105240376045,65
7,78.0,78.04029589903625,73
8,96.0,87.14382280998844,79
9,39.5,46.63841851149214,93
