,real_%top,predicted_%top,index
0,7.0,25.5122751508939,10
1,99.95,94.4889720236449,11
2,97.5,95.30507189934998,19
3,99.0,74.39351245849797,26
4,94.0,80.38580210529526,35
5,99.5,86.16109190935029,37
6,31.5,28.205973087314142,39
7,59.5,66.13791289675076,56
8,96.5,86.46444247711935,60
9,95.5,98.37565564498775,85
