,real_%top,predicted_%top,index
0,99.7,85.85192364594468,7
1,54.0,71.13796747057766,31
2,82.0,76.04685701020472,39
3,15.0,19.985225567990657,42
4,99.5,96.23546401220037,49
5,96.5,89.07431664581334,61
6,85.0,90.22208139703436,65
7,78.0,69.66633965464362,73
8,96.0,86.9794600807453,79
9,39.5,65.50252061520351,93
