,real_%top,predicted_%top,index
0,7.0,21.523684288688834,10
1,99.95,89.36368362817733,11
2,97.5,97.78866239797998,19
3,99.0,86.62137075008324,26
4,94.0,85.82194225496727,35
5,99.5,89.18158625679875,37
6,31.5,22.74175979406581,39
7,59.5,80.03355021575645,56
8,96.5,86.10487731504607,60
9,95.5,96.27561034953611,85
