,real_%top,predicted_%top,index
0,91.4,77.97085588217736,3
1,99.0,96.82879285936237,14
2,23.0,22.687779326814518,23
3,98.5,90.37960348939032,25
4,99.0,94.71138593279348,49
5,88.0,90.85814601554503,61
6,91.0,91.45168444996266,65
7,99.5,91.24513262258014,79
8,99.0,76.0289594894976,81
9,48.5,71.30029531276371,93
10,21.5,22.59862929067827,95
