,real_%top,predicted_%top,index
0,82.0,91.95166421978156,38
1,98.5,91.89675859836487,46
2,8.0,23.559340420638307,63
3,85.0,78.01676440639322,64
4,81.5,85.34699699986416,70
5,78.0,84.3655690488429,72
6,98.5,93.79603000231205,84
7,98.0,93.82673992615528,86
8,20.0,4.873737733968682,94
9,9.0,16.433561709746968,97
