,real_%top,predicted_%top,index
0,82.0,91.96875,38
1,98.5,91.9140625,46
2,8.0,23.5859375,63
3,85.0,78.03125,64
4,81.5,85.359375,70
5,78.0,84.375,72
6,98.5,93.8125,84
7,98.0,93.84375,86
8,20.0,4.890625,94
9,9.0,16.453125,97
