,real_%top,predicted_%top,index
0,82.0,99.51497102039706,38
1,98.5,98.62860511661738,46
2,8.0,24.17423216859368,63
3,85.0,96.6528988922763,64
4,81.5,81.9570617253412,70
5,78.0,69.60705820518847,72
6,98.5,98.49914916090873,84
7,98.0,95.51418450332203,86
8,20.0,26.986624062784728,94
9,9.0,8.57838555936642,97
