,real_%top,predicted_%top,index
0,99.0,71.20687082115771,27
1,96.5,88.97696849844539,28
2,99.5,92.79034012779894,48
3,99.0,89.0825754824001,50
4,98.0,87.87862798427932,63
5,81.0,80.33600842514952,74
6,78.0,95.26455451842016,77
7,45.0,47.20704242364419,92
8,11.0,16.251949644301526,101
9,5.0,9.320682317841154,102
