,real_%top,predicted_%top,index
0,99.95,106.39960427182282,4
1,99.5,90.43874974833116,40
2,99.5,88.89994142068562,48
3,98.0,102.33979676664862,74
4,96.0,93.37575814757868,78
5,21.0,29.698506434917476,80
6,98.5,94.78814022630216,82
7,63.0,71.34938586960443,87
8,44.5,71.30897272160567,90
9,66.5,81.04391740128649,98
