,real_%top,predicted_%top,index
0,99.95,100.7966978756817,4
1,99.5,99.9682239323365,40
2,99.5,98.5326032565715,48
3,98.0,96.34360428780431,74
4,96.0,80.59190152409208,78
5,21.0,20.966231454758436,80
6,98.5,96.54935502275686,82
7,63.0,50.75073032355074,87
8,44.5,50.00813984622212,90
9,66.5,100.07809205916297,98
