,real_%top,predicted_%top,index
0,91.4,92.33043351400867,3
1,99.0,98.7532890770105,14
2,23.0,16.67585201557121,23
3,98.5,53.88073669236477,25
4,99.0,98.2680553332924,49
5,88.0,96.0732866192352,61
6,91.0,88.70361449151406,65
7,99.5,97.15163565613106,79
8,99.0,93.43291695193633,81
9,48.5,42.83447686163108,93
10,21.5,18.693450616554312,95
