,real_%top,predicted_%top,index
0,99.95,82.633934,4
1,98.45,82.63413,5
2,99.0,82.6,14
3,99.3,82.618935,16
4,99.5,82.68719,34
5,36.5,26.418966,42
6,97.0,82.700966,43
7,99.0,82.542244,81
8,98.5,82.562706,82
9,48.5,27.23039,93
10,6.5,26.274044,102
