,real_%top,predicted_%top,index
0,92.0,76.793846,1
1,99.95,76.77864,7
2,86.5,76.66306,21
3,10.0,49.584354,31
4,97.0,76.66157,43
5,99.5,76.67921,45
6,82.0,93.52441,51
7,68.5,76.68786,59
8,78.0,94.071396,76
9,45.5,56.659508,88
10,5.0,49.57329,101
