,real_%top,predicted_%top,index
0,92.0,89.633095,1
1,99.95,89.75761,7
2,86.5,89.61911,21
3,10.0,19.646833,31
4,97.0,89.77376,43
5,99.5,89.78528,45
6,82.0,89.63659,51
7,68.5,89.64798,59
8,78.0,89.61295,76
9,45.5,42.776546,88
10,5.0,23.615118,101
