,real_%top,predicted_%top,index
0,92.0,89.63314,1
1,99.95,89.75765,7
2,86.5,89.619156,21
3,10.0,19.646864,31
4,97.0,89.773796,43
5,99.5,89.78532,45
6,82.0,89.63663,51
7,68.5,89.64802,59
8,78.0,89.613,76
9,45.5,42.77651,88
10,5.0,23.615189,101
