,real_%top,predicted_%top,index
0,91.85,89.15951374539799,3
1,98.5,97.80663038199543,16
2,88.0,75.13394065657425,62
3,95.5,94.53575315517232,70
4,79.0,74.98460210598284,72
5,99.5,96.47940042399017,80
6,98.5,90.69704160434455,84
7,98.0,95.49999069541018,87
8,44.5,61.5443289309347,91
9,30.0,31.224822398313208,97
