,real_%top,predicted_%top,index
0,99.0,75.96239416324386,27
1,96.5,84.85461347359177,28
2,99.5,98.66373473708805,48
3,99.0,94.61674401718243,50
4,98.0,93.54153566076191,63
5,81.0,81.16455404799345,74
6,78.0,88.54236345323984,77
7,45.0,44.485925514914605,92
8,11.0,24.617821760434623,101
9,5.0,7.671579378659949,102
