,real_%top,predicted_%top,index
0,82.0,80.02202251170253,38
1,98.5,99.4860551228939,46
2,8.0,18.675428880318513,63
3,85.0,99.18574010275947,64
4,81.5,80.41829630152326,70
5,78.0,70.85210323400604,72
6,98.5,95.98480287132723,84
7,98.0,95.69540096731119,86
8,20.0,22.82197819490517,94
9,9.0,4.413768777266229,97
