,real_%top,predicted_%top,index
0,93.8,94.47634920634925,8
1,99.3,98.90678214285714,16
2,96.5,90.0437968253968,27
3,99.5,98.35344880952381,47
4,62.0,69.78479761904761,54
5,98.0,91.96563849206352,57
6,98.0,89.8969119047619,62
7,79.0,80.82564047619046,71
8,22.0,18.455017857142856,99
9,6.5,13.040035714285711,102
