,real_%top,predicted_%top,index
0,99.95,98.23616904761904,10
1,57.0,81.26483333333333,29
2,10.0,22.843779761904763,32
3,99.5,93.17308625541128,38
4,98.5,91.6709904761905,45
5,62.0,80.44654761904762,55
6,97.0,88.99530555555559,67
7,98.0,98.3289875,75
8,45.5,24.389160714285712,89
9,66.5,84.14201428571431,99
