,real_%top,predicted_%top,index
0,91.85,86.11184275838781,3
1,98.5,99.10956832713508,16
2,88.0,82.14664113285728,62
3,95.5,86.01207640366904,70
4,79.0,82.70062826608935,72
5,99.5,95.28530545064235,80
6,98.5,93.18692254373806,84
7,98.0,94.49841186055325,87
8,44.5,69.56782452548484,91
9,30.0,15.925798863116597,97
