,real_%top,predicted_%top,index
0,98.45,95.92785219453472,5
1,99.7,97.29430234841344,6
2,70.5,78.76499813682861,20
3,57.0,82.81633500610548,28
4,54.0,78.60543025354457,30
5,23.5,21.220087173579458,33
6,36.5,63.10844580817666,42
7,97.5,86.11427731813978,67
8,95.5,88.03012585997271,69
9,98.5,92.05583290304834,83
