,real_%top,predicted_%top,index
0,99.95,104.8531324909971,4
1,99.5,102.07064974657519,40
2,99.5,99.10430676441477,48
3,98.0,99.83822090197174,74
4,96.0,86.4458190426841,78
5,21.0,6.30003974294208,80
6,98.5,98.01371742610164,82
7,63.0,45.498346105911224,87
8,44.5,44.1705001638354,90
9,66.5,55.60449546453458,98
