,real_%top,predicted_%top,index
0,92.15,92.56579439157805,1
1,91.4,92.87225779578105,4
2,93.8,87.44463636383236,9
3,70.5,96.57691613936144,21
4,21.5,21.40097817850684,30
5,83.5,65.05582892670245,51
6,91.0,96.12281568329546,66
7,74.5,96.99999817481411,69
8,99.0,96.10346878284848,76
9,40.0,43.595865375269526,90
