,real_%top,predicted_%top,index
0,98.45,102.09345289552273,5
1,99.7,97.45182062697113,6
2,70.5,92.92885418343252,20
3,57.0,62.445291944794334,28
4,54.0,64.51798255615662,30
5,23.5,21.30991060931054,33
6,36.5,34.91318344419643,42
7,97.5,91.89150109449142,67
8,95.5,91.83216040255721,69
9,98.5,93.60432842714968,83
