,real_%top,predicted_%top,index
0,99.7,93.77651025669377,7
1,54.0,75.27405732306265,31
2,82.0,88.72833342353377,39
3,15.0,22.63578485736399,42
4,99.5,94.06425552232857,49
5,96.5,91.05130638928064,61
6,85.0,80.33506392318125,65
7,78.0,74.65857422800156,73
8,96.0,96.608150501818,79
9,39.5,77.71936713539729,93
