,real_%top,predicted_%top,index
0,7.0,25.008755422209376,10
1,99.95,91.3148179651639,11
2,97.5,92.46464343611756,19
3,99.0,87.12375198371886,26
4,94.0,86.30985707495547,35
5,99.5,91.06568542705149,37
6,31.5,23.339388108967064,39
7,59.5,75.08781884897653,56
8,96.5,88.96063331266261,60
9,95.5,95.80318406326859,85
