,real_%top,predicted_%top,index
0,99.95,98.67015380713826,10
1,57.0,85.05578339815195,29
2,10.0,10.613691545889452,32
3,99.5,100.73155471724667,38
4,98.5,93.02899438673396,45
5,62.0,76.4825613477185,55
6,97.0,82.96828115791308,67
7,98.0,102.5139848851542,75
8,45.5,-13.465835987548843,89
9,66.5,94.51117414007417,99
