,real_%top,predicted_%top,index
0,93.8,96.62560073302362,8
1,99.3,95.44723946780175,16
2,96.5,81.22446055374581,27
3,99.5,91.30369447798537,47
4,62.0,74.83235615388475,54
5,98.0,92.03619533158248,57
6,98.0,85.05158379349352,62
7,79.0,84.43759176731974,71
8,22.0,8.170525664583252,99
9,6.5,15.932295770412608,102
