,real_%top,predicted_%top,index
0,92.15,85.06910879198396,1
1,91.4,84.82047420029862,4
2,93.8,93.23152124634117,9
3,70.5,83.15850388147393,21
4,21.5,20.408235205750614,30
5,83.5,80.86880431612646,51
6,91.0,83.78481169483616,66
7,74.5,87.5105649282997,69
8,99.0,87.59512375294398,76
9,40.0,6.829568733438293,90
