,real_%top,predicted_%top,index
0,99.95,108.27271980520591,4
1,99.5,95.35297787818769,40
2,99.5,87.88627582433175,48
3,98.0,100.94599765312108,74
4,96.0,91.15610901942546,78
5,21.0,41.673546306750715,80
6,98.5,98.239288543438,82
7,63.0,68.81650851653079,87
8,44.5,68.62041331107599,90
9,66.5,83.14734771144013,98
