,real_%top,predicted_%top,index
0,93.8,96.48441790423625,8
1,99.3,98.84339659033772,16
2,96.5,94.06258251710446,27
3,99.5,96.15998400055827,47
4,62.0,78.6796753255731,54
5,98.0,88.71122185840473,57
6,98.0,88.88297163640453,62
7,79.0,80.63223632845911,71
8,22.0,21.95013315034638,99
9,6.5,20.580981245306976,102
