,real_%top,predicted_%top,index
0,99.95,95.71748130631627,10
1,57.0,80.66165373029746,29
2,10.0,23.29891616512573,32
3,99.5,90.60129289411574,38
4,98.5,91.4673390956266,45
5,62.0,80.30171670066042,55
6,97.0,92.11155896834933,67
7,98.0,93.77524956129399,75
8,45.5,20.557684722956783,89
9,66.5,92.43001947011328,99
