,real_%top,predicted_%top,index
0,7.0,15.363191459797532,11
1,99.75,101.73148423965354,13
2,99.9,98.70471903813474,18
3,98.5,95.91977685188694,26
4,94.0,91.59337292971708,36
5,99.5,98.28223726109988,41
6,99.5,98.23917726545703,46
7,96.5,91.12408743530895,54
8,62.5,54.37569884273271,56
9,21.5,11.194206231143356,96
10,22.0,22.474191446183124,100
