,real_%top,predicted_%top,index
0,91.85,60.91854073235106,2
1,99.75,100.1812967995204,12
2,51.5,94.85110158128428,22
3,64.0,67.40362204687106,32
4,96.5,99.21351287169469,52
5,97.0,97.80159398881065,66
6,99.0,88.89347549621465,75
7,97.0,88.73232275814074,77
8,39.5,48.51867453133651,92
9,30.0,8.91960417154763,96
10,11.0,31.166894586583965,100
