,real_%top,predicted_%top,index
0,92.0,87.759926,1
1,99.95,87.80342,7
2,86.5,87.549484,21
3,10.0,3.7951045,31
4,97.0,87.38358,43
5,99.5,87.75467,45
6,82.0,99.14026,51
7,68.5,87.49854,59
8,78.0,99.04217,76
9,45.5,62.743275,88
10,5.0,13.596463,101
