,real_%top,predicted_%top,index
0,99.95,91.06424,4
1,98.45,91.01741,5
2,99.0,91.069405,14
3,99.3,91.05597,16
4,99.5,91.05414,34
5,36.5,25.465893,42
6,97.0,91.17452,43
7,99.0,91.178604,81
8,98.5,91.19852,82
9,48.5,25.779453,93
10,6.5,25.540356,102
