,real_%top,predicted_%top,index
0,92.0,77.33955,1
1,99.95,77.333466,7
2,86.5,77.35253,21
3,10.0,18.952326,31
4,97.0,77.38731,43
5,99.5,77.242355,45
6,82.0,77.35205,51
7,68.5,77.35212,59
8,78.0,77.19966,76
9,45.5,27.560637,88
10,5.0,18.85653,101
