,real_%top,predicted_%top,index
0,92.0,77.33958,1
1,99.95,77.33349,7
2,86.5,77.352554,21
3,10.0,18.952314,31
4,97.0,77.38733,43
5,99.5,77.242386,45
6,82.0,77.35207,51
7,68.5,77.35214,59
8,78.0,77.199684,76
9,45.5,27.560633,88
10,5.0,18.856522,101
