,real_%top,predicted_%top,index
0,99.95,93.28633726721118,4
1,99.5,94.49979598920544,40
2,99.5,94.49979598920544,48
3,98.0,93.28633726721118,74
4,96.0,97.6661094275295,78
5,21.0,21.238068349835025,80
6,98.5,76.13386088061442,82
7,63.0,74.95202631017831,87
8,44.5,74.95202631017831,90
9,66.5,94.49979598920544,98
