,real_%top,predicted_%top,index
0,71.0,77.16855841251729,19
1,97.5,97.00149707047922,20
2,51.5,96.39559182972994,23
3,64.0,54.586742706709515,33
4,95.5,90.58946876548048,59
5,68.5,80.21110482732311,60
6,8.0,20.324421365759314,64
7,63.0,43.42420203035625,88
8,20.0,24.257967342900074,95
9,9.0,10.878958546433347,98
