,real_%top,predicted_%top,index
0,92.15,94.69098725698431,0
1,98.0,99.10197274127687,13
2,99.9,97.88032951592447,17
3,71.0,71.2415194516125,18
4,34.5,15.1483046939648,24
5,21.5,19.42044397943787,29
6,98.5,96.53813011768257,44
7,74.5,97.00000877194488,68
8,81.0,80.32954849327646,73
9,45.0,42.435583202307726,91
