,real_%top,predicted_%top,index
0,99.95,85.72594,4
1,99.5,85.16089,40
2,99.5,85.16565,48
3,98.0,85.39294,74
4,96.0,85.24841,78
5,21.0,84.71356,80
6,98.5,85.4243,82
7,63.0,24.969982,87
8,44.5,24.985323,90
9,66.5,84.86087,98
