,real_%top,predicted_%top,index
0,92.15,78.40736,0
1,91.4,78.4135,3
2,93.8,83.739456,8
3,70.5,81.37008,20
4,21.5,38.371056,29
5,83.5,82.60735,50
6,91.0,87.1851,65
7,74.5,86.20707,68
8,99.0,81.48352,75
9,40.0,34.635933,89
