,real_%top,predicted_%top,index
0,99.95,80.22487,4
1,99.5,80.35743,40
2,99.5,80.372826,48
3,98.0,90.93666,74
4,96.0,90.987045,78
5,21.0,91.12155,80
6,98.5,90.82403,82
7,63.0,79.953926,87
8,44.5,79.78687,90
9,66.5,77.11108,98
