,real_%top,predicted_%top,index
0,99.95,85.72591,4
1,99.5,85.16085,40
2,99.5,85.16563,48
3,98.0,85.3929,74
4,96.0,85.24838,78
5,21.0,84.71354,80
6,98.5,85.42427,82
7,63.0,24.969942,87
8,44.5,24.985281,90
9,66.5,84.860825,98
