,real_%top,predicted_%top,index
0,92.0,85.77001426876595,1
1,99.95,101.85565475389508,7
2,86.5,86.00508570640156,21
3,10.0,20.092834212066293,31
4,97.0,90.38719038810805,43
5,99.5,95.0634903575857,45
6,82.0,97.68412629401523,51
7,68.5,87.0960272083243,59
8,78.0,97.19343420675438,76
9,45.5,-16.846472748917066,88
10,5.0,16.710501121118497,101
