,real_%top,predicted_%top,index
0,99.95,104.07559388734894,5
1,98.45,91.94320148388067,6
2,99.0,96.98138481629383,15
3,99.3,96.99779382601113,17
4,99.5,98.9422354598837,35
5,36.5,53.2305224346346,43
6,97.0,82.50239874312095,44
7,99.0,82.65959404118746,82
8,98.5,91.5955329554285,83
9,48.5,68.10848190666749,94
10,6.5,17.83807664440677,103
