,real_%top,predicted_%top,index
0,99.95,97.85307279817815,5
1,98.45,97.85307279817815,6
2,99.0,99.95680683696992,15
3,99.3,97.85671325814012,17
4,99.5,87.29460561795175,35
5,36.5,34.49050658322784,43
6,97.0,91.01299102840966,44
7,99.0,85.07588854641331,82
8,98.5,91.77425612879877,83
9,48.5,42.21539145297399,94
10,6.5,9.322058964096742,103
