,real_%top,predicted_%top,index
0,92.0,85.3277777777779,1
1,99.95,93.7051724137931,7
2,86.5,85.3277777777779,21
3,10.0,16.25000000000002,31
4,97.0,85.3277777777779,43
5,99.5,93.7051724137931,45
6,82.0,85.3277777777779,51
7,68.5,85.3277777777779,59
8,78.0,85.3277777777779,76
9,45.5,16.250000042978062,88
10,5.0,16.777777777777793,101
