,real_%top,predicted_%top,index
0,92.0,81.45276785714286,2
1,99.95,95.55628809523814,8
2,99.95,94.30712599206349,12
3,34.5,26.537690476190473,25
4,23.5,18.788057539682534,34
5,89.5,87.09159642857138,37
6,31.5,22.266690476190476,40
7,82.0,85.04690238095236,52
8,59.5,64.19864880952382,57
9,81.5,87.91929523809523,71
10,98.5,96.84375000000001,85
