,real_%top,predicted_%top,index
0,91.4,84.6938654761905,3
1,99.0,98.83934444444441,14
2,23.0,25.149928571428568,23
3,98.5,92.49840714285712,25
4,99.0,95.76935833333332,49
5,88.0,82.86165238095236,61
6,91.0,92.90235714285714,65
7,99.5,95.4061845238095,79
8,99.0,90.14818333333335,81
9,48.5,48.23380357142855,93
10,21.5,19.430071428571424,95
