,real_%top,predicted_%top,index
0,82.0,92.45597595361416,38
1,98.5,96.70861699856685,46
2,8.0,22.234128677377818,63
3,85.0,79.75690544763603,64
4,81.5,72.39548705090534,70
5,78.0,72.39548705090534,72
6,98.5,93.98646007557572,84
7,98.0,94.13032253210469,86
8,20.0,21.964503791897684,94
9,9.0,21.92765896138098,97
