,real_%top,predicted_%top,index
0,92.0,76.40873251701413,1
1,99.95,95.02555313249297,7
2,86.5,94.37884622554814,21
3,10.0,23.202584297046343,31
4,97.0,82.19521357164261,43
5,99.5,95.50977784516351,45
6,82.0,94.3230395212875,51
7,68.5,93.9559246368388,59
8,78.0,96.39496939743631,76
9,45.5,23.202584297046343,88
10,5.0,23.202584297046343,101
