,real_%top,predicted_%top,index
0,99.95,94.07440220773978,5
1,98.45,83.84686384404397,6
2,99.0,97.40179632086512,15
3,99.3,97.40179632086512,17
4,99.5,91.24325329977671,35
5,36.5,24.40650490466481,43
6,97.0,75.9431845719985,44
7,99.0,75.61254055938036,82
8,98.5,95.42240734351051,83
9,48.5,74.98738893208609,94
10,6.5,22.265348041919705,103
