,real_%top,predicted_%top,index
0,91.85,88.4375,2
1,99.75,97.28125,12
2,51.5,85.625,22
3,64.0,81.96875,32
4,96.5,89.53125,52
5,97.0,83.75,66
6,99.0,88.375,75
7,97.0,98.78125,77
8,39.5,68.125,92
9,30.0,14.921875,96
10,11.0,16.078125,100
