,real_%top,predicted_%top,index
0,91.85,88.38079270600694,2
1,99.75,97.23016065592209,12
2,51.5,85.56134018133294,22
3,64.0,81.91176101681835,32
4,96.5,89.45649606336738,52
5,97.0,83.67118939742603,66
6,99.0,88.31944737796293,75
7,97.0,98.73160829537564,77
8,39.5,68.0548453004273,92
9,30.0,14.898727241122899,96
10,11.0,16.03350307254749,100
