,real_%top,predicted_%top,index
0,99.95,97.65060595238096,10
1,57.0,79.02684126984126,29
2,10.0,22.215440476190473,32
3,99.5,92.9209168831169,38
4,98.5,94.62330854978356,45
5,62.0,77.38129365079364,55
6,97.0,90.10099523809524,67
7,98.0,95.59325357142858,75
8,45.5,21.824976190476185,89
9,66.5,73.93946428571425,99
