,real_%top,predicted_%top,index
0,93.8,93.94940753968254,8
1,99.3,99.1465753968254,16
2,96.5,87.09310119047615,27
3,99.5,98.65559642857144,47
4,62.0,69.88279047619044,54
5,98.0,89.66533571428572,57
6,98.0,91.53332976190478,62
7,79.0,83.06399999999998,71
8,22.0,20.528630952380958,99
9,6.5,11.591803571428573,102
