,real_%top,predicted_%top,index
0,98.0,97.97657779127478,14
1,86.5,90.36933555998738,22
2,23.0,22.275443854563047,24
3,98.5,96.64648254523256,47
4,96.5,90.37410304613682,53
5,98.0,92.10591886663177,58
6,97.5,95.18325542553856,68
7,97.0,93.9831396788261,78
8,21.0,21.914939164808352,81
9,95.5,96.1762266805907,86
