,real_%top,predicted_%top,index
0,92.0,90.98382610327263,2
1,99.95,103.206566286337,8
2,99.95,102.74270982896198,12
3,34.5,26.20938339662434,25
4,23.5,10.993154461489244,34
5,89.5,90.22618291491715,37
6,31.5,23.690104741377752,40
7,82.0,84.33297472866815,52
8,59.5,63.46709565007859,57
9,81.5,86.01068565169766,71
10,98.5,96.90575461509216,85
