,real_%top,predicted_%top,index
0,91.4,92.12883259780037,3
1,99.0,98.91880056826197,14
2,23.0,7.214579406396465,23
3,98.5,92.85589546665297,25
4,99.0,99.73770294009718,49
5,88.0,81.61201063144412,61
6,91.0,89.6927189133242,65
7,99.5,96.26056524691552,79
8,99.0,94.17058906903202,81
9,48.5,42.290317070865505,93
10,21.5,9.79366908610988,95
