,real_%top,predicted_%top,index
0,92.0,93.1842772348814,2
1,99.95,101.54601787778553,8
2,99.95,101.80577619406564,12
3,34.5,29.74706152196689,25
4,23.5,17.432384155024053,34
5,89.5,85.10103329174842,37
6,31.5,19.841809822946328,40
7,82.0,86.41389571906817,52
8,59.5,61.53340601533114,57
9,81.5,92.19031800616463,71
10,98.5,97.75423206390042,85
