,real_%top,predicted_%top,index
0,91.4,94.57562974306538,3
1,99.0,97.83898533671514,14
2,23.0,3.540832063728507,23
3,98.5,80.79177829137079,25
4,99.0,98.34418121866955,49
5,88.0,77.46716565063727,61
6,91.0,87.5830532213425,65
7,99.5,98.77825416418136,79
8,99.0,95.2531049258807,81
9,48.5,42.454847706977326,93
10,21.5,11.314627347815373,95
