,real_%top,predicted_%top,index
0,99.0,86.22427234399584,27
1,96.5,91.25120204795203,28
2,99.5,93.55464187462863,48
3,99.0,93.36365702614381,50
4,98.0,86.38056363334375,63
5,81.0,76.81705848637088,74
6,78.0,94.94894312999094,77
7,45.0,73.76062531422826,92
8,11.0,20.688923947376153,101
9,5.0,19.24831143488864,102
