,real_%top,predicted_%top,index
0,82.0,92.63284443896472,38
1,98.5,97.07962857034117,46
2,8.0,19.799932715568747,63
3,85.0,86.3757999569525,64
4,81.5,75.11338231005105,70
5,78.0,73.2116263967027,72
6,98.5,94.15822792659698,84
7,98.0,94.15822792659698,86
8,20.0,20.746976907487937,94
9,9.0,19.089897181658213,97
