,real_%top,predicted_%top,index
0,99.95,105.23419321391286,5
1,98.45,92.77863516289798,6
2,99.0,99.61448444553469,15
3,99.3,99.61448444553469,17
4,99.5,106.65195991782089,35
5,36.5,16.352394330048106,43
6,97.0,95.88794845671708,44
7,99.0,99.01812481796647,82
8,98.5,96.1318497185426,83
9,48.5,45.092462007366315,94
10,6.5,5.661826953955842,103
