,real_%top,predicted_%top,index
0,92.0,90.07601988715382,1
1,99.95,97.2709622706511,7
2,86.5,77.95161856031467,21
3,10.0,22.48741021947186,31
4,97.0,81.0856350937195,43
5,99.5,98.30932514309832,45
6,82.0,80.8129540486272,51
7,68.5,91.96926327809734,59
8,78.0,97.2550760549912,76
9,45.5,24.162765420518088,88
10,5.0,7.2672566477319736,101
