,real_%top,predicted_%top,index
0,99.0,77.41749166666666,27
1,96.5,89.31976785714286,28
2,99.5,98.71706320346323,48
3,99.0,95.01007987012987,50
4,98.0,90.51925,63
5,81.0,78.39012380952381,74
6,78.0,95.87829523809528,77
7,45.0,55.83182305194806,92
8,11.0,26.160753968253974,101
9,5.0,13.274011904761903,102
