,real_%top,predicted_%top,index
0,82.0,87.82400357142853,38
1,98.5,96.7041857142857,46
2,8.0,17.15295833333333,63
3,85.0,90.05195555555554,64
4,81.5,78.43987460317462,70
5,78.0,73.97860992063494,72
6,98.5,96.48527380952385,84
7,98.0,96.36059523809524,86
8,20.0,20.753571428571426,94
9,9.0,12.683369047619045,97
