,real_%top,predicted_%top,index
0,71.0,86.80195,18
1,97.5,86.88291,19
2,51.5,86.92193,22
3,64.0,86.826805,32
4,95.5,86.852684,58
5,68.5,86.86549,59
6,8.0,86.67824,63
7,63.0,23.64487,87
8,20.0,22.726635,94
9,9.0,21.89992,97
