,real_%top,predicted_%top,index
0,92.15,90.154755,0
1,98.0,90.18171,13
2,99.9,90.19466,17
3,71.0,91.511154,18
4,34.5,42.101315,24
5,21.5,12.273837,29
6,98.5,90.63584,44
7,74.5,90.90106,68
8,81.0,90.019104,73
9,45.0,46.611263,91
