,real_%top,predicted_%top,index
0,92.15,78.25692,0
1,98.0,78.2594,13
2,99.9,78.25079,17
3,71.0,78.25049,18
4,34.5,79.01188,24
5,21.5,19.407677,29
6,98.5,78.22125,44
7,74.5,78.19441,68
8,81.0,95.435074,73
9,45.0,78.21213,91
