,real_%top,predicted_%top,index
0,93.8,96.75788610946219,8
1,99.3,96.38376593843881,16
2,96.5,83.50176564017453,27
3,99.5,92.74642428549639,47
4,62.0,75.4302831700429,54
5,98.0,87.97313126386953,57
6,98.0,82.80258335663935,62
7,79.0,86.26400525488869,71
8,22.0,10.413401182083064,99
9,6.5,15.961644897221944,102
