,real_%top,predicted_%top,index
0,99.95,97.4880772735128,10
1,57.0,87.3397760771661,29
2,10.0,13.265788212594458,32
3,99.5,100.55639384724161,38
4,98.5,94.38163396803701,45
5,62.0,77.06502223699684,55
6,97.0,82.6913817276159,67
7,98.0,99.1819923051647,75
8,45.5,-13.39733559786822,89
9,66.5,88.9864971903401,99
