,real_%top,predicted_%top,index
0,99.7,90.71115357142853,7
1,54.0,84.40839047619045,31
2,82.0,88.38822857142858,39
3,15.0,18.03711111111111,42
4,99.5,97.74754166666669,49
5,96.5,93.64822976190477,61
6,85.0,91.48159523809524,65
7,78.0,86.12309761904763,73
8,96.0,93.26632182539684,79
9,39.5,51.540730158730156,93
