,real_%top,predicted_%top,index
0,7.0,18.13109126984127,10
1,99.95,94.40074166666673,11
2,97.5,95.38499285714286,19
3,99.0,87.3363166666667,26
4,94.0,83.83121190476191,35
5,99.5,96.17303928571424,37
6,31.5,20.616821428571424,39
7,59.5,67.11244047619049,56
8,96.5,92.2166738095238,60
9,95.5,97.11058333333332,85
