,real_%top,predicted_%top,index
0,92.15,80.70833333333333,0
1,98.0,94.2740740740741,13
2,99.9,94.2740740740741,17
3,71.0,86.90357142857141,18
4,34.5,36.49999999999979,24
5,21.5,20.00000000000004,29
6,98.5,80.70833333333333,44
7,74.5,94.2740740740741,68
8,81.0,80.70833333333333,73
9,45.0,48.87500000000002,91
