,real_%top,predicted_%top,index
0,71.0,89.42911842045982,19
1,97.5,88.01264603312625,20
2,51.5,94.88504981573946,23
3,64.0,67.09732453308547,33
4,95.5,97.95048392404914,59
5,68.5,81.51739121904397,60
6,8.0,23.737501874235598,64
7,63.0,56.753552592480006,88
8,20.0,21.722439250114196,95
9,9.0,29.962540077728466,98
