,real_%top,predicted_%top,index
0,99.95,96.82560361607148,9
1,98.5,96.82560361607148,15
2,99.5,95.25258645364373,34
3,89.5,82.33043039797397,36
4,15.0,20.0409479822609,41
5,83.5,82.33043039797397,50
6,96.5,77.88972586193023,53
7,62.5,79.79159508664056,55
8,95.5,95.25258645364373,58
9,40.0,25.574475637339248,89
