,real_%top,predicted_%top,index
0,98.0,97.09674817010331,14
1,86.5,82.81462485384493,22
2,23.0,18.829170484025397,24
3,98.5,90.60899594342735,47
4,96.5,90.60899594342735,53
5,98.0,95.59106156211621,58
6,97.5,90.60899594342735,68
7,97.0,97.09674817010331,78
8,21.0,18.829170484025397,81
9,95.5,97.09674817010331,86
