,real_%top,predicted_%top,index
0,99.95,94.65313621892582,9
1,98.5,97.32532278805407,15
2,99.5,94.1261645823962,34
3,89.5,94.1261645823962,36
4,15.0,20.683385977293778,41
5,83.5,76.81379093733146,50
6,96.5,94.13421070901508,53
7,62.5,72.3861273077872,55
8,95.5,79.5197637838734,58
9,40.0,21.96761800343757,89
