,real_%top,predicted_%top,index
0,98.0,96.39838951047946,14
1,86.5,90.13182386967213,22
2,23.0,21.34179629950765,24
3,98.5,95.0011139733673,47
4,96.5,93.83001254262241,53
5,98.0,90.15471816269336,58
6,97.5,93.41572628197372,68
7,97.0,91.79888528625493,78
8,21.0,21.19952357223492,81
9,95.5,94.75047935367506,86
