,real_%top,predicted_%top,index
0,93.8,76.9822770544826,8
1,99.3,96.7097872601221,16
2,96.5,92.91342289452898,27
3,99.5,100.06772420673468,47
4,62.0,58.46874409969833,54
5,98.0,94.7905072681863,57
6,98.0,95.7770066784614,62
7,79.0,84.54314901874118,71
8,22.0,15.613084248015152,99
9,6.5,4.616346882621415,102
