,real_%top,predicted_%top,index
0,99.95,100.13996255052542,10
1,57.0,87.2223880063613,29
2,10.0,18.575274887971265,32
3,99.5,94.37107483021771,38
4,98.5,96.76988534157294,45
5,62.0,80.71426200515138,55
6,97.0,74.86734162520793,67
7,98.0,98.282784365417,75
8,45.5,24.948150305392737,89
9,66.5,99.35183952053295,99
