,real_%top,predicted_%top,index
0,98.45,97.74166666666665,5
1,99.7,84.53461538461536,6
2,70.5,97.74166666666665,20
3,57.0,84.53461538461536,28
4,54.0,86.43461538461537,30
5,23.5,14.166666666666671,33
6,36.5,34.50000000000006,42
7,97.5,93.73965517241378,67
8,95.5,93.73965517241378,69
9,98.5,93.73965517241378,83
