,real_%top,predicted_%top,index
0,91.85,90.11130623390831,3
1,98.5,99.46093832509999,16
2,88.0,97.19331930576863,62
3,95.5,100.6540238070383,70
4,79.0,79.03026433481979,72
5,99.5,96.05385237126234,80
6,98.5,98.48134447303181,84
7,98.0,98.48134447303181,87
8,44.5,67.00223636084652,91
9,30.0,8.937290338433233,97
