,real_%top,predicted_%top,index
0,99.95,98.55320737148858,9
1,98.5,98.8931876329678,15
2,99.5,100.5455080976669,34
3,89.5,72.68460890080264,36
4,15.0,9.38832978374673,41
5,83.5,70.93415291514302,50
6,96.5,95.12626927311688,53
7,62.5,57.69813930655279,55
8,95.5,74.55290555481018,58
9,40.0,46.11190772092148,89
