,real_%top,predicted_%top,index
0,71.0,71.20930733590184,19
1,97.5,91.48523605756111,20
2,51.5,81.07294848529125,23
3,64.0,77.48316694255963,33
4,95.5,80.96636932800385,59
5,68.5,86.40546592194498,60
6,8.0,28.75559881543895,64
7,63.0,67.38061853421159,88
8,20.0,7.566991255106174,95
9,9.0,23.955625666667032,98
