,real_%top,predicted_%top,index
0,92.0,83.51666666666665,1
1,99.95,93.68333333333332,7
2,86.5,83.51666666666665,21
3,10.0,18.666666666666686,31
4,97.0,83.51666666666665,43
5,99.5,93.68333333333332,45
6,82.0,83.51666666666665,51
7,68.5,83.51666666666665,59
8,78.0,83.51666666666665,76
9,45.5,18.666666666666686,88
10,5.0,17.000000000000043,101
