,real_%top,predicted_%top,index
0,99.95,99.37983423525976,5
1,98.45,99.37983423525976,6
2,99.0,99.23508718260605,15
3,99.3,97.86979235960945,17
4,99.5,87.33341104098587,35
5,36.5,34.493628924796674,43
6,97.0,91.16917638660894,44
7,99.0,86.54510352304682,82
8,98.5,92.94657556892355,83
9,48.5,42.232263911366275,94
10,6.5,19.15545387459076,103
