,real_%top,predicted_%top,index
0,93.8,97.35455853236495,8
1,99.3,95.37323894463938,16
2,96.5,82.74074681499476,27
3,99.5,90.14123226680405,47
4,62.0,73.62037712980253,54
5,98.0,92.38695073609102,57
6,98.0,84.24746936876905,62
7,79.0,84.41651612675072,71
8,22.0,12.096018437009377,99
9,6.5,18.044728640673284,102
