,real_%top,predicted_%top,index
0,93.8,97.21875,8
1,99.3,95.25,16
2,96.5,82.65625,27
3,99.5,90.0,47
4,62.0,73.46875,54
5,98.0,92.28125,57
6,98.0,84.09375,62
7,79.0,84.3125,71
8,22.0,12.0,99
9,6.5,17.96875,102
