,real_%top,predicted_%top,index
0,92.15,69.97061570366371,0
1,98.0,97.45799040634648,13
2,99.9,97.45799040634648,17
3,71.0,83.19464807282928,18
4,34.5,27.723082343422632,24
5,21.5,20.49915104944081,29
6,98.5,80.37682335765305,44
7,74.5,91.58378796536624,68
8,81.0,80.37682335765305,73
9,45.0,69.97061570366371,91
