,real_%top,predicted_%top,index
0,99.95,98.21670714285715,9
1,98.5,98.58003928571428,15
2,99.5,95.02170183982686,34
3,89.5,85.6379292207792,36
4,15.0,17.301801587301586,41
5,83.5,71.90647500000001,50
6,96.5,87.41724404761908,53
7,62.5,64.36699007936507,55
8,95.5,83.17835714285712,58
9,40.0,32.34186904761904,89
