,real_%top,predicted_%top,index
0,91.4,89.47419039804444,3
1,99.0,98.36969393597728,14
2,23.0,27.967826403847724,23
3,98.5,92.41094631663292,25
4,99.0,90.36101474005501,49
5,88.0,81.53073820387817,61
6,91.0,85.83036614654804,65
7,99.5,97.63226270006663,79
8,99.0,93.22403145681217,81
9,48.5,45.573858859835404,93
10,21.5,10.596297197292603,95
