,real_%top,predicted_%top,index
0,92.0,89.37406575664365,2
1,99.95,99.97327115332486,8
2,99.95,113.66298806250708,12
3,34.5,18.325105757271416,25
4,23.5,14.623500276834077,34
5,89.5,86.3852401464775,37
6,31.5,31.05246971308204,40
7,82.0,95.38331478290368,52
8,59.5,64.43328467589667,57
9,81.5,91.39637640793968,71
10,98.5,96.74717597365107,85
