,real_%top,predicted_%top,index
0,7.0,24.10286555578924,10
1,99.95,92.56394736250593,11
2,97.5,97.54888765886894,19
3,99.0,88.23681426628927,26
4,94.0,84.05798513986014,35
5,99.5,86.07637977439228,37
6,31.5,23.812224938073633,39
7,59.5,78.41892311577311,56
8,96.5,90.50762571525695,60
9,95.5,96.66638149930134,85
