,real_%top,predicted_%top,index
0,91.4,84.80728646536782,3
1,99.0,99.42850750766671,14
2,23.0,27.03504485092224,23
3,98.5,89.86207751702072,25
4,99.0,89.86207751702072,49
5,88.0,88.65629314060563,61
6,91.0,90.64628532651497,65
7,99.5,95.86428175437189,79
8,99.0,94.42240767361008,81
9,48.5,67.11290476102423,93
10,21.5,-6.352699713665473,95
