,real_%top,predicted_%top,index
0,99.95,94.26447762244638,9
1,98.5,98.52913245764387,15
2,99.5,90.83799433689158,34
3,89.5,88.94503622858475,36
4,15.0,22.41176553634274,41
5,83.5,79.07616562028659,50
6,96.5,89.57068033800135,53
7,62.5,68.32995435259186,55
8,95.5,83.23173659879636,58
9,40.0,22.37174468219688,89
