,real_%top,predicted_%top,index
0,98.0,98.0350590064691,14
1,86.5,88.1866617461787,22
2,23.0,22.256837764114966,24
3,98.5,94.8476360392832,47
4,96.5,88.77217596422757,53
5,98.0,88.54329113137685,58
6,97.5,91.25529920830805,68
7,97.0,94.37488533844038,78
8,21.0,21.128113155390366,81
9,95.5,96.25977641541894,86
