,real_%top,predicted_%top,index
0,99.95,89.17761,9
1,98.5,89.16253,15
2,99.5,89.14842,34
3,89.5,89.10867,36
4,15.0,26.363785,41
5,83.5,97.88869,50
6,96.5,97.86694,53
7,62.5,86.13942,55
8,95.5,89.17038,58
9,40.0,89.89774,89
