,real_%top,predicted_%top,index
0,99.95,85.46005,9
1,98.5,85.45487,15
2,99.5,86.0884,34
3,89.5,86.00059,36
4,15.0,84.81843,41
5,83.5,86.72972,50
6,96.5,87.66609,53
7,62.5,48.33182,55
8,95.5,87.75312,58
9,40.0,35.091705,89
