,real_%top,predicted_%top,index
0,98.0,95.1872,13
1,86.5,95.19477,21
2,23.0,25.452497,23
3,98.5,95.188614,46
4,96.5,95.19358,52
5,98.0,95.17281,57
6,97.5,95.17395,67
7,97.0,95.18177,77
8,21.0,95.00078,80
9,95.5,95.18007,85
