,real_%top,predicted_%top,index
0,99.95,85.4599,9
1,98.5,85.45471,15
2,99.5,86.08825,34
3,89.5,86.000435,36
4,15.0,84.818275,41
5,83.5,86.72958,50
6,96.5,87.66595,53
7,62.5,48.33158,55
8,95.5,87.752975,58
9,40.0,35.091854,89
