,real_%top,predicted_%top,index
0,91.4,83.25542208673855,3
1,99.0,98.67742608483663,14
2,23.0,18.398536834887395,23
3,98.5,81.51753775919492,25
4,99.0,93.84894784714385,49
5,88.0,84.48303082245276,61
6,91.0,85.85947077597771,65
7,99.5,91.8341714051469,79
8,99.0,84.48296052295656,81
9,48.5,71.18052738942859,93
10,21.5,5.885590153740338,95
