,real_%top,predicted_%top,index
0,91.4,83.28125,3
1,99.0,98.6875,14
2,23.0,18.4375,23
3,98.5,81.53125,25
4,99.0,93.875,49
5,88.0,84.5,61
6,91.0,85.875,65
7,99.5,91.84375,79
8,99.0,84.5,81
9,48.5,71.1875,93
10,21.5,5.90625,95
