,real_%top,predicted_%top,index
0,99.95,94.81177319546829,5
1,98.45,85.40331056480748,6
2,99.0,96.98146460448322,15
3,99.3,96.98146460448322,17
4,99.5,93.72307890160529,35
5,36.5,20.984260054967613,43
6,97.0,78.90776522501714,44
7,99.0,76.74009570440703,82
8,98.5,90.39484589060221,83
9,48.5,75.19858661711918,94
10,6.5,20.21826646522403,103
