,real_%top,predicted_%top,index
0,92.0,77.66459376789774,1
1,99.95,95.41529720742308,7
2,86.5,94.37275277714443,21
3,10.0,20.203787462476196,31
4,97.0,85.01027696930474,43
5,99.5,95.11155536962768,45
6,82.0,94.33399787518366,51
7,68.5,92.383312195192,59
8,78.0,96.14832469946941,76
9,45.5,20.203787462476196,88
10,5.0,20.203787462476196,101
