,real_%top,predicted_%top,index
0,92.0,76.89256837902431,1
1,99.95,95.31709036700106,7
2,86.5,94.30305594787704,21
3,10.0,20.17591483539657,31
4,97.0,78.7835501860808,43
5,99.5,96.26682459680177,45
6,82.0,94.4046072313311,51
7,68.5,94.19965735987358,59
8,78.0,97.1276029479186,76
9,45.5,20.168831319953675,88
10,5.0,20.14280659467895,101
