,real_%top,predicted_%top,index
0,99.0,78.78682380952382,27
1,96.5,86.21254999999998,28
2,99.5,97.8852619047619,48
3,99.0,96.43443809523814,50
4,98.0,91.0881011904762,63
5,81.0,76.69824880952383,74
6,78.0,97.29310416666667,77
7,45.0,54.97797857142857,92
8,11.0,25.334446428571436,101
9,5.0,9.77822619047619,102
