,real_%top,predicted_%top,index
0,82.0,89.54472142857146,38
1,98.5,98.0936738095238,46
2,8.0,20.585916666666673,63
3,85.0,90.27740753968256,64
4,81.5,79.94230357142857,70
5,78.0,75.12404166666666,72
6,98.5,96.43796666666664,84
7,98.0,96.05591666666665,86
8,20.0,19.242660714285716,94
9,9.0,13.961535714285715,97
