,real_%top,predicted_%top,index
0,7.0,40.33784928257908,10
1,99.95,88.73781470826032,11
2,97.5,80.53557235216287,19
3,99.0,65.68679946162075,26
4,94.0,87.80868799944275,35
5,99.5,96.81314555729678,37
6,31.5,30.907974021355678,39
7,59.5,73.99805349644974,56
8,96.5,91.46427937763319,60
9,95.5,94.43084705185845,85
