,real_%top,predicted_%top,index
0,99.7,98.83127555668099,7
1,54.0,90.58974676716633,31
2,82.0,95.59538450151881,39
3,15.0,24.599457591095458,42
4,99.5,95.60074433441683,49
5,96.5,88.6537714656343,61
6,85.0,80.38309563615215,65
7,78.0,89.1985980460912,73
8,96.0,94.20423578044368,79
9,39.5,57.08836754117979,93
