,real_%top,predicted_%top,index
0,99.95,99.01025044387801,10
1,57.0,77.89525176433044,29
2,10.0,25.085414204423028,32
3,99.5,87.38841370161707,38
4,98.5,88.56016826788412,45
5,62.0,85.436161979687,55
6,97.0,91.97977598888043,67
7,98.0,97.28271467197021,75
8,45.5,23.834853417987244,89
9,66.5,95.76442567159151,99
