,real_%top,predicted_%top,index
0,93.8,84.87111819324467,8
1,99.3,98.1514764545095,16
2,96.5,91.69678729593852,27
3,99.5,97.82463745488901,47
4,62.0,84.17351762192057,54
5,98.0,90.3027228372526,57
6,98.0,90.49473432058137,62
7,79.0,79.32893387862138,71
8,22.0,20.613139079466283,99
9,6.5,17.793698353525556,102
