,real_%top,predicted_%top,index
0,92.0,80.69600504062927,2
1,99.95,94.86918996379441,8
2,99.95,93.7459993821538,12
3,34.5,23.676779258486608,25
4,23.5,22.79700027341939,34
5,89.5,68.95754680527803,37
6,31.5,20.650999266256626,40
7,82.0,75.6913761745199,52
8,59.5,83.45834927972354,57
9,81.5,74.31279175648694,71
10,98.5,96.32100062035487,85
