,real_%top,predicted_%top,index
0,91.4,73.96898623715464,3
1,99.0,98.53829937807289,14
2,23.0,24.04489987912416,23
3,98.5,96.90964774518781,25
4,99.0,97.22703401790204,49
5,88.0,86.77208691920826,61
6,91.0,89.53425097949439,65
7,99.5,95.31774198566956,79
8,99.0,93.8604686340212,81
9,48.5,62.423110920804355,93
10,21.5,20.57806400747945,95
