,real_%top,predicted_%top,index
0,92.15,87.36136363636362,1
1,91.4,87.36136363636362,4
2,93.8,87.36136363636362,9
3,70.5,87.36136363636362,21
4,21.5,16.966666666666782,30
5,83.5,87.36136363636362,51
6,91.0,87.36136363636362,66
7,74.5,87.36136363636362,69
8,99.0,87.36136363636362,76
9,40.0,36.50000000000025,90
