,real_%top,predicted_%top,index
0,99.95,94.43821285499403,4
1,99.5,88.23501267085351,40
2,99.5,88.23501267085351,48
3,98.0,91.28328151274278,74
4,96.0,95.79580151272101,78
5,21.0,34.33308152611863,80
6,98.5,99.74529738072239,82
7,63.0,69.07801684559215,87
8,44.5,69.07801684559215,90
9,66.5,77.0137280148795,98
