,real_%top,predicted_%top,index
0,91.85,74.53579984644587,2
1,99.75,102.1627931214504,12
2,51.5,91.28359277096854,22
3,64.0,78.1630967475727,32
4,96.5,99.58434600627112,52
5,97.0,86.77622617439756,66
6,99.0,90.50424617593985,75
7,97.0,94.87774485040514,77
8,39.5,69.6413472363297,92
9,30.0,12.509336034499427,96
10,11.0,15.990346481708741,100
