,real_%top,predicted_%top,index
0,7.0,17.346153846153967,11
1,99.75,86.53863636363633,13
2,99.9,86.53863636363633,18
3,98.5,86.53863636363633,26
4,94.0,86.53863636363633,36
5,99.5,86.53863636363633,41
6,99.5,86.53863636363633,46
7,96.5,86.53863636363633,54
8,62.5,86.53863636363633,56
9,21.5,17.34615384615408,96
10,22.0,17.34615384615408,100
