,real_%top,predicted_%top,index
0,92.15,81.9230769230769,0
1,98.0,94.36379310344826,13
2,99.9,94.36379310344826,17
3,71.0,85.36499999999998,18
4,34.5,36.50000000000005,24
5,21.5,21.00000000000003,29
6,98.5,81.9230769230769,44
7,74.5,94.36379310344826,68
8,81.0,81.9230769230769,73
9,45.0,48.87500000000002,91
