,real_%top,predicted_%top,index
0,71.0,57.09075316468326,19
1,97.5,82.25125051508884,20
2,51.5,95.80237944626533,23
3,64.0,72.59516794484158,33
4,95.5,97.97102762820542,59
5,68.5,61.71738387230186,60
6,8.0,23.71548409207265,64
7,63.0,65.88632786106801,88
8,20.0,25.437169323859575,95
9,9.0,29.97112521026692,98
