,real_%top,predicted_%top,index
0,91.85,84.50478286997956,2
1,99.75,95.39750243245042,12
2,51.5,87.0097376070227,22
3,64.0,83.7601206104649,32
4,96.5,91.14513094261679,52
5,97.0,83.87915536663839,66
6,99.0,89.4389081596375,75
7,97.0,98.82347039805508,77
8,39.5,66.9656228002082,92
9,30.0,16.007608316943006,96
10,11.0,14.16469447198429,100
