,real_%top,predicted_%top,index
0,7.0,23.5991153571122,11
1,99.75,80.83733285004757,13
2,99.9,97.68359560867297,18
3,98.5,92.5391269198514,26
4,94.0,95.02666544170174,36
5,99.5,92.5391269198514,41
6,99.5,92.5391269198514,46
7,96.5,81.25917699927898,54
8,62.5,80.83733285004757,56
9,21.5,23.5991153571122,96
10,22.0,23.5991153571122,100
