,real_%top,predicted_%top,index
0,91.85,72.52371208602503,2
1,99.75,73.95544335210316,12
2,51.5,94.5409971764943,22
3,64.0,76.30612353758069,32
4,96.5,94.5409971764943,52
5,97.0,94.5409971764943,66
6,99.0,94.98772495665901,75
7,97.0,97.58411470328625,77
8,39.5,72.52371208602503,92
9,30.0,20.131902529442662,96
10,11.0,20.321621829586956,100
