,real_%top,predicted_%top,index
0,7.0,20.642295350274235,10
1,99.95,82.96359545441263,11
2,97.5,90.35587930039713,19
3,99.0,81.1412215233494,26
4,94.0,77.88902686492732,35
5,99.5,89.24497323504693,37
6,31.5,20.712482850274238,39
7,59.5,75.12726746218014,56
8,96.5,88.07420340709282,60
9,95.5,96.91757062453917,85
