,real_%top,predicted_%top,index
0,99.7,90.86884075781605,7
1,54.0,82.21024568083728,31
2,82.0,88.90569344355669,39
3,15.0,22.205811432431076,42
4,99.5,95.28360376578857,49
5,96.5,86.29571720464315,61
6,85.0,80.4711956354649,65
7,78.0,78.81469063270623,73
8,96.0,88.50971518300268,79
9,39.5,71.7699706703492,93
