,real_%top,predicted_%top,index
0,92.15,95.37794656344126,1
1,91.4,93.8811723388829,4
2,93.8,76.48491347907793,9
3,70.5,87.3604022011621,21
4,21.5,18.490996695623732,30
5,83.5,71.3514414254527,51
6,91.0,94.1693047792632,66
7,74.5,97.16109610648371,69
8,99.0,101.60566700618794,76
9,40.0,47.34701084997547,90
