,real_%top,predicted_%top,index
0,99.95,106.57911997166345,4
1,99.5,101.60440144918172,40
2,99.5,99.19747683741139,48
3,98.0,98.16998106671834,74
4,96.0,90.49804737265069,78
5,21.0,21.501178038021976,80
6,98.5,95.01093655275179,82
7,63.0,49.66114064603567,87
8,44.5,50.701166305110426,90
9,66.5,96.2887999972628,98
