,real_%top,predicted_%top,index
0,7.0,21.14781803086834,11
1,99.75,93.14323766522902,13
2,99.9,98.19064457257564,18
3,98.5,94.13875208876978,26
4,94.0,82.36976718244601,36
5,99.5,94.17675217226471,41
6,99.5,96.73067000950199,46
7,96.5,91.72453419127001,54
8,62.5,75.15287624897455,56
9,21.5,21.14781803086834,96
10,22.0,21.14781803086834,100
