,real_%top,predicted_%top,index
0,98.45,92.85219197264661,5
1,99.7,97.09103559601209,6
2,70.5,80.61165872305509,20
3,57.0,85.220589640708,28
4,54.0,83.6079815421262,30
5,23.5,13.94556859680857,33
6,36.5,66.84469161451258,42
7,97.5,86.41425498723643,67
8,95.5,87.45769547384131,69
9,98.5,94.5426052325174,83
