,real_%top,predicted_%top,index
0,91.85,83.32304744924356,3
1,98.5,99.31572265861564,16
2,88.0,82.76011300704778,62
3,95.5,87.67901194614674,70
4,79.0,80.19039532947389,72
5,99.5,95.565854573684,80
6,98.5,92.83909944447566,84
7,98.0,94.54332140023088,87
8,44.5,67.45533809437838,91
9,30.0,18.178284812959888,97
