,real_%top,predicted_%top,index
0,99.95,96.83041547619048,9
1,98.5,98.55300833333337,15
2,99.5,96.75014087301588,34
3,89.5,86.8701595238095,36
4,15.0,15.600773809523817,41
5,83.5,73.98305119047619,50
6,96.5,96.07706329365077,53
7,62.5,64.59947063492064,55
8,95.5,86.15750144300142,58
9,40.0,33.47291865079365,89
