,real_%top,predicted_%top,index
0,98.0,98.6936531746032,14
1,86.5,81.48965595238096,22
2,23.0,32.08020238095238,24
3,98.5,97.74727976190478,47
4,96.5,87.13402142857147,53
5,98.0,91.57375714285716,58
6,97.5,91.65967857142856,68
7,97.0,94.08362242063491,78
8,21.0,24.53370238095238,81
9,95.5,97.95865119047619,86
