,real_%top,predicted_%top,index
0,91.85,77.9274888343324,2
1,99.75,96.79614174753142,12
2,51.5,95.02487544821966,22
3,64.0,74.66641848572849,32
4,96.5,94.92308837937553,52
5,97.0,91.18321597557637,66
6,99.0,81.465657074822,75
7,97.0,91.69826117067103,77
8,39.5,80.68929079780182,92
9,30.0,21.101368720622435,96
10,11.0,21.101368720622435,100
