,real_%top,predicted_%top,index
0,99.95,97.67608621271505,10
1,57.0,71.15230610535848,29
2,10.0,22.757943042378738,32
3,99.5,86.24273982489562,38
4,98.5,96.52069205396663,45
5,62.0,83.2231102848007,55
6,97.0,94.88154720930493,67
7,98.0,98.98071049532587,75
8,45.5,10.342627964671951,89
9,66.5,94.8400845273363,99
