,real_%top,predicted_%top,index
0,92.0,83.57026257360648,1
1,99.95,103.52874492483896,7
2,86.5,81.63021881809988,21
3,10.0,14.674270033078258,31
4,97.0,84.51718411218219,43
5,99.5,92.54347430502463,45
6,82.0,98.31187485639762,51
7,68.5,87.83286497367489,59
8,78.0,96.58387820678153,76
9,45.5,-11.483096276287853,88
10,5.0,16.409361635539554,101
