,real_%top,predicted_%top,index
0,92.0,83.53125,1
1,99.95,103.46875,7
2,86.5,81.5625,21
3,10.0,14.625,31
4,97.0,84.46875,43
5,99.5,92.5,45
6,82.0,98.25,51
7,68.5,87.78125,59
8,78.0,96.53125,76
9,45.5,-11.53125,88
10,5.0,16.375,101
