,real_%top,predicted_%top,index
0,7.0,21.507727020890997,10
1,99.95,82.67997956237649,11
2,97.5,89.00839751859246,19
3,99.0,81.25673475543445,26
4,94.0,76.6656521760823,35
5,99.5,90.21889145106292,37
6,31.5,21.507727020890997,39
7,59.5,72.87518567216907,56
8,96.5,88.74032068923447,60
9,95.5,95.67334746522283,85
