,real_%top,predicted_%top,index
0,92.15,94.12494374630127,0
1,98.0,97.82402614978132,13
2,99.9,96.85466663085417,17
3,71.0,83.67540321936877,18
4,34.5,17.54711784907417,24
5,21.5,13.268030599211313,29
6,98.5,93.57088819246339,44
7,74.5,97.03807324653089,68
8,81.0,81.87710881943889,73
9,45.0,45.07581138431459,91
