,real_%top,predicted_%top,index
0,71.0,84.59348414332128,19
1,97.5,87.45728066174216,20
2,51.5,84.461898937508,23
3,64.0,59.545445085591936,33
4,95.5,87.12955721207757,59
5,68.5,89.77508628819629,60
6,8.0,18.884073455075992,64
7,63.0,45.205559517396736,88
8,20.0,20.252838762276927,95
9,9.0,4.699859684953295,98
