,real_%top,predicted_%top,index
0,71.0,84.57518317701141,19
1,97.5,88.2429528615338,20
2,51.5,81.1568599019185,23
3,64.0,57.565784741420025,33
4,95.5,90.13803118519387,59
5,68.5,88.02309883261522,60
6,8.0,22.809458346245155,64
7,63.0,44.75783000924803,88
8,20.0,22.839194498046076,95
9,9.0,10.852306890498301,98
