,real_%top,predicted_%top,index
0,98.45,86.49487261066902,5
1,99.7,90.45008126488452,6
2,70.5,86.77886392909191,20
3,57.0,79.96138572483274,28
4,54.0,82.40695423735524,30
5,23.5,19.921372620311864,33
6,36.5,23.068347905092438,42
7,97.5,93.0544903468361,67
8,95.5,93.0544903468361,69
9,98.5,93.76903437043843,83
