,real_%top,predicted_%top,index
0,92.0,79.21851181093936,2
1,99.95,95.38486522858605,8
2,99.95,107.05760045674937,12
3,34.5,10.717224757511293,25
4,23.5,19.559444068457765,34
5,89.5,83.21119370392915,37
6,31.5,27.684167869563304,40
7,82.0,85.39458373446537,52
8,59.5,66.62215473619186,57
9,81.5,89.49200094111052,71
10,98.5,94.03937551144233,85
