,real_%top,predicted_%top,index
0,91.4,91.39558951036295,3
1,99.0,99.93006269504195,14
2,23.0,16.224649220247937,23
3,98.5,90.17478247676641,25
4,99.0,96.4242976376763,49
5,88.0,82.71049882491283,61
6,91.0,90.81657217608252,65
7,99.5,97.76378821225131,79
8,99.0,97.37243365855227,81
9,48.5,44.792515906833444,93
10,21.5,11.127504145362156,95
