,real_%top,predicted_%top,index
0,91.85,53.722065,2
1,99.75,87.07785,12
2,51.5,86.971954,22
3,64.0,87.02367,32
4,96.5,86.96648,52
5,97.0,86.96868,66
6,99.0,86.68077,75
7,97.0,86.71226,77
8,39.5,48.710926,92
9,30.0,23.213242,96
10,11.0,25.14755,100
