,real_%top,predicted_%top,index
0,7.0,86.445656,10
1,99.75,87.127594,12
2,99.9,87.076645,17
3,98.5,87.0721,25
4,94.0,87.012436,35
5,99.5,87.0789,40
6,99.5,86.93813,45
7,96.5,87.13221,53
8,62.5,84.50586,55
9,21.5,23.535301,95
10,22.0,27.084414,99
