,real_%top,predicted_%top,index
0,91.85,71.6951,2
1,99.75,75.15046,12
2,51.5,75.03088,22
3,64.0,74.95357,32
4,96.5,77.40069,52
5,97.0,75.1607,66
6,99.0,77.657906,75
7,97.0,77.64427,77
8,39.5,75.07641,92
9,30.0,74.21178,96
10,11.0,74.6692,100
