,real_%top,predicted_%top,index
0,7.0,39.12843909035567,11
1,99.75,96.88810349725345,13
2,99.9,96.45114187777277,18
3,98.5,83.20817266562273,26
4,94.0,87.04076286730782,36
5,99.5,93.72183503353172,41
6,99.5,93.64146781352396,46
7,96.5,93.8174250808949,54
8,62.5,70.63633581896741,56
9,21.5,-2.1072700416498975,96
10,22.0,5.272307287489127,100
