,real_%top,predicted_%top,index
0,91.85,82.32887655946091,2
1,99.75,95.1857248267628,12
2,51.5,86.51926984552041,22
3,64.0,79.94262395284946,32
4,96.5,91.96343933028132,52
5,97.0,85.9340893306208,66
6,99.0,87.47042301859311,75
7,97.0,96.17044198791716,77
8,39.5,71.00237180081669,92
9,30.0,11.787075711938371,96
10,11.0,11.70141468976584,100
