,real_%top,predicted_%top,index
0,99.0,90.06996223878252,27
1,96.5,92.56021795528822,28
2,99.5,95.34068313496145,48
3,99.0,95.3583737915271,50
4,98.0,88.35477690895706,63
5,81.0,77.6507098519944,74
6,78.0,94.50137817864326,77
7,45.0,63.60893033102514,92
8,11.0,24.238850395132907,101
9,5.0,18.65668707234458,102
