,real_%top,predicted_%top,index
0,82.0,77.90735638606104,38
1,98.5,97.91587995670267,46
2,8.0,22.0320937104691,63
3,85.0,88.42333150183148,64
4,81.5,73.59446126924978,70
5,78.0,63.91218895267744,72
6,98.5,96.24570556855426,84
7,98.0,96.17535004907376,86
8,20.0,20.86945883145921,94
9,9.0,18.642388124388507,97
