,real_%top,predicted_%top,index
0,91.85,79.17566525683469,2
1,99.75,96.51406968110628,12
2,51.5,95.85173784038366,22
3,64.0,74.57156284728572,32
4,96.5,95.65038082879127,52
5,97.0,91.4902085432478,66
6,99.0,76.15612648313495,75
7,97.0,90.73681296435099,77
8,39.5,71.86527239222299,92
9,30.0,22.772084465327143,96
10,11.0,22.772084465327143,100
