,real_%top,predicted_%top,index
0,99.95,107.83473482919038,4
1,99.5,97.46611046288818,40
2,99.5,91.35324072909943,48
3,98.0,102.03811812731256,74
4,96.0,91.61419936973039,78
5,21.0,38.509064072303204,80
6,98.5,98.15395711339472,82
7,63.0,64.35422679259824,87
8,44.5,64.19368677938763,90
9,66.5,85.34648357271658,98
