,real_%top,predicted_%top,index
0,92.15,83.97691839553953,1
1,91.4,84.36007392173381,4
2,93.8,92.92095546691053,9
3,70.5,81.70976169495736,21
4,21.5,18.811821896186288,30
5,83.5,79.45404604410241,51
6,91.0,82.98792586244016,66
7,74.5,83.42740200111125,69
8,99.0,89.42642295483185,76
9,40.0,6.254751563694583,90
