,real_%top,predicted_%top,index
0,7.0,39.94596711544723,11
1,99.75,97.87930676606764,13
2,99.9,99.77634061796648,18
3,98.5,80.1147397751786,26
4,94.0,84.95961127563862,36
5,99.5,91.41084796976887,41
6,99.5,91.43233993192077,46
7,96.5,90.23929343932697,54
8,62.5,70.66404313796778,56
9,21.5,1.3617834539272735,96
10,22.0,6.629053798985382,100
