,real_%top,predicted_%top,index
0,91.85,82.3001758065105,2
1,99.75,95.59959781396431,12
2,51.5,87.84251279411782,22
3,64.0,83.57300432217643,32
4,96.5,97.04529735890611,52
5,97.0,85.32304472082596,66
6,99.0,90.00046520894935,75
7,97.0,102.3851647587835,77
8,39.5,59.032236754144755,92
9,30.0,18.68195104066423,96
10,11.0,17.3066404441917,100
