,real_%top,predicted_%top,index
0,99.95,91.9118863067853,9
1,98.5,98.58957742049614,15
2,99.5,90.73181237343235,34
3,89.5,88.93856804210579,36
4,15.0,22.610959490522383,41
5,83.5,78.79960072117211,50
6,96.5,91.34358272114021,53
7,62.5,69.22340178416138,55
8,95.5,80.74403542527733,58
9,40.0,24.198933757921655,89
