,real_%top,predicted_%top,index
0,91.4,74.64370728138039,3
1,99.0,97.43958108139434,14
2,23.0,20.03531958463065,23
3,98.5,94.04204044632996,25
4,99.0,97.14181231125174,49
5,88.0,89.17556246538722,61
6,91.0,92.25627174862439,65
7,99.5,93.27649596817162,79
8,99.0,78.21287326031882,81
9,48.5,76.55951164413943,93
10,21.5,20.142632084630648,95
