,real_%top,predicted_%top,index
0,92.0,78.76842979225039,2
1,99.95,97.0911587675971,8
2,99.95,83.24340124225442,12
3,34.5,22.295048478931665,25
4,23.5,22.423187367820557,34
5,89.5,94.36528926852115,37
6,31.5,22.423187367820557,40
7,82.0,94.8618095693298,52
8,59.5,72.98200145862582,57
9,81.5,74.89699610426096,71
10,98.5,94.79561125336846,85
