,real_%top,predicted_%top,index
0,92.15,88.89231726128067,0
1,98.0,97.61235702647089,13
2,99.9,98.73651496706199,17
3,71.0,67.8077953694964,18
4,34.5,38.4205394930713,24
5,21.5,21.450988814888063,29
6,98.5,90.37875226580522,44
7,74.5,87.31998865992712,68
8,81.0,81.4803531428327,73
9,45.0,65.18344583006439,91
