,real_%top,predicted_%top,index
0,71.0,76.8223425942776,19
1,97.5,96.67920058713725,20
2,51.5,87.82175983573596,23
3,64.0,83.2304601148332,33
4,95.5,78.11046990502557,59
5,68.5,87.55213179520628,60
6,8.0,21.942597430612423,64
7,63.0,66.92648733203265,88
8,20.0,4.366347390740799,95
9,9.0,15.036213267697718,98
