,real_%top,predicted_%top,index
0,91.4,87.19250714868822,3
1,99.0,96.95598974359424,14
2,23.0,18.557034054083744,23
3,98.5,84.26592632130496,25
4,99.0,92.08849165293206,49
5,88.0,82.89518911589002,61
6,91.0,83.34467597015329,65
7,99.5,93.00079103558592,79
8,99.0,86.05124794838557,81
9,48.5,61.806601196442614,93
10,21.5,4.767776652165196,95
