,real_%top,predicted_%top,index
0,92.0,85.87862329513243,2
1,99.95,100.81341848784096,8
2,99.95,88.99548543938428,12
3,34.5,41.66001985093512,25
4,23.5,15.602368815582864,34
5,89.5,94.1538080295415,37
6,31.5,26.53799454029427,40
7,82.0,97.49374135696796,52
8,59.5,73.95528447768123,57
9,81.5,83.91044090702712,71
10,98.5,92.04857009252932,85
