,real_%top,predicted_%top,index
0,99.95,107.54344161360584,4
1,99.5,94.2154368376047,40
2,99.5,92.71942834583382,48
3,98.0,107.07535914219523,74
4,96.0,96.96913047104825,78
5,21.0,27.808260068878113,80
6,98.5,98.56147705334024,82
7,63.0,58.49657503864982,87
8,44.5,58.45728592674473,90
9,66.5,90.59637489945496,98
