,real_%top,predicted_%top,index
0,99.95,107.59375,4
1,99.5,94.25,40
2,99.5,92.75,48
3,98.0,107.125,74
4,96.0,97.03125,78
5,21.0,27.875,80
6,98.5,98.625,82
7,63.0,58.53125,87
8,44.5,58.5,90
9,66.5,90.625,98
