,real_%top,predicted_%top,index
0,92.15,92.00566739541352,0
1,98.0,93.68668360088908,13
2,99.9,97.87519544739759,17
3,71.0,82.48860790139545,18
4,34.5,26.186783871007215,24
5,21.5,20.1891755509897,29
6,98.5,98.31978157968098,44
7,74.5,96.99805227239995,68
8,81.0,78.35518521840503,73
9,45.0,46.07967311003815,91
