,real_%top,predicted_%top,index
0,71.0,85.2385045894905,19
1,97.5,90.85399774696847,20
2,51.5,98.52021081862557,23
3,64.0,54.894271050512934,33
4,95.5,91.66942406511461,59
5,68.5,90.67200425874204,60
6,8.0,34.84405720309573,64
7,63.0,46.031074352314484,88
8,20.0,24.75214862010754,95
9,9.0,29.940064357387694,98
