,real_%top,predicted_%top,index
0,99.95,98.81547646202718,9
1,98.5,98.02903260085516,15
2,99.5,102.51883572045615,34
3,89.5,76.17189604055093,36
4,15.0,8.766255130928482,41
5,83.5,71.11824923494355,50
6,96.5,94.75103649580235,53
7,62.5,52.914275469340424,55
8,95.5,86.85882329277742,58
9,40.0,45.59494235035953,89
