,real_%top,predicted_%top,index
0,98.0,99.01845513508346,14
1,86.5,92.11253899751443,22
2,23.0,24.689463823830767,24
3,98.5,99.46049675784923,47
4,96.5,98.74242143637622,53
5,98.0,98.40250739938092,58
6,97.5,95.91466387901669,68
7,97.0,86.26018670206442,78
8,21.0,20.543988609478944,81
9,95.5,98.21437755223182,86
