,real_%top,predicted_%top,index
0,99.95,97.72112511728105,10
1,57.0,87.05567867905074,29
2,10.0,11.696770493194208,32
3,99.5,102.4498110744722,38
4,98.5,94.82516263701638,45
5,62.0,77.01199417136883,55
6,97.0,85.41272198840198,67
7,98.0,99.28717402080407,75
8,45.5,-17.066463381572063,89
9,66.5,93.26953780134,99
