,real_%top,predicted_%top,index
0,98.45,98.77966303281278,5
1,99.7,90.74700099021,6
2,70.5,79.80040528115805,20
3,57.0,63.92364871933718,28
4,54.0,64.26340909695628,30
5,23.5,20.005148102190066,33
6,36.5,19.079144371026892,42
7,97.5,92.84918169590416,67
8,95.5,92.866018513793,69
9,98.5,95.90722268190898,83
