,real_%top,predicted_%top,index
0,93.8,83.12853,8
1,99.3,83.128365,16
2,96.5,82.80216,27
3,99.5,82.87515,47
4,62.0,82.77011,54
5,98.0,82.76186,57
6,98.0,82.75787,62
7,79.0,83.12275,71
8,22.0,34.665436,99
9,6.5,34.023365,102
