,real_%top,predicted_%top,index
0,99.95,86.1912,9
1,57.0,86.06641,28
2,10.0,28.222858,31
3,99.5,86.19459,37
4,98.5,86.52654,44
5,62.0,86.07187,54
6,97.0,86.196884,66
7,98.0,86.044205,74
8,45.5,33.046738,88
9,66.5,85.99231,98
