,real_%top,predicted_%top,index
0,93.8,82.27369,8
1,99.3,82.28492,16
2,96.5,81.88483,27
3,99.5,82.08882,47
4,62.0,81.77902,54
5,98.0,81.78654,57
6,98.0,81.78489,62
7,79.0,82.24646,71
8,22.0,29.471275,99
9,6.5,28.957024,102
