,real_%top,predicted_%top,index
0,93.8,90.61531,8
1,99.3,90.62482,16
2,96.5,90.46257,27
3,99.5,90.66442,47
4,62.0,90.60877,54
5,98.0,90.62808,57
6,98.0,90.64643,62
7,79.0,98.07077,71
8,22.0,79.00226,99
9,6.5,17.194935,102
