,real_%top,predicted_%top,index
0,82.0,98.6794570927147,38
1,98.5,99.54947391496074,46
2,8.0,25.874458111502324,63
3,85.0,98.81782971228539,64
4,81.5,91.20439114477675,70
5,78.0,79.46438537907838,72
6,98.5,96.25993600692429,84
7,98.0,95.83458428071486,86
8,20.0,24.627609096716068,94
9,9.0,25.69753345131686,97
