,real_%top,predicted_%top,index
0,91.4,92.45227088651588,3
1,99.0,99.56329995198537,14
2,23.0,11.891078767994525,23
3,98.5,84.10633033681698,25
4,99.0,96.23022991406688,49
5,88.0,83.02964518540688,61
6,91.0,90.7367221535622,65
7,99.5,98.96313396894021,79
8,99.0,97.04866289709001,81
9,48.5,41.49957530418611,93
10,21.5,9.806719566504299,95
