,real_%top,predicted_%top,index
0,92.0,89.01927990679226,2
1,99.95,104.72562015919499,8
2,99.95,105.48517120569075,12
3,34.5,16.04005863789362,25
4,23.5,15.22151493987334,34
5,89.5,78.19726970456563,37
6,31.5,28.59312179600334,40
7,82.0,85.52268284089037,52
8,59.5,64.89384610202872,57
9,81.5,92.92779009230745,71
10,98.5,97.97644543553453,85
