,real_%top,predicted_%top,index
0,71.0,72.00933502563828,19
1,97.5,90.99414672051074,20
2,51.5,82.73186144653239,23
3,64.0,79.48622118973083,33
4,95.5,82.61103782650882,59
5,68.5,89.79995852190882,60
6,8.0,31.08215109768659,64
7,63.0,65.05224162773459,88
8,20.0,-0.6632679135059476,95
9,9.0,13.851401919754991,98
