,real_%top,predicted_%top,index
0,92.15,86.54252670191542,0
1,98.0,96.55482474194932,13
2,99.9,98.17798390918107,17
3,71.0,79.44529289504194,18
4,34.5,44.03388901790674,24
5,21.5,17.945095975892286,29
6,98.5,91.71250231257022,44
7,74.5,87.82453226825733,68
8,81.0,82.30476169546654,73
9,45.0,72.25475957210035,91
