,real_%top,predicted_%top,index
0,99.95,104.75183030887219,5
1,98.45,92.59595523887685,6
2,99.0,100.93350926057914,15
3,99.3,100.99590918002849,17
4,99.5,97.75867473904697,35
5,36.5,56.4988818379992,43
6,97.0,85.71780454653887,44
7,99.0,87.88967611780677,82
8,98.5,93.74635544061354,83
9,48.5,68.0483816910453,94
10,6.5,21.7356886957473,103
