,real_%top,predicted_%top,index
0,92.0,87.1045831001549,1
1,99.95,101.12906468500248,7
2,86.5,77.7737744923255,21
3,10.0,12.32059493634786,31
4,97.0,85.95085108928667,43
5,99.5,95.26965796633408,45
6,82.0,91.38901818282244,51
7,68.5,85.25317605598723,59
8,78.0,95.17834704739309,76
9,45.5,-7.755891701231562,88
10,5.0,22.088973705183662,101
