,real_%top,predicted_%top,index
0,98.0,105.04616117494851,14
1,86.5,80.38392974076484,22
2,23.0,21.405252861897708,24
3,98.5,89.67861438531402,47
4,96.5,96.36944509734745,53
5,98.0,89.8150142572283,58
6,97.5,85.91730847950396,68
7,97.0,97.3654771922871,78
8,21.0,44.2217559685646,81
9,95.5,97.90700954547184,86
