,real_%top,predicted_%top,index
0,99.95,99.53133349854504,9
1,98.5,98.57945844067383,15
2,99.5,100.39985280577169,34
3,89.5,90.38223683604926,36
4,15.0,34.487806223574296,41
5,83.5,73.07848282361223,50
6,96.5,85.24139058648451,53
7,62.5,69.58509610516354,55
8,95.5,78.56076711680444,58
9,40.0,6.803679115907968,89
