,real_%top,predicted_%top,index
0,99.7,86.814995,6
1,54.0,84.67637,30
2,82.0,86.9286,38
3,15.0,86.87602,41
4,99.5,86.93748,48
5,96.5,86.92739,60
6,85.0,87.00104,64
7,78.0,84.01248,72
8,96.0,86.34526,78
9,39.5,27.064747,92
