,real_%top,predicted_%top,index
0,7.0,85.34716,10
1,99.95,85.313545,11
2,97.5,87.20705,19
3,99.0,87.22819,26
4,94.0,85.578964,35
5,99.5,85.56949,37
6,31.5,31.85684,39
7,59.5,87.20389,56
8,96.5,87.20227,60
9,95.5,86.97055,85
