,real_%top,predicted_%top,index
0,7.0,72.71321,10
1,99.95,75.2538,11
2,97.5,75.1856,19
3,99.0,75.24946,26
4,94.0,75.183365,35
5,99.5,75.17966,37
6,31.5,72.59426,39
7,59.5,75.08796,56
8,96.5,75.18764,60
9,95.5,80.33403,85
