,real_%top,predicted_%top,index
0,91.85,90.83568026539558,2
1,99.75,100.24469735449695,12
2,51.5,98.43293469884487,22
3,64.0,57.63016183195809,32
4,96.5,98.17696051239692,52
5,97.0,74.63254201980189,66
6,99.0,85.73537580923492,75
7,97.0,98.11537056174947,77
8,39.5,47.52208018813323,92
9,30.0,9.040896947614703,96
10,11.0,20.215819106086016,100
