,real_%top,predicted_%top,index
0,7.0,32.787137291526314,11
1,99.75,98.84832779875504,13
2,99.9,98.0181549825432,18
3,98.5,51.4030973106886,26
4,94.0,93.98099321910819,36
5,99.5,82.11726975245867,41
6,99.5,89.17818924944011,46
7,96.5,105.2521118311326,54
8,62.5,55.54726206191746,56
9,21.5,11.371616301950752,96
10,22.0,10.204626479644745,100
