,real_%top,predicted_%top,index
0,92.15,89.74262490635019,0
1,98.0,99.41047939263518,13
2,99.9,99.12782950620885,17
3,71.0,81.15982632006958,18
4,34.5,32.92789608948676,24
5,21.5,20.36646093861335,29
6,98.5,97.0920275117291,44
7,74.5,97.00207686725639,68
8,81.0,79.10738822930018,73
9,45.0,64.47165667126819,91
