,real_%top,predicted_%top,index
0,92.15,85.24042627117393,1
1,91.4,81.15258473364544,4
2,93.8,94.18994843199289,9
3,70.5,78.32325561462686,21
4,21.5,17.31435127777594,30
5,83.5,83.91843235907928,51
6,91.0,86.55482577492663,66
7,74.5,87.78993274055014,69
8,99.0,87.29913617872874,76
9,40.0,2.9598330117041627,90
