,real_%top,predicted_%top,index
0,92.0,90.74725386687466,1
1,99.95,100.64165646391872,7
2,86.5,88.04008043092975,21
3,10.0,22.336693045943576,31
4,97.0,82.26845380049427,43
5,99.5,94.30266598790821,45
6,82.0,97.23672850417952,51
7,68.5,88.85663227384902,59
8,78.0,95.43592243404237,76
9,45.5,26.49949177820086,88
10,5.0,9.390720496763658,101
