,real_%top,predicted_%top,index
0,93.8,96.09697368290362,8
1,99.3,96.52571827391341,16
2,96.5,90.55219606268162,27
3,99.5,93.38464259226207,47
4,62.0,72.66136118188315,54
5,98.0,88.95360970665988,57
6,98.0,88.52815592253657,62
7,79.0,72.6993031321088,71
8,22.0,21.796743742428156,99
9,6.5,21.726753165041895,102
