,real_%top,predicted_%top,index
0,99.95,86.60615384615387,5
1,98.45,86.60615384615387,6
2,99.0,86.60615384615387,15
3,99.3,86.60615384615387,17
4,99.5,86.60615384615387,35
5,36.5,37.25000000000001,43
6,97.0,86.60615384615387,44
7,99.0,86.60615384615387,82
8,98.5,86.60615384615387,83
9,48.5,86.60615384615394,94
10,6.5,20.56666666666655,103
