,real_%top,predicted_%top,index
0,91.85,78.2428768176232,2
1,99.75,96.6130301231832,12
2,51.5,97.67945064045325,22
3,64.0,73.98504373907734,32
4,96.5,97.87185577934213,52
5,97.0,93.47100155941794,66
6,99.0,76.53098907405497,75
7,97.0,96.29994602657617,77
8,39.5,71.53888927772772,92
9,30.0,21.60243842388747,96
10,11.0,21.60243842388747,100
