,real_%top,predicted_%top,index
0,7.0,22.789365804175333,11
1,99.75,90.61453887359684,13
2,99.9,96.44437238794549,18
3,98.5,91.750483807567,26
4,94.0,75.13757176702137,36
5,99.5,91.78031976912607,41
6,99.5,95.26595563344864,46
7,96.5,89.50609643076704,54
8,62.5,71.78646373017946,56
9,21.5,22.17520894143024,96
10,22.0,22.17520894143024,100
