,real_%top,predicted_%top,index
0,99.95,106.12575074729685,5
1,98.45,93.99184439995396,6
2,99.0,100.17133825228723,15
3,99.3,100.13335287213194,17
4,99.5,98.36885612730656,35
5,36.5,58.908065686261025,43
6,97.0,82.69286136269113,44
7,99.0,84.38036229072479,82
8,98.5,91.47107158901373,83
9,48.5,63.12696701888366,94
10,6.5,16.619433162159623,103
