,real_%top,predicted_%top,index
0,92.0,84.72618411350129,1
1,99.95,101.40675625086396,7
2,86.5,89.43167171924696,21
3,10.0,12.007054059766602,31
4,97.0,86.92876713189366,43
5,99.5,96.18034425884574,45
6,82.0,98.25489230279412,51
7,68.5,87.67279564501625,59
8,78.0,97.73787548296535,76
9,45.5,-8.919876320641876,88
10,5.0,18.888222850558634,101
