,real_%top,predicted_%top,index
0,7.0,20.036036359453504,11
1,99.75,79.40850984245769,13
2,99.9,97.1542493413006,18
3,98.5,90.33130641641718,26
4,94.0,95.88662842575253,36
5,99.5,90.33130641641718,41
6,99.5,90.33130641641718,46
7,96.5,81.50185257709985,54
8,62.5,79.40850984245769,56
9,21.5,19.963268815593857,96
10,22.0,19.93873080389795,100
