,real_%top,predicted_%top,index
0,92.0,77.75758986095174,2
1,99.95,94.4433803896338,8
2,99.95,92.445875145548,12
3,34.5,21.254307510708244,25
4,23.5,20.56845420551672,34
5,89.5,93.43557476445831,37
6,31.5,17.59102738805313,40
7,82.0,92.10394963558392,52
8,59.5,75.74579110910805,57
9,81.5,70.84600519895052,71
10,98.5,94.76601897821396,85
