,real_%top,predicted_%top,index
0,91.4,78.92203434947402,3
1,99.0,97.49982921804505,14
2,23.0,22.742284806288495,23
3,98.5,88.07162527683658,25
4,99.0,96.0964836715572,49
5,88.0,88.30898813256748,61
6,91.0,90.94017459539728,65
7,99.5,93.2379993004545,79
8,99.0,85.62323059356578,81
9,48.5,66.30341690205219,93
10,21.5,17.745842450849807,95
