,real_%top,predicted_%top,index
0,99.0,83.16031415149251,27
1,96.5,94.69706264473423,28
2,99.5,95.53226773576176,48
3,99.0,95.19468088956704,50
4,98.0,92.37257657643079,63
5,81.0,73.39671560010196,74
6,78.0,95.47081531618423,77
7,45.0,76.60657476309024,92
8,11.0,24.482692719246124,101
9,5.0,24.482692719246124,102
