,real_%top,predicted_%top,index
0,82.0,89.9080310115281,38
1,98.5,97.8153720483961,46
2,8.0,21.500108488578466,63
3,85.0,80.50356763537219,64
4,81.5,71.85264873186756,70
5,78.0,72.17072179498435,72
6,98.5,95.24329399260446,84
7,98.0,95.24329399260446,86
8,20.0,21.500108488578466,94
9,9.0,21.500108488578466,97
