,real_%top,predicted_%top,index
0,99.95,98.30603522867696,9
1,98.5,98.84198192100179,15
2,99.5,100.48182916306948,34
3,89.5,62.68662120528245,36
4,15.0,10.50143808493943,41
5,83.5,74.33953878438284,50
6,96.5,96.11623158707164,53
7,62.5,56.97481095060138,55
8,95.5,84.48424421575689,58
9,40.0,45.42722914252166,89
