,real_%top,predicted_%top,index
0,98.0,99.60830733772224,14
1,86.5,94.11755446092997,22
2,23.0,25.94914237693899,24
3,98.5,99.44101215817386,47
4,96.5,98.5804468364395,53
5,98.0,96.87821389095544,58
6,97.5,95.67922030426465,68
7,97.0,85.68923715224595,78
8,21.0,23.413742350757186,81
9,95.5,98.1971781333481,86
