,real_%top,predicted_%top,index
0,92.15,70.91440656947294,1
1,91.4,74.13317224525012,4
2,93.8,91.1044177340208,9
3,70.5,96.95381639914496,21
4,21.5,22.249097703683248,30
5,83.5,70.22979528008712,51
6,91.0,98.06108978173467,66
7,74.5,97.00219937293996,69
8,99.0,94.82915886208369,76
9,40.0,44.0144991397803,90
