,real_%top,predicted_%top,index
0,99.95,98.65778176086872,4
1,99.5,99.35691584497373,40
2,99.5,98.6426843570824,48
3,98.0,98.36621687746978,74
4,96.0,87.9766310582074,78
5,21.0,11.832183587536207,80
6,98.5,96.29505854609467,82
7,63.0,45.38690188060672,87
8,44.5,45.177037152285436,90
9,66.5,52.52589271017397,98
