,real_%top,predicted_%top,index
0,91.85,74.95202631017831,2
1,99.75,76.13386088061442,12
2,51.5,94.49979598920544,22
3,64.0,79.64906731017331,32
4,96.5,94.49979598920544,52
5,97.0,94.49979598920544,66
6,99.0,93.28633726721118,75
7,97.0,97.6661094275295,77
8,39.5,74.95202631017831,92
9,30.0,21.247630849835026,96
10,11.0,21.56199418404554,100
