,real_%top,predicted_%top,index
0,7.0,20.888315850762325,11
1,99.75,75.27102973016166,13
2,99.9,98.2271599310087,18
3,98.5,90.88113860875819,26
4,94.0,98.21322432288045,36
5,99.5,90.88113860875819,41
6,99.5,90.88113860875819,46
7,96.5,74.10092550654302,54
8,62.5,75.27102973016166,56
9,21.5,20.786075021416234,96
10,22.0,20.842281795034772,100
