,real_%top,predicted_%top,index
0,82.0,93.59641633214491,38
1,98.5,93.59641633214491,46
2,8.0,22.85953975215793,63
3,85.0,83.93761349529153,64
4,81.5,72.16577543977931,70
5,78.0,72.16577543977931,72
6,98.5,97.54005475223373,84
7,98.0,97.54005475223373,86
8,20.0,22.87594581276399,94
9,9.0,22.85953975215793,97
