,real_%top,predicted_%top,index
0,99.0,82.80146541240299,27
1,96.5,76.32959727546383,28
2,99.5,88.30980452958198,48
3,99.0,88.30980452958198,50
4,98.0,88.30980452958198,63
5,81.0,76.32959727546383,74
6,78.0,84.1403993985772,77
7,45.0,70.71069378480735,92
8,11.0,23.653996354302897,101
9,5.0,23.615976746459765,102
