,real_%top,predicted_%top,index
0,92.15,70.08938577611117,1
1,91.4,76.91500048917587,4
2,93.8,95.03923388844557,9
3,70.5,92.7071837345661,21
4,21.5,22.710933392802584,30
5,83.5,75.55106031060446,51
6,91.0,92.56124238269902,66
7,74.5,95.26345979061793,69
8,99.0,91.30243165963938,76
9,40.0,22.41861040676084,90
