,real_%top,predicted_%top,index
0,99.95,95.18889753535933,4
1,99.5,91.03224143336237,40
2,99.5,95.50665675998839,48
3,98.0,90.6602965800239,74
4,96.0,95.09095223266372,78
5,21.0,22.53838140894194,80
6,98.5,90.29635352308085,82
7,63.0,71.24612772644022,87
8,44.5,71.0301271471176,90
9,66.5,94.60092415249223,98
