,real_%top,predicted_%top,index
0,98.45,93.63520679948152,5
1,99.7,99.90119174971527,6
2,70.5,80.73340908968282,20
3,57.0,84.24320797879201,28
4,54.0,85.35358652805205,30
5,23.5,17.28222975415504,33
6,36.5,55.085848181493084,42
7,97.5,82.88709297099668,67
8,95.5,84.19503394109061,69
9,98.5,90.76423937106884,83
