,real_%top,predicted_%top,index
0,91.85,85.13408033621253,3
1,98.5,96.01047093765578,16
2,88.0,83.29854544196795,62
3,95.5,83.61478591973153,70
4,79.0,81.13697332277953,72
5,99.5,92.13540473717977,80
6,98.5,93.25497400274716,84
7,98.0,92.55524321176755,87
8,44.5,62.52795467373981,91
9,30.0,15.399288399336683,97
