,real_%top,predicted_%top,index
0,99.7,69.79798861970741,7
1,54.0,65.296040130532,31
2,82.0,82.59922441645605,39
3,15.0,9.067494846381514,42
4,99.5,98.52907388644977,49
5,96.5,98.4568116840034,61
6,85.0,95.97639167263958,65
7,78.0,79.10354127808979,73
8,96.0,88.51660304464968,79
9,39.5,45.824963479713105,93
