,real_%top,predicted_%top,index
0,7.0,11.877690225486262,10
1,99.95,98.43641706870646,11
2,97.5,97.65907951603472,19
3,99.0,84.88622032565499,26
4,94.0,87.35011063424662,35
5,99.5,96.87613383862791,37
6,31.5,23.819706408504917,39
7,59.5,66.29570933454906,56
8,96.5,95.80828299782878,60
9,95.5,98.99129084015674,85
