,real_%top,predicted_%top,index
0,99.95,98.22238584050754,10
1,57.0,76.93828616180646,29
2,10.0,24.129046315204405,32
3,99.5,85.18535294640002,38
4,98.5,87.69094409275367,45
5,62.0,85.26881467062348,55
6,97.0,92.99872310761131,67
7,98.0,97.21286539771503,75
8,45.5,23.939373238281327,89
9,66.5,98.17039397404069,99
