,real_%top,predicted_%top,index
0,93.8,80.386207395464,8
1,99.3,99.03885429660208,16
2,96.5,95.86401514890336,27
3,99.5,96.48165279671306,47
4,62.0,84.81315095460096,54
5,98.0,91.10177999655575,57
6,98.0,90.56995660589409,62
7,79.0,75.44116420670832,71
8,22.0,22.685389672827178,99
9,6.5,19.4008039946165,102
