,real_%top,predicted_%top,index
0,92.0,77.95289696214734,1
1,99.95,96.40125171535978,7
2,86.5,94.82957836060996,21
3,10.0,25.14911658031511,31
4,97.0,89.9600975819932,43
5,99.5,96.51743922225647,45
6,82.0,80.35100285209073,51
7,68.5,91.88973546355608,59
8,78.0,96.47110315956836,76
9,45.5,23.378386962710486,88
10,5.0,21.652000078761105,101
