,real_%top,predicted_%top,index
0,99.95,96.85226725716662,5
1,98.45,92.28316407448332,6
2,99.0,98.29121711623425,15
3,99.3,98.21823854480569,17
4,99.5,94.64899821436732,35
5,36.5,21.278049372196435,43
6,97.0,86.05635426379177,44
7,99.0,92.2514665365036,82
8,98.5,96.95805113197345,83
9,48.5,68.36412989926741,94
10,6.5,19.885465030067973,103
