,real_%top,predicted_%top,index
0,92.15,80.36097957655922,0
1,98.0,97.01119014238282,13
2,99.9,97.9659599838215,17
3,71.0,77.55268972533852,18
4,34.5,22.416735843135,24
5,21.5,20.34915805676031,29
6,98.5,92.69348858323796,44
7,74.5,95.74975906049524,68
8,81.0,72.52384833682433,73
9,45.0,78.5406475216948,91
