,real_%top,predicted_%top,index
0,98.0,93.16679,13
1,86.5,93.242935,21
2,23.0,36.05391,23
3,98.5,93.17378,46
4,96.5,93.181076,52
5,98.0,93.15915,57
6,97.5,93.17252,67
7,97.0,93.15351,77
8,21.0,92.6113,80
9,95.5,93.16307,85
