,real_%top,predicted_%top,index
0,99.95,84.83815,9
1,98.5,84.80247,15
2,99.5,85.17845,34
3,89.5,85.18506,36
4,15.0,84.91128,41
5,83.5,85.653534,50
6,96.5,86.79236,53
7,62.5,86.54457,55
8,95.5,86.59264,58
9,40.0,54.172863,89
