,real_%top,predicted_%top,index
0,99.95,84.83816,9
1,98.5,84.802475,15
2,99.5,85.17846,34
3,89.5,85.18507,36
4,15.0,84.91128,41
5,83.5,85.653534,50
6,96.5,86.79236,53
7,62.5,86.54457,55
8,95.5,86.59266,58
9,40.0,54.172867,89
