,real_%top,predicted_%top,index
0,92.0,84.1386998421698,1
1,99.95,102.76164765005917,7
2,86.5,86.5121815922687,21
3,10.0,15.44799307300785,31
4,97.0,87.42085884813339,43
5,99.5,96.74671858392158,45
6,82.0,97.98602595286071,51
7,68.5,87.9076482963117,59
8,78.0,98.0625161451799,76
9,45.5,-15.797739768204849,88
10,5.0,19.739306134556827,101
