,real_%top,predicted_%top,index
0,99.95,103.71607893000346,5
1,98.45,92.16861697929608,6
2,99.0,97.34267271222271,15
3,99.3,97.29674319372803,17
4,99.5,98.07634251419108,35
5,36.5,57.27770994414945,43
6,97.0,83.66405885458028,44
7,99.0,86.18159099497184,82
8,98.5,92.98582931934489,83
9,48.5,62.89662924534687,94
10,6.5,20.051959587968852,103
