,real_%top,predicted_%top,index
0,99.95,104.18013890936267,10
1,57.0,66.15969388680004,29
2,10.0,20.15627006753963,32
3,99.5,96.24434663611878,38
4,98.5,98.17458112539697,45
5,62.0,60.94349986900657,55
6,97.0,74.92087034177504,67
7,98.0,97.29957413832146,75
8,45.5,20.19546093186603,89
9,66.5,80.00206838894361,99
