,real_%top,predicted_%top,index
0,93.8,79.41686767686429,8
1,99.3,100.25037104734675,16
2,96.5,93.37091034203883,27
3,99.5,98.91174588379255,47
4,62.0,53.39776797235313,54
5,98.0,94.6914661859379,57
6,98.0,94.3675074486073,62
7,79.0,77.30160081507906,71
8,22.0,20.628816554088875,99
9,6.5,4.796830139057211,102
