,real_%top,predicted_%top,index
0,98.0,96.74970235658138,14
1,86.5,82.06516394919737,22
2,23.0,20.826340670016098,24
3,98.5,90.34156175068405,47
4,96.5,90.34156175068405,53
5,98.0,93.97200769975974,58
6,97.5,90.34156175068405,68
7,97.0,96.74970235658138,78
8,21.0,20.826340670016098,81
9,95.5,96.74970235658138,86
