,real_%top,predicted_%top,index
0,99.95,96.96043914910366,9
1,98.5,96.96043914910366,15
2,99.5,95.04805327414,34
3,89.5,84.23972678934709,36
4,15.0,20.393556356571732,41
5,83.5,84.23972678934709,50
6,96.5,80.81258021327233,53
7,62.5,81.44808057202349,55
8,95.5,95.04805327414,58
9,40.0,25.565518010214156,89
