,real_%top,predicted_%top,index
0,82.0,90.60493304249471,38
1,98.5,90.60493304249471,46
2,8.0,23.28611059972798,63
3,85.0,82.69678809984275,64
4,81.5,67.55658773668499,70
5,78.0,67.55658773668499,72
6,98.5,97.52050846775595,84
7,98.0,97.52050846775595,86
8,20.0,23.237839357897915,94
9,9.0,23.28611059972798,97
