,real_%top,predicted_%top,index
0,99.0,81.50057620866984,27
1,96.5,79.48570274699398,28
2,99.5,89.06079207786058,48
3,99.0,89.06079207786058,50
4,98.0,89.06079207786058,63
5,81.0,79.48570274699398,74
6,78.0,83.44919045481468,77
7,45.0,78.00251892014863,92
8,11.0,23.161178376701628,101
9,5.0,22.923451296320135,102
