,real_%top,predicted_%top,index
0,99.95,96.70792771905276,5
1,98.45,96.70792771905276,6
2,99.0,99.21161015980225,15
3,99.3,97.87912617265626,17
4,99.5,87.32887342383515,35
5,36.5,34.483580762338214,43
6,97.0,83.17819823869075,44
7,99.0,91.78386282246437,82
8,98.5,93.45334900854087,83
9,48.5,39.47764716241539,94
10,6.5,22.388300670405837,103
