,real_%top,predicted_%top,index
0,92.0,83.96499999999999,1
1,99.95,93.99821428571427,7
2,86.5,83.96499999999999,21
3,10.0,18.666666666666675,31
4,97.0,83.96499999999999,43
5,99.5,93.99821428571427,45
6,82.0,83.96499999999999,51
7,68.5,83.96499999999999,59
8,78.0,83.96499999999999,76
9,45.5,18.666666666666675,88
10,5.0,19.142857142857164,101
