,real_%top,predicted_%top,index
0,92.0,86.24906463880014,1
1,99.95,99.91143498714753,7
2,86.5,81.26725116326347,21
3,10.0,11.306544568393335,31
4,97.0,87.20689383025034,43
5,99.5,95.91613598738883,45
6,82.0,91.92912813910893,51
7,68.5,85.08375940460114,59
8,78.0,95.56490947311228,76
9,45.5,-11.33498380933456,88
10,5.0,21.33500969565695,101
