,real_%top,predicted_%top,index
0,99.95,105.11445824644443,5
1,98.45,94.62181813579915,6
2,99.0,98.32060682866317,15
3,99.3,98.11145647866763,17
4,99.5,99.89122400236272,35
5,36.5,69.1094720816823,43
6,97.0,90.75985227941891,44
7,99.0,92.48878099035663,82
8,98.5,96.28955800669726,83
9,48.5,50.16178645659897,94
10,6.5,23.098865935774384,103
