,real_%top,predicted_%top,index
0,7.0,38.9193990751548,10
1,99.95,90.66794870153751,11
2,97.5,89.19175758054737,19
3,99.0,76.41619270566162,26
4,94.0,87.50936942227968,35
5,99.5,95.30812910544024,37
6,31.5,30.206777186189022,39
7,59.5,73.15203976180247,56
8,96.5,87.99277655465778,60
9,95.5,94.3669249912302,85
