,real_%top,predicted_%top,index
0,99.7,100.78996178427647,7
1,54.0,79.98013639337752,31
2,82.0,91.07146819569417,39
3,15.0,34.01901479347932,42
4,99.5,92.32007636914354,49
5,96.5,89.43864491656961,61
6,85.0,77.09874742104834,65
7,78.0,82.00479251528506,73
8,96.0,93.09612431760169,79
9,39.5,65.566955171649,93
