,real_%top,predicted_%top,index
0,91.85,51.37703,2
1,98.5,80.88184,15
2,88.0,80.84831,61
3,95.5,80.83756,69
4,79.0,80.60195,71
5,99.5,80.68354,79
6,98.5,80.72193,83
7,98.0,80.73187,86
8,44.5,31.872278,90
9,30.0,30.439705,96
