,real_%top,predicted_%top,index
0,98.45,91.19801,5
1,99.7,91.200165,6
2,70.5,91.37253,20
3,57.0,91.2241,28
4,54.0,88.95547,30
5,23.5,12.787268,33
6,36.5,13.126877,42
7,97.5,91.40451,67
8,95.5,91.41266,69
9,98.5,91.378265,83
