,real_%top,predicted_%top,index
0,98.45,79.50495,5
1,99.7,79.530426,6
2,70.5,81.21718,20
3,57.0,80.02541,28
4,54.0,64.08592,30
5,23.5,11.501282,33
6,36.5,11.527976,42
7,97.5,81.23349,67
8,95.5,81.22612,69
9,98.5,81.58506,83
