,real_%top,predicted_%top,index
0,98.45,79.50496,5
1,99.7,79.530426,6
2,70.5,81.21719,20
3,57.0,80.02543,28
4,54.0,64.085945,30
5,23.5,11.50128,33
6,36.5,11.527972,42
7,97.5,81.233505,67
8,95.5,81.226135,69
9,98.5,81.58508,83
