,real_%top,predicted_%top,index
0,98.45,90.30888,5
1,99.7,90.305626,6
2,70.5,90.31558,20
3,57.0,90.31571,28
4,54.0,86.51416,30
5,23.5,28.085756,33
6,36.5,89.37299,42
7,97.5,90.3248,67
8,95.5,90.32142,69
9,98.5,99.05945,83
