,real_%top,predicted_%top,index
0,91.85,55.334908,2
1,98.5,85.04608,15
2,88.0,85.004875,61
3,95.5,84.96568,69
4,79.0,84.838356,71
5,99.5,84.924225,79
6,98.5,84.965744,83
7,98.0,84.99407,86
8,44.5,42.587585,90
9,30.0,41.26887,96
