,real_%top,predicted_%top,index
0,82.0,91.93726015667387,38
1,98.5,91.90941335832898,46
2,8.0,23.734571120498174,63
3,85.0,77.66271219580075,64
4,81.5,85.34776752349272,70
5,78.0,83.72070752426137,72
6,98.5,93.76982217073653,84
7,98.0,93.88972160568014,86
8,20.0,5.294611737424205,94
9,9.0,16.718026773770433,97
