,real_%top,predicted_%top,index
0,99.0,72.3718599176625,27
1,96.5,82.06101172138808,28
2,99.5,91.01953269578672,48
3,99.0,89.74674674180092,50
4,98.0,85.9881907610271,63
5,81.0,82.15791281640449,74
6,78.0,97.51295713381742,77
7,45.0,65.75419843274459,92
8,11.0,21.99013256015705,101
9,5.0,21.408189581207566,102
