,real_%top,predicted_%top,index
0,99.0,78.6755516351151,27
1,96.5,82.57859624407241,28
2,99.5,99.56057388566789,48
3,99.0,92.88599976876742,50
4,98.0,88.0079340195503,63
5,81.0,79.7359897865225,74
6,78.0,97.64309243302505,77
7,45.0,45.560283270509494,92
8,11.0,22.10536964472173,101
9,5.0,7.424429972146973,102
