,real_%top,predicted_%top,index
0,82.0,99.42192664390643,38
1,98.5,99.48969475052252,46
2,8.0,25.741781646854346,63
3,85.0,97.25939250412894,64
4,81.5,90.90684783010826,70
5,78.0,77.48323607523857,72
6,98.5,97.11679081781644,84
7,98.0,95.49803221824536,86
8,20.0,25.060767054401477,94
9,9.0,29.961203751721392,97
