,real_%top,predicted_%top,index
0,7.0,36.966207652107116,10
1,99.95,90.39183305149513,11
2,97.5,90.75891672411323,19
3,99.0,75.808463140277,26
4,94.0,86.19884692803016,35
5,99.5,97.93602680779229,37
6,31.5,31.247547996494703,39
7,59.5,72.30634362705757,56
8,96.5,90.07361300039165,60
9,95.5,92.95649598943784,85
