,real_%top,predicted_%top,index
0,99.7,98.66031445179398,7
1,54.0,85.5161388904229,31
2,82.0,91.2654004842404,39
3,15.0,30.528277283484826,42
4,99.5,92.16841266502621,49
5,96.5,87.68117920907922,61
6,85.0,76.12548508474241,65
7,78.0,88.319795216898,73
8,96.0,94.0690568107155,79
9,39.5,66.2560062031309,93
