,real_%top,predicted_%top,index
0,93.8,90.96208,8
1,99.3,90.947815,16
2,96.5,91.056046,27
3,99.5,90.97405,47
4,62.0,91.056625,54
5,98.0,91.0723,57
6,98.0,91.06738,62
7,79.0,91.00911,71
8,22.0,24.226133,99
9,6.5,24.096333,102
