,real_%top,predicted_%top,index
0,99.95,90.16938,9
1,57.0,90.173164,28
2,10.0,19.90164,31
3,99.5,90.167595,37
4,98.5,90.20463,44
5,62.0,90.172615,54
6,97.0,90.18328,66
7,98.0,89.85718,74
8,45.5,26.953442,88
9,66.5,90.054115,98
