,real_%top,predicted_%top,index
0,93.8,91.86726,8
1,99.3,91.88277,16
2,96.5,91.61136,27
3,99.5,91.89726,47
4,62.0,91.780334,54
5,98.0,91.811485,57
6,98.0,91.83611,62
7,79.0,97.34357,71
8,22.0,83.80805,99
9,6.5,27.27791,102
