,real_%top,predicted_%top,index
0,99.0,85.63319878020371,27
1,96.5,93.41806415580035,28
2,99.5,96.34771586746159,48
3,99.0,96.31539688987057,50
4,98.0,87.65560994772989,63
5,81.0,76.99411785942816,74
6,78.0,96.55296319587275,77
7,45.0,68.38785907442234,92
8,11.0,20.022161870808926,101
9,5.0,19.917520331792392,102
