,real_%top,predicted_%top,index
0,82.0,93.60491400368636,38
1,98.5,95.34566815866883,46
2,8.0,22.86980090203484,63
3,85.0,82.57884663819158,64
4,81.5,70.00073708534116,70
5,78.0,67.79420147160845,72
6,98.5,93.61412321922359,84
7,98.0,93.92354663192198,86
8,20.0,21.608966160387595,94
9,9.0,20.340859190968132,97
