,real_%top,predicted_%top,index
0,99.95,94.40721173451601,4
1,99.5,90.93776971694938,40
2,99.5,90.93776971694938,48
3,98.0,90.9889702417497,74
4,96.0,95.37544983399916,78
5,21.0,31.105164608562426,80
6,98.5,99.09431110364228,82
7,63.0,72.78967228274642,87
8,44.5,72.78967228274642,90
9,66.5,82.85997046476957,98
