,real_%top,predicted_%top,index
0,92.15,86.6454545454546,1
1,91.4,86.6454545454546,4
2,93.8,86.6454545454546,9
3,70.5,86.6454545454546,21
4,21.5,18.499999999999815,30
5,83.5,86.6454545454546,51
6,91.0,86.6454545454546,66
7,74.5,86.6454545454546,69
8,99.0,86.6454545454546,76
9,40.0,35.50000000000019,90
