,real_%top,predicted_%top,index
0,7.0,38.19865615781291,11
1,99.75,104.87081018407761,13
2,99.9,98.68526003169318,18
3,98.5,93.26139277743928,26
4,94.0,91.26349185217211,36
5,99.5,99.38304026458448,41
6,99.5,99.2596344111198,46
7,96.5,95.19012787539661,54
8,62.5,55.652920277166515,56
9,21.5,12.309646700375602,96
10,22.0,23.4137515624937,100
