,real_%top,predicted_%top,index
0,91.85,70.13961496701528,2
1,99.75,100.76170314745222,12
2,51.5,94.69703618646282,22
3,64.0,59.23728401286143,32
4,96.5,97.67096573037647,52
5,97.0,89.93273637336618,66
6,99.0,76.11303840516297,75
7,97.0,91.51072121487894,77
8,39.5,48.94816320747929,92
9,30.0,8.999493120259132,96
10,11.0,30.390007023963886,100
