,real_%top,predicted_%top,index
0,91.85,84.55011810230833,2
1,99.75,95.61136537436023,12
2,51.5,84.66962888543706,22
3,64.0,80.99509963258127,32
4,96.5,93.99497164515991,52
5,97.0,84.30372708259397,66
6,99.0,89.07844864840672,75
7,97.0,95.2965471686853,77
8,39.5,64.74658739140304,92
9,30.0,15.199079489627522,96
10,11.0,11.812077796416887,100
