,real_%top,predicted_%top,index
0,99.0,85.56902453313221,27
1,96.5,80.00626494049534,28
2,99.5,92.63349521487446,48
3,99.0,92.63349521487446,50
4,98.0,92.63349521487446,63
5,81.0,80.00626494049534,74
6,78.0,85.37933119883213,77
7,45.0,73.71893923419327,92
8,11.0,24.80168305293928,101
9,5.0,24.86557275882163,102
