,real_%top,predicted_%top,index
0,82.0,92.55407478429757,38
1,98.5,92.55407478429757,46
2,8.0,21.844144355200886,63
3,85.0,84.71810991224514,64
4,81.5,72.04984936663276,70
5,78.0,72.04984936663276,72
6,98.5,97.37565393871893,84
7,98.0,97.37565393871893,86
8,20.0,21.88800625996279,94
9,9.0,21.844144355200886,97
