,real_%top,predicted_%top,index
0,92.0,75.69904523809524,2
1,99.95,96.26690595238098,8
2,99.95,93.83570119047623,12
3,34.5,29.656648809523805,25
4,23.5,20.609151334776335,34
5,89.5,86.89324880952381,37
6,31.5,24.56684577922078,40
7,82.0,88.21266547619047,52
8,59.5,63.62792063492063,57
9,81.5,72.26999761904761,71
10,98.5,96.7743214285714,85
