,real_%top,predicted_%top,index
0,91.4,82.23658809523809,3
1,99.0,99.03569166666668,14
2,23.0,31.37570238095239,23
3,98.5,91.78917857142856,25
4,99.0,93.94326309523811,49
5,88.0,81.8797357142857,61
6,91.0,91.63992857142856,65
7,99.5,97.18043333333335,79
8,99.0,92.07384761904761,81
9,48.5,59.145165476190456,93
10,21.5,17.18264989177489,95
