,real_%top,predicted_%top,index
0,91.85,83.9232581396823,3
1,98.5,96.3797336918967,16
2,88.0,84.14081888530451,62
3,95.5,84.15798009202892,70
4,79.0,80.92192955611476,72
5,99.5,92.63972977951697,80
6,98.5,93.32617804849349,84
7,98.0,92.89714788038316,87
8,44.5,62.60928770126459,91
9,30.0,16.146952911349885,97
