,real_%top,predicted_%top,index
0,98.45,93.2022630526004,5
1,99.7,99.9960992611966,6
2,70.5,80.25873356847173,20
3,57.0,84.00043849101888,28
4,54.0,86.23874654767076,30
5,23.5,17.091020167717645,33
6,36.5,55.06743445550687,42
7,97.5,82.70373385790242,67
8,95.5,83.89894417472516,69
9,98.5,90.81262015255749,83
