,real_%top,predicted_%top,index
0,91.4,88.71594952948661,3
1,99.0,98.7858197574729,14
2,23.0,13.979187878329906,23
3,98.5,82.95243336943494,25
4,99.0,94.16025634139461,49
5,88.0,81.70461661635377,61
6,91.0,93.64816186512726,65
7,99.5,98.83630271535229,79
8,99.0,96.5429728520384,81
9,48.5,43.318200753438276,93
10,21.5,19.25390113076567,95
