,real_%top,predicted_%top,index
0,92.0,86.4307340346316,2
1,99.95,109.85118851445812,8
2,99.95,103.19010372934345,12
3,34.5,8.5219853043612,25
4,23.5,17.419568942191926,34
5,89.5,77.93331823499075,37
6,31.5,30.252155184486988,40
7,82.0,85.75924287458062,52
8,59.5,66.91473949404835,57
9,81.5,90.13656365095054,71
10,98.5,96.12004408763273,85
