,real_%top,predicted_%top,index
0,98.0,85.50615384615386,14
1,86.5,85.50615384615386,22
2,23.0,18.699999999999946,24
3,98.5,85.50615384615386,47
4,96.5,85.50615384615386,53
5,98.0,85.50615384615386,58
6,97.5,85.50615384615386,68
7,97.0,85.50615384615386,78
8,21.0,18.699999999999832,81
9,95.5,85.50615384615386,86
