,real_%top,predicted_%top,index
0,99.95,99.84128827178294,9
1,98.5,99.84128827178294,15
2,99.5,85.38212055292911,34
3,89.5,80.5328317240609,36
4,15.0,23.431058841272517,41
5,83.5,89.43935602217508,50
6,96.5,102.4031157895352,53
7,62.5,73.23614771761173,55
8,95.5,83.144784614496,58
9,40.0,-6.631409381797042,89
