,real_%top,predicted_%top,index
0,98.45,97.34106228247883,5
1,99.7,86.58074906902776,6
2,70.5,93.58563805509405,20
3,57.0,71.8520326776707,28
4,54.0,73.71194106238818,30
5,23.5,18.017328639755288,33
6,36.5,18.64085311702669,42
7,97.5,92.27666951858444,67
8,95.5,96.07244371003951,69
9,98.5,94.0162270579518,83
