,real_%top,predicted_%top,index
0,91.85,86.92841530014869,3
1,98.5,99.2114520506283,16
2,88.0,75.15984510425933,62
3,95.5,96.06503671761848,70
4,79.0,79.4401225113891,72
5,99.5,96.49329348214725,80
6,98.5,91.3134463908965,84
7,98.0,95.49999909603909,87
8,44.5,61.56536288326101,91
9,30.0,27.001916256951887,97
