,real_%top,predicted_%top,index
0,7.0,22.051550057231136,11
1,99.75,81.54281493698494,13
2,99.9,97.5307164844503,18
3,98.5,89.71787212067628,26
4,94.0,95.78762244812282,36
5,99.5,89.71787212067628,41
6,99.5,89.71787212067628,46
7,96.5,80.60828535146818,54
8,62.5,81.54281493698494,56
9,21.5,22.128441388122468,96
10,22.0,22.085690065371146,100
