,real_%top,predicted_%top,index
0,91.85,69.55701550305042,2
1,99.75,78.14772060685796,12
2,51.5,92.69874425296275,22
3,64.0,83.24532400202492,32
4,96.5,92.69874425296275,52
5,97.0,92.69874425296275,66
6,99.0,95.15571848908371,75
7,97.0,97.66328836725795,77
8,39.5,69.55701550305042,92
9,30.0,21.414057116062185,96
10,11.0,21.464020296449053,100
