,real_%top,predicted_%top,index
0,82.0,79.3769049764934,38
1,98.5,99.44438409374271,46
2,8.0,23.71992875219408,63
3,85.0,103.70148657007528,64
4,81.5,65.73223631384067,70
5,78.0,63.92522022712628,72
6,98.5,98.92754919724494,84
7,98.0,95.99715043999569,86
8,20.0,21.677448146081364,94
9,9.0,5.672749807686127,97
