,real_%top,predicted_%top,index
0,99.0,85.85574227143388,27
1,96.5,91.9029301481831,28
2,99.5,99.70821949957413,48
3,99.0,101.02567315641903,50
4,98.0,92.6847542108691,63
5,81.0,79.56916301188579,74
6,78.0,90.59707823583435,77
7,45.0,46.322964656847304,92
8,11.0,32.00129905939719,101
9,5.0,6.424965694980211,102
