,real_%top,predicted_%top,index
0,92.15,69.1547464324027,1
1,91.4,76.49149650557084,4
2,93.8,98.0073678190572,9
3,70.5,97.95660731937166,21
4,21.5,19.612623859153096,30
5,83.5,84.31377725474923,51
6,91.0,76.49149650557084,66
7,74.5,92.40555103662274,69
8,99.0,97.68834166245662,76
9,40.0,25.620708294679808,90
