,real_%top,predicted_%top,index
0,99.95,97.35615950482854,4
1,99.5,91.63745281988217,40
2,99.5,91.63745281988217,48
3,98.0,97.35615950482854,74
4,96.0,97.92593437647058,78
5,21.0,19.99571575523572,80
6,98.5,80.35247716907976,82
7,63.0,72.94610052115114,87
8,44.5,72.94610052115114,90
9,66.5,91.63745281988217,98
