,real_%top,predicted_%top,index
0,91.85,73.47494982794984,2
1,99.75,95.70180468359253,12
2,51.5,94.95734795968781,22
3,64.0,83.52186283091909,32
4,96.5,94.79820531614715,52
5,97.0,89.37434508742888,66
6,99.0,86.16241395808136,75
7,97.0,93.57332770040847,77
8,39.5,67.37301634892886,92
9,30.0,17.270326891246015,96
10,11.0,18.697184935979063,100
