,real_%top,predicted_%top,index
0,7.0,22.585214303734624,11
1,99.75,94.73615530502988,13
2,99.9,96.09515726872027,18
3,98.5,86.03098532412072,26
4,94.0,88.09305627370995,36
5,99.5,87.76524504071136,41
6,99.5,91.57584500786024,46
7,96.5,91.2190214175122,54
8,62.5,66.70399768083225,56
9,21.5,20.069838554483873,96
10,22.0,20.069838554483873,100
