,real_%top,predicted_%top,index
0,82.0,99.48080836925081,38
1,98.5,100.30733839269391,46
2,8.0,29.35584734250441,63
3,85.0,98.41137045986233,64
4,81.5,68.0753966960034,70
5,78.0,65.95081135897962,72
6,98.5,98.74229007097486,84
7,98.0,95.51160540831115,86
8,20.0,22.22380112114726,94
9,9.0,29.959462041935097,97
