,real_%top,predicted_%top,index
0,99.0,81.7478216879507,27
1,96.5,93.21134432241864,28
2,99.5,99.71722702880867,48
3,99.0,92.04606338740739,50
4,98.0,87.95020194246943,63
5,81.0,76.63818278810668,74
6,78.0,97.7197996791523,77
7,45.0,44.239316516904516,92
8,11.0,31.022708979508337,101
9,5.0,12.85845261169994,102
