,real_%top,predicted_%top,index
0,71.0,77.64318930279903,19
1,97.5,96.48487370307811,20
2,51.5,88.29315100045463,23
3,64.0,82.2172233122525,33
4,95.5,81.04994977574914,59
5,68.5,88.29158886533922,60
6,8.0,24.89174722199489,64
7,63.0,60.88340197594671,88
8,20.0,5.403181790258486,95
9,9.0,18.7022123876487,98
