,real_%top,predicted_%top,index
0,92.15,87.65471412013515,0
1,98.0,99.81998872997019,13
2,99.9,95.47138261238521,17
3,71.0,74.69882022483444,18
4,34.5,38.521234296472336,24
5,21.5,15.522092034594095,29
6,98.5,90.14776486453809,44
7,74.5,82.65045468058507,68
8,81.0,83.3537286451555,73
9,45.0,72.82420828583662,91
