,real_%top,predicted_%top,index
0,93.8,74.9632330629628,8
1,99.3,100.75457609095876,16
2,96.5,83.26141362675361,27
3,99.5,99.28972485809648,47
4,62.0,56.80400691046339,54
5,98.0,93.55249882792498,57
6,98.0,90.72901694823807,62
7,79.0,77.45808127752723,71
8,22.0,21.697690794230972,99
9,6.5,5.113760475713562,102
