,real_%top,predicted_%top,index
0,99.95,105.20713859368401,10
1,57.0,65.64620968855644,29
2,10.0,25.85210241361403,32
3,99.5,93.95510283569034,38
4,98.5,96.34895271728784,45
5,62.0,61.843225186886336,55
6,97.0,74.83899478909797,67
7,98.0,97.07853171607556,75
8,45.5,22.676680304151596,89
9,66.5,67.71729610007525,99
