,real_%top,predicted_%top,index
0,99.95,96.80772074909694,5
1,98.45,96.80772074909694,6
2,99.0,97.71816252656683,15
3,99.3,97.71816252656683,17
4,99.5,97.65492926538357,35
5,36.5,42.483954988732144,43
6,97.0,81.73334961952682,44
7,99.0,80.60668594162627,82
8,98.5,74.43803487362017,83
9,48.5,67.48360898180341,94
10,6.5,20.11697863023702,103
