,real_%top,predicted_%top,index
0,92.0,82.90888284752323,1
1,99.95,97.48551752960775,7
2,86.5,84.47047292277064,21
3,10.0,21.36689755407236,31
4,97.0,84.47047292277064,43
5,99.5,91.61956052037529,45
6,82.0,84.47047292277064,51
7,68.5,84.47047292277064,59
8,78.0,82.90888284752323,76
9,45.5,21.36689755407236,88
10,5.0,21.31146405244327,101
