,real_%top,predicted_%top,index
0,91.4,77.92282489418261,3
1,99.0,98.83260861385347,14
2,23.0,23.653786618781982,23
3,98.5,97.58323199488422,25
4,99.0,97.94409978844686,49
5,88.0,88.49123837298322,61
6,91.0,92.22916516759386,65
7,99.5,96.70778784687538,79
8,99.0,94.21232583458213,81
9,48.5,70.72658889496942,93
10,21.5,23.371385063637778,95
