,real_%top,predicted_%top,index
0,7.0,23.615976746459765,11
1,99.75,77.60708999179678,13
2,99.9,97.60880333881555,18
3,98.5,88.30980452958198,26
4,94.0,95.56245545426229,36
5,99.5,88.30980452958198,41
6,99.5,88.30980452958198,46
7,96.5,76.32959727546383,54
8,62.5,77.60708999179678,56
9,21.5,23.653996354302897,96
10,22.0,23.653996354302897,100
