,real_%top,predicted_%top,index
0,91.85,72.16577543977931,2
1,99.75,74.86787998045467,12
2,51.5,93.59641633214491,22
3,64.0,78.40352520413894,32
4,96.5,93.59641633214491,52
5,97.0,93.59641633214491,66
6,99.0,95.1995413044838,75
7,97.0,97.54005475223373,77
8,39.5,72.16577543977931,92
9,30.0,22.85953975215793,96
10,11.0,22.90320859556942,100
