,real_%top,predicted_%top,index
0,99.0,90.19618205803641,27
1,96.5,98.51807322032997,28
2,99.5,98.51925922927532,48
3,99.0,98.51925922927532,50
4,98.0,92.32730491673637,63
5,81.0,81.55185487164108,74
6,78.0,78.00661133094587,77
7,45.0,44.0097644331411,92
8,11.0,21.600094955542037,101
9,5.0,30.78052388958284,102
