,real_%top,predicted_%top,index
0,82.0,94.77777777777776,38
1,98.5,94.77777777777776,46
2,8.0,17.375000000000032,63
3,85.0,84.84333333333322,64
4,81.5,82.3181818181818,70
5,78.0,82.3181818181818,72
6,98.5,94.77777777777776,84
7,98.0,94.77777777777776,86
8,20.0,22.000000000000025,94
9,9.0,17.375000000000032,97
