,real_%top,predicted_%top,index
0,98.45,100.02172439402328,5
1,99.7,61.623168395823875,6
2,70.5,97.51940569533737,20
3,57.0,65.06926189196982,28
4,54.0,74.59778622097805,30
5,23.5,20.23086987926025,33
6,36.5,13.906291574415839,42
7,97.5,97.41933572812468,67
8,95.5,98.02242097186945,69
9,98.5,98.55578385640159,83
