,real_%top,predicted_%top,index
0,91.85,67.01166972802088,3
1,98.5,99.50731338281138,16
2,88.0,72.77325434731532,62
3,95.5,97.87802560381283,70
4,79.0,80.72584467134703,72
5,99.5,98.82613030064948,80
6,98.5,98.37107590604411,84
7,98.0,98.57096478483089,87
8,44.5,68.09650976382395,91
9,30.0,8.295567442909876,97
