,real_%top,predicted_%top,index
0,91.85,83.15769230769229,2
1,99.75,83.15769230769229,12
2,51.5,95.24821428571427,22
3,64.0,83.15769230769229,32
4,96.5,95.24821428571427,52
5,97.0,95.24821428571427,66
6,99.0,94.59999999999998,75
7,97.0,95.24821428571427,77
8,39.5,50.250000000000014,92
9,30.0,15.12500000000001,96
10,11.0,22.50000000000003,100
