,real_%top,predicted_%top,index
0,7.0,37.625829197523885,11
1,99.75,103.53431063754944,13
2,99.9,98.5875528999437,18
3,98.5,83.13411658165967,26
4,94.0,83.99260676967549,36
5,99.5,83.13411658165967,41
6,99.5,85.34585755399095,46
7,96.5,97.70490242340415,54
8,62.5,46.829579610497085,56
9,21.5,14.944650725919745,96
10,22.0,17.39055972029882,100
