,real_%top,predicted_%top,index
0,91.85,70.0972966221177,3
1,98.5,96.72938147966714,16
2,88.0,90.60807558246188,62
3,95.5,90.60807558246188,70
4,79.0,83.96331213256178,72
5,99.5,96.72938147966714,80
6,98.5,96.72938147966714,84
7,98.0,96.72938147966714,87
8,44.5,70.0972966221177,91
9,30.0,20.556667711443122,97
