,real_%top,predicted_%top,index
0,98.45,97.73586108398521,5
1,99.7,86.38100374730588,6
2,70.5,97.78072039867054,20
3,57.0,84.55235122246829,28
4,54.0,84.76927174332326,30
5,23.5,19.212861666495638,33
6,36.5,40.66797960632537,42
7,97.5,90.92909202126643,67
8,95.5,90.92909202126643,69
9,98.5,97.79940438081152,83
