,real_%top,predicted_%top,index
0,99.0,86.96399213199578,27
1,96.5,92.83369704377893,28
2,99.5,99.23130531203054,48
3,99.0,95.66210077113081,50
4,98.0,97.21466548393428,63
5,81.0,81.0862983719151,74
6,78.0,92.58436581593611,77
7,45.0,43.556616870849346,92
8,11.0,27.714564890070367,101
9,5.0,7.0539048946029865,102
