,real_%top,predicted_%top,index
0,82.0,88.85874708661026,38
1,98.5,99.49998962498513,46
2,8.0,20.91896668451657,63
3,85.0,94.07161181599987,64
4,81.5,95.17936182083258,70
5,78.0,79.35153868029423,72
6,98.5,95.67050417506553,84
7,98.0,95.49999378548306,86
8,20.0,13.330534451921542,94
9,9.0,6.057630794040523,97
