,real_%top,predicted_%top,index
0,99.7,88.17692307692312,7
1,54.0,88.17692307692312,31
2,82.0,88.17692307692312,39
3,15.0,17.399999999999793,42
4,99.5,88.17692307692312,49
5,96.5,88.17692307692312,61
6,85.0,88.17692307692312,65
7,78.0,88.17692307692312,73
8,96.0,88.17692307692312,79
9,39.5,88.17692307692319,93
