,real_%top,predicted_%top,index
0,7.0,44.37467524329717,10
1,99.95,101.4254509212827,11
2,97.5,81.7861640719788,19
3,99.0,86.20415809722056,26
4,94.0,81.7861640719788,35
5,99.5,85.93650197299908,37
6,31.5,29.153382419235164,39
7,59.5,74.5247552165061,56
8,96.5,86.97576891956692,60
9,95.5,94.58523288683453,85
