,real_%top,predicted_%top,index
0,99.95,107.17180110037096,4
1,99.5,92.41072562991866,40
2,99.5,87.95872498221625,48
3,98.0,104.72723480747358,74
4,96.0,95.60417476527438,78
5,21.0,33.80088314995661,80
6,98.5,96.63719204309751,82
7,63.0,69.24104881699472,87
8,44.5,69.12412758786314,90
9,66.5,81.74379994712437,98
