,real_%top,predicted_%top,index
0,92.15,87.05068687514981,1
1,91.4,82.87325190530298,4
2,93.8,96.14741154167481,9
3,70.5,74.67383382507766,21
4,21.5,17.519117476030473,30
5,83.5,78.64856842777105,51
6,91.0,84.8666404250093,66
7,74.5,85.58833880136318,69
8,99.0,88.92476339717594,76
9,40.0,11.451941793474575,90
