,real_%top,predicted_%top,index
0,82.0,88.25182994556974,38
1,98.5,88.25182994556974,46
2,8.0,27.897783895059,63
3,85.0,87.03657578083322,64
4,81.5,82.68511443992003,70
5,78.0,79.43858507248221,72
6,98.5,95.77713398496675,84
7,98.0,95.77713398496675,86
8,20.0,8.789275914493516,94
9,9.0,17.517288944524665,97
