,real_%top,predicted_%top,index
0,99.0,87.72954545454547,27
1,96.5,87.72954545454547,28
2,99.5,87.72954545454547,48
3,99.0,87.72954545454547,50
4,98.0,87.72954545454547,63
5,81.0,87.72954545454547,74
6,78.0,87.72954545454547,77
7,45.0,87.72954545454554,92
8,11.0,18.53571428571422,101
9,5.0,18.53571428571422,102
