,real_%top,predicted_%top,index
0,91.4,89.71650466562585,3
1,99.0,98.59189542822025,14
2,23.0,25.015822183201642,23
3,98.5,88.84763464721792,25
4,99.0,99.49678003914768,49
5,88.0,77.47129097346624,61
6,91.0,94.13449152674205,65
7,99.5,97.99853189067862,79
8,99.0,99.53795994203287,81
9,48.5,39.388212060850094,93
10,21.5,11.089399574813335,95
