,real_%top,predicted_%top,index
0,92.0,92.05262661601506,2
1,99.95,97.06805493748234,8
2,99.95,98.0985190776308,12
3,34.5,35.65126928112813,25
4,23.5,21.4048207924835,34
5,89.5,61.89860971425174,37
6,31.5,21.120719349471678,40
7,82.0,80.70943481692498,52
8,59.5,61.27152343463982,57
9,81.5,69.60900526301121,71
10,98.5,96.89135580317568,85
