,real_%top,predicted_%top,index
0,71.0,57.01667187500496,19
1,97.5,96.74959839185573,20
2,51.5,95.80901707649424,23
3,64.0,63.77128261430158,33
4,95.5,97.98762408396266,59
5,68.5,58.33650097500233,60
6,8.0,24.773469164291562,64
7,63.0,45.746495482119,88
8,20.0,10.833611134435436,95
9,9.0,29.973782873059147,98
