,real_%top,predicted_%top,index
0,92.15,80.5416666666667,0
1,98.0,95.35185185185183,13
2,99.9,95.35185185185183,17
3,71.0,84.85312499999998,18
4,34.5,36.49999999999982,24
5,21.5,21.00000000000003,29
6,98.5,80.5416666666667,44
7,74.5,95.35185185185183,68
8,81.0,80.5416666666667,73
9,45.0,44.00000000000001,91
