,real_%top,predicted_%top,index
0,7.0,12.500000000000036,10
1,99.95,81.97999999999999,11
2,97.5,94.27142857142844,19
3,99.0,81.97999999999999,26
4,94.0,94.27142857142844,35
5,99.5,95.36666666666665,37
6,31.5,12.500000000000036,39
7,59.5,85.12916666666668,56
8,96.5,95.36666666666665,60
9,95.5,95.36666666666665,85
