,real_%top,predicted_%top,index
0,99.7,92.61176674949853,7
1,54.0,64.8513760802774,31
2,82.0,75.54992595216525,39
3,15.0,27.249813954386262,42
4,99.5,75.54992595216525,49
5,96.5,92.9850135870468,61
6,85.0,87.93756990199321,65
7,78.0,81.51884156666769,73
8,96.0,98.27176618416026,79
9,39.5,46.742909330603275,93
