,real_%top,predicted_%top,index
0,93.8,82.28878972865589,8
1,99.3,99.05885828236305,16
2,96.5,95.58654942911834,27
3,99.5,97.57486259128298,47
4,62.0,87.01813969294595,54
5,98.0,90.32435604118103,57
6,98.0,89.89920877039627,62
7,79.0,76.98475789047771,71
8,22.0,21.734631239267266,99
9,6.5,16.033320980082014,102
