,real_%top,predicted_%top,index
0,99.95,98.74288793354907,10
1,57.0,76.99184850174336,29
2,10.0,24.768059384651306,32
3,99.5,87.62540210312567,38
4,98.5,88.73354629781984,45
5,62.0,86.64417838933943,55
6,97.0,93.40768570326729,67
7,98.0,97.44664997710623,75
8,45.5,22.01144026765717,89
9,66.5,98.78522421116031,99
