,real_%top,predicted_%top,index
0,71.0,86.30731051723951,19
1,97.5,94.77253805394788,20
2,51.5,93.76831065660899,23
3,64.0,86.13623919349962,33
4,95.5,94.77253805394788,59
5,68.5,86.30731051723951,60
6,8.0,20.90806010946504,64
7,63.0,68.96162361894727,88
8,20.0,20.90806010946504,95
9,9.0,20.90806010946504,98
