,real_%top,predicted_%top,index
0,92.15,72.17700716119462,0
1,98.0,97.08764204464234,13
2,99.9,97.08764204464234,17
3,71.0,83.22782319122147,18
4,34.5,27.842736942309756,24
5,21.5,20.11187148708311,29
6,98.5,74.9333744931792,44
7,74.5,91.89222025800255,68
8,81.0,74.9333744931792,73
9,45.0,72.17700716119462,91
