,real_%top,predicted_%top,index
0,99.95,98.41668573513907,9
1,98.5,98.70205675578511,15
2,99.5,96.3551662931839,34
3,89.5,69.6582349698912,36
4,15.0,20.232130960778992,41
5,83.5,77.57750441600882,50
6,96.5,95.34815927740556,53
7,62.5,64.69690773115772,55
8,95.5,86.36632484345716,58
9,40.0,24.606442495078042,89
