,real_%top,predicted_%top,index
0,91.4,77.17427856475925,3
1,99.0,96.87567747719775,14
2,23.0,21.126209576745122,23
3,98.5,91.48479521963387,25
4,99.0,94.05020971528637,49
5,88.0,90.68261408239576,61
6,91.0,94.59733771660143,65
7,99.5,94.8427829315031,79
8,99.0,76.07501127670547,81
9,48.5,70.77590406255776,93
10,21.5,21.07900509893127,95
