,real_%top,predicted_%top,index
0,99.95,106.10110123744809,5
1,98.45,92.44393347560855,6
2,99.0,99.67549371863836,15
3,99.3,99.71351795936863,17
4,99.5,98.61677903747817,35
5,36.5,56.70029462405766,43
6,97.0,82.14360576891661,44
7,99.0,83.93597469703433,82
8,98.5,92.18735349421543,83
9,48.5,64.58669046514422,94
10,6.5,16.268272267851216,103
