,real_%top,predicted_%top,index
0,92.0,84.24797562599966,1
1,99.95,103.1141033224153,7
2,86.5,88.94187777978635,21
3,10.0,11.925163281286672,31
4,97.0,86.456751845639,43
5,99.5,95.55678960561006,45
6,82.0,98.14466234457464,51
7,68.5,87.16611678493716,59
8,78.0,97.34533483247357,76
9,45.5,-9.199089084844786,88
10,5.0,18.66381184362905,101
