,real_%top,predicted_%top,index
0,7.0,21.38745419770833,10
1,99.95,80.04848955365023,11
2,97.5,94.80242765670899,19
3,99.0,82.71625220639388,26
4,94.0,94.80242765670899,35
5,99.5,91.19209330338018,37
6,31.5,21.28942654619318,39
7,59.5,81.95730570539949,56
8,96.5,91.19209330338018,60
9,95.5,97.51816977173189,85
