,real_%top,predicted_%top,index
0,99.7,82.82953609478281,7
1,54.0,78.06103532456378,31
2,82.0,92.35829025089453,39
3,15.0,20.37716275602011,42
4,99.5,92.35829025089453,49
5,96.5,92.35829025089453,61
6,85.0,83.10914982957166,65
7,78.0,71.79844614679554,73
8,96.0,98.3328690883831,79
9,39.5,71.79844614679554,93
