,real_%top,predicted_%top,index
0,92.0,87.20538461538465,2
1,99.95,87.20538461538465,8
2,99.95,87.20538461538465,12
3,34.5,38.25000000000008,25
4,23.5,16.39999999999992,34
5,89.5,87.20538461538465,37
6,31.5,16.39999999999992,40
7,82.0,87.20538461538465,52
8,59.5,87.20538461538465,57
9,81.5,87.20538461538465,71
10,98.5,87.20538461538465,85
