,real_%top,predicted_%top,index
0,91.4,85.3763032034581,3
1,99.0,98.24393375769077,14
2,23.0,27.089889839658362,23
3,98.5,90.85010123836119,25
4,99.0,90.85010123836119,49
5,88.0,85.32799620703469,61
6,91.0,88.03124752954801,65
7,99.5,94.80766816321555,79
8,99.0,94.0146887321001,81
9,48.5,63.53368400325162,93
10,21.5,-1.6663798569763912,95
