,real_%top,predicted_%top,index
0,99.95,105.94586893178743,4
1,99.5,95.56224908277497,40
2,99.5,89.03499485684678,48
3,98.0,100.77013030894553,74
4,96.0,91.73034195861864,78
5,21.0,35.9742046611619,80
6,98.5,97.83680120170803,82
7,63.0,69.01820238211123,87
8,44.5,68.84677954385452,90
9,66.5,87.41740631614378,98
