,real_%top,predicted_%top,index
0,92.15,85.00249371421116,1
1,91.4,86.2316529048593,4
2,93.8,92.95957482945188,9
3,70.5,84.14802258103471,21
4,21.5,11.416131141722744,30
5,83.5,81.77595555100729,51
6,91.0,84.87846876069706,66
7,74.5,85.6888373118675,69
8,99.0,89.7930551536331,76
9,40.0,-5.334486848920747,90
