,real_%top,predicted_%top,index
0,99.95,96.34694834344576,5
1,98.45,89.39924574800199,6
2,99.0,97.0182788912476,15
3,99.3,97.0182788912476,17
4,99.5,94.70168656596674,35
5,36.5,20.265462437223086,43
6,97.0,84.1261931092192,44
7,99.0,90.88604689840386,82
8,98.5,95.12482170390881,83
9,48.5,62.41195473554221,94
10,6.5,18.78730911831976,103
