,real_%top,predicted_%top,index
0,92.0,77.80393121492374,1
1,99.95,95.80889951147715,7
2,86.5,95.19933551656678,21
3,10.0,24.642438309132384,31
4,97.0,88.25952065585555,43
5,99.5,96.16242281647233,45
6,82.0,86.9737211233211,51
7,68.5,92.48413943556443,59
8,78.0,96.29652173154291,76
9,45.5,23.371532756351826,88
10,5.0,18.332045313239394,101
