,real_%top,predicted_%top,index
0,98.0,99.14798266241819,14
1,86.5,80.92744724890898,22
2,23.0,22.308370203658967,24
3,98.5,89.08922194722841,47
4,96.5,88.35056415729386,53
5,98.0,90.46791273600954,58
6,97.5,83.16722937470415,68
7,97.0,101.99697512986438,78
8,21.0,38.51894403237921,81
9,95.5,95.1657579271731,86
