,real_%top,predicted_%top,index
0,99.95,96.8161690496904,9
1,98.5,96.83261260645236,15
2,99.5,101.34830879070421,34
3,89.5,95.96273271057139,36
4,15.0,31.874347805926966,41
5,83.5,68.9754509657304,50
6,96.5,80.0139019611538,53
7,62.5,71.39206555914274,55
8,95.5,78.26843645829821,58
9,40.0,6.705212050104834,89
