,real_%top,predicted_%top,index
0,91.4,86.13873705648412,3
1,99.0,96.65308810331538,14
2,23.0,17.365866854623306,23
3,98.5,89.14151253182003,25
4,99.0,87.84131921663436,49
5,88.0,83.52108714517337,61
6,91.0,85.38858969206491,65
7,99.5,98.84577555914898,79
8,99.0,91.70737227091033,81
9,48.5,65.89897478824395,93
10,21.5,0.9809454308167176,95
