,real_%top,predicted_%top,index
0,92.0,83.6250709271479,2
1,99.95,97.56658070387252,8
2,99.95,88.66396744252893,12
3,34.5,22.49548899357751,25
4,23.5,14.096103109395926,34
5,89.5,87.035374825714,37
6,31.5,23.329460509623004,40
7,82.0,90.22862788810308,52
8,59.5,75.22343631094736,57
9,81.5,82.01621890442607,71
10,98.5,95.01786172668353,85
