,real_%top,predicted_%top,index
0,91.4,88.30318713641117,3
1,99.0,98.9693050933737,14
2,23.0,17.79814936713288,23
3,98.5,76.59398826115472,25
4,99.0,89.88504313932067,49
5,88.0,85.7124901636192,61
6,91.0,83.7000724126157,65
7,99.5,93.33042507033603,79
8,99.0,84.50865318869465,81
9,48.5,63.3940463971946,93
10,21.5,1.826914201437944,95
