,real_%top,predicted_%top,index
0,92.0,86.0132808254728,2
1,99.95,102.08368100095682,8
2,99.95,89.74022711249897,12
3,34.5,43.43530700298514,25
4,23.5,18.41794737500983,34
5,89.5,94.8234313875574,37
6,31.5,29.261305127104876,40
7,82.0,97.11830098585922,52
8,59.5,73.64768477707736,57
9,81.5,86.8925122299631,71
10,98.5,94.46496065409193,85
