,real_%top,predicted_%top,index
0,99.95,100.3540899685658,5
1,98.45,102.62215107271815,6
2,99.0,98.70612781577934,15
3,99.3,99.77960656572078,17
4,99.5,101.76929652722178,35
5,36.5,17.539303264631133,43
6,97.0,77.98503187441906,44
7,99.0,96.87785337382256,82
8,98.5,98.9936592479102,83
9,48.5,39.3553531731064,94
10,6.5,13.448639313092258,103
