,real_%top,predicted_%top,index
0,92.0,86.64995511544429,1
1,99.95,101.25659739476532,7
2,86.5,98.00904885137118,21
3,10.0,21.2508016076614,31
4,97.0,72.98878028230256,43
5,99.5,98.85040344314923,45
6,82.0,91.19181794577771,51
7,68.5,96.36268209877413,59
8,78.0,97.33989610427845,76
9,45.5,26.02927065640192,88
10,5.0,6.197345280075981,101
