,real_%top,predicted_%top,index
0,92.15,93.48942365629581,1
1,91.4,88.86433267275868,4
2,93.8,96.33811517719175,9
3,70.5,96.5270529740185,21
4,21.5,21.66804495765946,30
5,83.5,71.58471330273588,51
6,91.0,95.4662758074305,66
7,74.5,96.9893707310605,69
8,99.0,94.83251100612941,76
9,40.0,46.10300503541464,90
