,real_%top,predicted_%top,index
0,99.95,100.23415847302591,4
1,99.5,99.79520680940229,40
2,99.5,98.51174293236576,48
3,98.0,99.86603360704262,74
4,96.0,90.50610850004075,78
5,21.0,18.011133394664824,80
6,98.5,96.06778100494236,82
7,63.0,53.02999133302979,87
8,44.5,52.69536159980632,90
9,66.5,81.64562734238599,98
