,real_%top,predicted_%top,index
0,92.15,90.27040120452146,1
1,91.4,81.12537079687439,4
2,93.8,99.70362714834775,9
3,70.5,96.98560782258268,21
4,21.5,16.696718636328544,30
5,83.5,97.9876680815429,51
6,91.0,80.13013524766212,66
7,74.5,97.25727715118117,69
8,99.0,97.98816725041766,76
9,40.0,46.276965228739535,90
