,real_%top,predicted_%top,index
0,99.95,93.49166666666665,4
1,99.5,94.64444444444443,40
2,99.5,94.64444444444443,48
3,98.0,93.49166666666665,74
4,96.0,94.64444444444443,78
5,21.0,13.785714285714299,80
6,98.5,84.1892857142857,82
7,63.0,44.333333333333314,87
8,44.5,44.333333333333314,90
9,66.5,94.64444444444443,98
