,real_%top,predicted_%top,index
0,92.0,87.185898484689,1
1,99.95,102.3339749736742,7
2,86.5,85.86777019465548,21
3,10.0,16.008548120394067,31
4,97.0,89.24230618565728,43
5,99.5,96.19789478062152,45
6,82.0,97.06425795139286,51
7,68.5,86.98373055486684,59
8,78.0,96.97215755658982,76
9,45.5,-16.831848563790658,88
10,5.0,18.01576024379196,101
