,real_%top,predicted_%top,index
0,99.95,103.42843500645091,5
1,98.45,92.01815352996229,6
2,99.0,97.26078196517459,15
3,99.3,97.21850653463378,17
4,99.5,97.9430529130815,35
5,36.5,54.50238701102643,43
6,97.0,83.63573497827178,44
7,99.0,84.36534748946957,82
8,98.5,91.0813925622464,83
9,48.5,66.96275483192042,94
10,6.5,18.282649644903287,103
