,real_%top,predicted_%top,index
0,91.85,61.21178003436413,3
1,98.5,98.1195385693523,16
2,88.0,73.74236901243343,62
3,95.5,97.92168227011534,70
4,79.0,81.68182360101858,72
5,99.5,96.60854641288623,80
6,98.5,98.62861782860939,84
7,98.0,95.52971142996878,87
8,44.5,67.76216934492786,91
9,30.0,8.652786089183863,97
