,real_%top,predicted_%top,index
0,98.45,99.53006529571273,5
1,99.7,57.254572429498566,6
2,70.5,97.23455381727463,20
3,57.0,69.10544529456334,28
4,54.0,70.27177964103565,30
5,23.5,19.125355509768514,33
6,36.5,20.06479400204478,42
7,97.5,95.00549504172973,67
8,95.5,96.52445486046278,69
9,98.5,98.17080025588362,83
