,real_%top,predicted_%top,index
0,99.95,94.47238190799382,4
1,99.5,93.26959439227265,40
2,99.5,93.26959439227265,48
3,98.0,94.47238190799382,74
4,96.0,97.47722389797171,78
5,21.0,20.330792796225033,80
6,98.5,76.1685561338436,82
7,63.0,75.01353970773374,87
8,44.5,75.01353970773374,90
9,66.5,93.26959439227265,98
