,real_%top,predicted_%top,index
0,92.15,68.89582180268292,1
1,91.4,79.97801369850603,4
2,93.8,98.249357122366,9
3,70.5,98.1817421369007,21
4,21.5,21.840841846716554,30
5,83.5,86.230981330485,51
6,91.0,79.97801369850603,66
7,74.5,94.65527365459123,69
8,99.0,98.0253698420115,76
9,40.0,25.893764332286544,90
