,real_%top,predicted_%top,index
0,92.15,84.63441238022344,1
1,91.4,82.50396414652545,4
2,93.8,95.40422915419975,9
3,70.5,77.98466997451028,21
4,21.5,17.30153590063071,30
5,83.5,78.18287025495192,51
6,91.0,84.49019455627003,66
7,74.5,89.44285473500325,69
8,99.0,85.39702673095363,76
9,40.0,11.465316048645604,90
