,real_%top,predicted_%top,index
0,99.95,106.49991960531096,4
1,99.5,94.9487666756168,40
2,99.5,92.4526788195958,48
3,98.0,105.83778134903258,74
4,96.0,97.90898857932693,78
5,21.0,27.815835299702528,80
6,98.5,97.12791031326644,82
7,63.0,58.99735695465273,87
8,44.5,58.93180313217137,90
9,66.5,92.79836733638462,98
