,real_%top,predicted_%top,index
0,99.95,97.08167553523782,10
1,57.0,86.01565771914983,29
2,10.0,20.307339696838817,32
3,99.5,92.42301427131753,38
4,98.5,78.5274444859898,45
5,62.0,86.01565771914983,55
6,97.0,92.42301427131753,67
7,98.0,93.09686606126765,75
8,45.5,20.307339696838817,89
9,66.5,92.42301427131753,99
