,real_%top,predicted_%top,index
0,98.0,96.71867961558209,14
1,86.5,84.8631116060518,22
2,23.0,20.83258539246532,24
3,98.5,90.52512599430148,47
4,96.5,96.14954321630402,53
5,98.0,91.72721880175777,58
6,97.5,84.04501305913766,68
7,97.0,101.62853669639972,78
8,21.0,32.938804794691016,81
9,95.5,94.75705617110069,86
