,real_%top,predicted_%top,index
0,99.95,96.85015393977173,9
1,98.5,97.1874225538851,15
2,99.5,100.23222830792147,34
3,89.5,94.25670194157904,36
4,15.0,31.586151878632613,41
5,83.5,76.05891063371034,50
6,96.5,88.20992769121607,53
7,62.5,71.28414800730313,55
8,95.5,77.81655737917356,58
9,40.0,8.112807123628272,89
