,real_%top,predicted_%top,index
0,91.85,71.05036877689304,3
1,98.5,97.42788679721335,16
2,88.0,89.40227282417437,62
3,95.5,93.16386596771386,70
4,79.0,75.02170949936504,72
5,99.5,92.27197979226654,80
6,98.5,93.07629621334544,84
7,98.0,93.14611367366291,87
8,44.5,70.36068295177046,91
9,30.0,17.690958763458763,97
