,real_%top,predicted_%top,index
0,98.45,92.34042979684787,5
1,99.7,97.02196110085087,6
2,70.5,91.52766611747171,20
3,57.0,76.93338086450228,28
4,54.0,71.88754185836954,30
5,23.5,20.662812188306187,33
6,36.5,21.79957262990708,42
7,97.5,92.4525210168705,67
8,95.5,91.83807754449319,69
9,98.5,96.96648281228578,83
