,real_%top,predicted_%top,index
0,7.0,28.803136498468376,11
1,99.75,99.67553034389289,13
2,99.9,98.02155829107924,18
3,98.5,51.611959751313975,26
4,94.0,100.34759894164063,36
5,99.5,82.03668017010621,41
6,99.5,93.15418159320409,46
7,96.5,103.20855835170939,54
8,62.5,56.57013268008968,56
9,21.5,17.308211648609,96
10,22.0,16.929425276041812,100
