,real_%top,predicted_%top,index
0,91.85,83.10156237090024,2
1,99.75,97.27505533199714,12
2,51.5,98.4004814458307,22
3,64.0,56.36536307304475,32
4,96.5,95.05614510417442,52
5,97.0,74.55105296426088,66
6,99.0,83.85415050272522,75
7,97.0,104.0130520504993,77
8,39.5,48.558828012995995,92
9,30.0,8.99045627642584,96
10,11.0,17.771586000383053,100
