,real_%top,predicted_%top,index
0,92.15,92.00580988612167,0
1,98.0,98.33500636388176,13
2,99.9,98.40045192637179,17
3,71.0,81.12160392254482,18
4,34.5,33.896470444718496,24
5,21.5,14.370692146840987,29
6,98.5,99.25596770755415,44
7,74.5,97.01547597290258,68
8,81.0,80.5725348059003,73
9,45.0,47.292291097019515,91
