,real_%top,predicted_%top,index
0,71.0,83.50210245039672,19
1,97.5,90.65695623111066,20
2,51.5,98.4830407647579,23
3,64.0,56.15083404125169,33
4,95.5,91.48746118549462,59
5,68.5,86.48337026151127,60
6,8.0,31.7762852097616,64
7,63.0,46.19063171114371,88
8,20.0,24.8426992532337,95
9,9.0,29.961509829082974,98
