,real_%top,predicted_%top,index
0,99.0,87.36135790628143,27
1,96.5,90.6568862840999,28
2,99.5,95.02739501025934,48
3,99.0,95.03765142051576,50
4,98.0,89.60427798353604,63
5,81.0,76.72678779696611,74
6,78.0,94.6512138899499,77
7,45.0,65.38140981544252,92
8,11.0,24.72716726593409,101
9,5.0,20.711383688400527,102
