,real_%top,predicted_%top,index
0,82.0,88.10211403167908,38
1,98.5,97.68084634479082,46
2,8.0,19.892252723583606,63
3,85.0,87.44209695308774,64
4,81.5,74.58933540891299,70
5,78.0,61.936071475624075,72
6,98.5,94.27619982963589,84
7,98.0,94.26232482963589,86
8,20.0,24.513272537103422,94
9,9.0,19.544433279139163,97
