,real_%top,predicted_%top,index
0,99.95,102.5434024831362,10
1,57.0,78.20246446049724,29
2,10.0,24.51422042328449,32
3,99.5,98.91735962474617,38
4,98.5,92.9540159372963,45
5,62.0,71.39951606265241,55
6,97.0,75.03751047070995,67
7,98.0,92.47773000837267,75
8,45.5,22.164100391008965,89
9,66.5,101.4479922457261,99
