,real_%top,predicted_%top,index
0,93.8,71.5923813011637,8
1,99.3,100.14742244268174,16
2,96.5,92.55961940133753,27
3,99.5,98.2399065439063,47
4,62.0,60.98809705005056,54
5,98.0,96.64739037057807,57
6,98.0,83.88669382952037,62
7,79.0,81.64830196266351,71
8,22.0,15.315297924569046,99
9,6.5,4.860243471189518,102
