,real_%top,predicted_%top,index
0,91.85,47.831886,2
1,99.75,90.7796,12
2,51.5,90.770935,22
3,64.0,90.891655,32
4,96.5,90.76412,52
5,97.0,90.75763,66
6,99.0,90.65442,75
7,97.0,90.686195,77
8,39.5,39.831654,92
9,30.0,20.961363,96
10,11.0,21.89258,100
