,real_%top,predicted_%top,index
0,91.85,42.414494,2
1,99.75,77.50069,12
2,51.5,76.087105,22
3,64.0,77.426895,32
4,96.5,93.93266,52
5,97.0,77.353516,66
6,99.0,94.64747,75
7,97.0,94.652756,77
8,39.5,77.53551,92
9,30.0,9.390313,96
10,11.0,37.50608,100
