,real_%top,predicted_%top,index
0,91.85,47.83368,2
1,99.75,90.79295,12
2,51.5,90.79962,22
3,64.0,90.90519,32
4,96.5,90.79255,52
5,97.0,90.785866,66
6,99.0,90.68226,75
7,97.0,90.714035,77
8,39.5,39.888206,92
9,30.0,20.986145,96
10,11.0,21.929163,100
