,real_%top,predicted_%top,index
0,98.0,98.759212059409,14
1,86.5,86.30938268101104,22
2,23.0,16.71362745007506,24
3,98.5,100.11225993234606,47
4,96.5,97.6056681788423,53
5,98.0,96.50281768342239,58
6,97.5,95.37086662647091,68
7,97.0,99.50103391677453,78
8,21.0,18.856841347306457,81
9,95.5,96.49824425858371,86
