,real_%top,predicted_%top,index
0,99.95,98.68141778226848,9
1,98.5,97.29598469932688,15
2,99.5,101.04427398383541,34
3,89.5,80.67820204699954,36
4,15.0,8.77925885232563,41
5,83.5,70.96009056893868,50
6,96.5,95.26387313606753,53
7,62.5,65.18084261800483,55
8,95.5,90.31005167203313,58
9,40.0,43.33020012961487,89
