,real_%top,predicted_%top,index
0,82.0,94.16676893161299,38
1,98.5,93.4229459302468,46
2,8.0,19.71562203726623,63
3,85.0,78.25231439765827,64
4,81.5,86.62559788789365,70
5,78.0,86.30750718587935,72
6,98.5,95.26751882434485,84
7,98.0,95.56144076631507,86
8,20.0,4.686290346958188,94
9,9.0,17.494071447442337,97
