,real_%top,predicted_%top,index
0,99.7,98.20594692223443,7
1,54.0,83.84608555440893,31
2,82.0,92.58684488063331,39
3,15.0,29.730452818893824,42
4,99.5,93.3430392822756,49
5,96.5,90.72571546910521,61
6,85.0,78.46696552001966,65
7,78.0,84.93317893204848,73
8,96.0,93.67393825827287,79
9,39.5,66.08505956909634,93
