,real_%top,predicted_%top,index
0,7.0,41.78189442913161,10
1,99.95,91.06329125648948,11
2,97.5,82.2040298045155,19
3,99.0,68.75758687257269,26
4,94.0,85.17447395659721,35
5,99.5,92.99164388146541,37
6,31.5,29.302235057102493,39
7,59.5,72.66632649490992,56
8,96.5,88.22645353644621,60
9,95.5,94.27269470317812,85
