,real_%top,predicted_%top,index
0,99.95,94.26670234806994,9
1,98.5,98.33739774643833,15
2,99.5,102.57095236993467,34
3,89.5,83.49390083578399,36
4,15.0,13.81391386300956,41
5,83.5,73.9008273090112,50
6,96.5,97.35446797156547,53
7,62.5,55.431804518629846,55
8,95.5,86.92639527544996,58
9,40.0,43.82810016033003,89
