,real_%top,predicted_%top,index
0,92.15,66.89530561868688,1
1,91.4,80.2405863601676,4
2,93.8,82.49396345941642,9
3,70.5,95.67343618881115,21
4,21.5,23.51297587296175,30
5,83.5,78.18544644305857,51
6,91.0,92.16666399442063,66
7,74.5,95.07271022792567,69
8,99.0,93.9182370754246,76
9,40.0,21.19929583771922,90
