,real_%top,predicted_%top,index
0,99.95,98.33616962898213,4
1,99.5,97.81862188953546,40
2,99.5,97.91731667808025,48
3,98.0,96.6641749236337,74
4,96.0,91.00368920869505,78
5,21.0,19.689108886533997,80
6,98.5,97.37513920485898,82
7,63.0,65.22907742500878,87
8,44.5,65.22907742500878,90
9,66.5,98.61958189652194,98
