,real_%top,predicted_%top,index
0,91.85,87.55859375,2
1,99.75,98.031005859375,12
2,51.5,86.85693359375,22
3,64.0,81.16650390625,32
4,96.5,89.84521484375,52
5,97.0,83.30810546875,66
6,99.0,87.72705078125,75
7,97.0,100.048828125,77
8,39.5,66.56689453125,92
9,30.0,14.865966796875,96
10,11.0,16.208740234375,100
