,real_%top,predicted_%top,index
0,91.85,87.5593124696563,2
1,99.75,98.03158642248594,12
2,51.5,86.85757296555876,22
3,64.0,81.1673135231809,32
4,96.5,89.84586777434649,52
5,97.0,83.3087684618305,66
6,99.0,87.72782012752002,75
7,97.0,100.04949125535886,77
8,39.5,66.56774510774756,92
9,30.0,14.86660617810631,96
10,11.0,16.209491167066716,100
