,real_%top,predicted_%top,index
0,7.0,34.42494915122046,10
1,99.95,89.20387050403873,11
2,97.5,84.27295585629477,19
3,99.0,68.2923827865415,26
4,94.0,86.5615665498542,35
5,99.5,99.17224583571696,37
6,31.5,28.946525566559167,39
7,59.5,74.92023282503264,56
8,96.5,93.43508560779794,60
9,95.5,95.92681904715118,85
