,real_%top,predicted_%top,index
0,99.7,98.64040354049918,7
1,54.0,84.45006615986884,31
2,82.0,91.21819200988713,39
3,15.0,29.712895301419508,42
4,99.5,95.76557291681901,49
5,96.5,89.68014855430197,61
6,85.0,76.7686893431509,65
7,78.0,84.65445527815399,73
8,96.0,91.42258112817228,79
9,39.5,72.22844823032257,93
