,real_%top,predicted_%top,index
0,91.85,91.8286453218825,2
1,99.75,101.6686035790183,12
2,51.5,95.90028391540848,22
3,64.0,56.85484496876631,32
4,96.5,95.74372578824448,52
5,97.0,76.37338573195828,66
6,99.0,90.23899167674652,75
7,97.0,95.50092972036333,77
8,39.5,47.23731930863214,92
9,30.0,9.27986793524038,96
10,11.0,9.654505880114991,100
