,real_%top,predicted_%top,index
0,98.45,98.80001959789718,5
1,99.7,88.21591648009387,6
2,70.5,96.61260091602756,20
3,57.0,74.21342662740477,28
4,54.0,73.75444718849998,30
5,23.5,18.34758686390889,33
6,36.5,18.327932894233182,42
7,97.5,89.63834581802847,67
8,95.5,93.40656303571127,69
9,98.5,95.59069682069298,83
