,real_%top,predicted_%top,index
0,91.85,84.03181476516147,3
1,98.5,98.72957493822953,16
2,88.0,82.61674602417051,62
3,95.5,97.03468162306922,70
4,79.0,81.79325478282276,72
5,99.5,95.82916038625969,80
6,98.5,91.84351038254644,84
7,98.0,95.72449766011516,87
8,44.5,61.91227399230423,91
9,30.0,25.84537253285657,97
