,real_%top,predicted_%top,index
0,92.0,76.09862937776917,2
1,99.95,93.0526187476949,8
2,99.95,81.47094125052193,12
3,34.5,22.66357389538323,25
4,23.5,21.760811269120598,34
5,89.5,89.64375586049574,37
6,31.5,22.04682175863109,40
7,82.0,90.55799360761293,52
8,59.5,74.12045685070042,57
9,81.5,78.36027475119074,71
10,98.5,96.99091920642527,85
