,real_%top,predicted_%top,index
0,99.95,97.06501572234953,5
1,98.45,92.17700681029496,6
2,99.0,97.99571699285902,15
3,99.3,97.91717153831355,17
4,99.5,95.25557252783977,35
5,36.5,23.822692722890288,43
6,97.0,86.49773004816817,44
7,99.0,88.642467590086,82
8,98.5,94.49199786721341,83
9,48.5,65.9450587683558,94
10,6.5,20.264444549495053,103
