,real_%top,predicted_%top,index
0,92.0,79.09995606293216,1
1,99.95,95.14101203993373,7
2,86.5,92.90503906568576,21
3,10.0,23.2490133943284,31
4,97.0,86.35556848418396,43
5,99.5,97.90013634031524,45
6,82.0,78.98459681384789,51
7,68.5,90.84261557642992,59
8,78.0,95.31433198859965,76
9,45.5,22.5860308907209,88
10,5.0,17.698483708736227,101
