,real_%top,predicted_%top,index
0,92.15,89.54609824144873,0
1,98.0,95.780923440804,13
2,99.9,96.44169078520217,17
3,71.0,77.94479861904094,18
4,34.5,64.50834886062597,24
5,21.5,20.530943159011017,29
6,98.5,94.94080994547645,44
7,74.5,84.38336306710369,68
8,81.0,84.11120450403742,73
9,45.0,62.17671275092626,91
