,real_%top,predicted_%top,index
0,7.0,32.91982244743412,11
1,99.75,104.77589240412821,13
2,99.9,98.76174372614538,18
3,98.5,93.66680227983326,26
4,94.0,85.00542113398272,36
5,99.5,93.66680227983326,41
6,99.5,94.8288191736494,46
7,96.5,96.493057117267,54
8,62.5,46.34393421085108,56
9,21.5,20.446011620113488,96
10,22.0,18.767933643485975,100
