,real_%top,predicted_%top,index
0,91.85,80.93999999999998,2
1,99.75,80.93999999999998,12
2,51.5,96.07407407407406,22
3,64.0,80.93999999999998,32
4,96.5,96.07407407407406,52
5,97.0,96.07407407407406,66
6,99.0,94.59999999999998,75
7,97.0,96.07407407407406,77
8,39.5,52.000000000000036,92
9,30.0,14.000000000000018,96
10,11.0,18.333333333333357,100
