,real_%top,predicted_%top,index
0,93.8,99.944415098899,8
1,99.3,99.24782000968015,16
2,96.5,93.07281910009303,27
3,99.5,99.07644839910843,47
4,62.0,57.47789694869582,54
5,98.0,94.8098543388397,57
6,98.0,87.96915876488848,62
7,79.0,74.03684810404961,71
8,22.0,16.780035323569184,99
9,6.5,7.279200210677035,102
