,real_%top,predicted_%top,index
0,99.95,93.77755279840159,10
1,57.0,58.60441421354182,29
2,10.0,19.838960434025843,32
3,99.5,94.25856825418789,38
4,98.5,97.88446848308365,45
5,62.0,59.82326327344733,55
6,97.0,74.53424305901633,67
7,98.0,94.15143439649466,75
8,45.5,22.44558198720956,89
9,66.5,51.0549432399738,99
