,real_%top,predicted_%top,index
0,98.0,81.40371,13
1,86.5,81.446335,21
2,23.0,36.735756,23
3,98.5,81.49871,46
4,96.5,81.60097,52
5,98.0,81.54995,57
6,97.5,81.49362,67
7,97.0,80.76283,77
8,21.0,80.68086,80
9,95.5,80.70911,85
