,real_%top,predicted_%top,index
0,99.95,80.0098,9
1,98.5,79.981026,15
2,99.5,80.014626,34
3,89.5,80.00969,36
4,15.0,14.981492,41
5,83.5,94.61635,50
6,96.5,94.59659,53
7,62.5,79.347496,55
8,95.5,80.06771,58
9,40.0,78.86545,89
