,real_%top,predicted_%top,index
0,99.95,90.03149,9
1,98.5,90.03414,15
2,99.5,90.02668,34
3,89.5,90.02508,36
4,15.0,89.43338,41
5,83.5,90.05304,50
6,96.5,90.25954,53
7,62.5,89.189224,55
8,95.5,90.24482,58
9,40.0,42.279346,89
