,real_%top,predicted_%top,index
0,92.15,66.76932057664555,0
1,98.0,98.2972577740973,13
2,99.9,98.33198504207785,17
3,71.0,79.46040492240604,18
4,34.5,23.520805591510303,24
5,21.5,23.2490133943284,29
6,98.5,91.82811166703523,44
7,74.5,96.20802959076099,68
8,81.0,74.88213015689377,73
9,45.0,61.701577920690404,91
