,real_%top,predicted_%top,index
0,71.0,82.43792165725357,19
1,97.5,96.42723808679062,20
2,51.5,92.20447231196087,23
3,64.0,75.03389827182622,33
4,95.5,85.37411126523544,59
5,68.5,90.4727253623827,60
6,8.0,20.59562618730169,64
7,63.0,65.9450587683558,88
8,20.0,23.55100958168508,95
9,9.0,20.264444549495053,98
