,real_%top,predicted_%top,index
0,91.85,83.27423876305915,2
1,99.75,95.11360420822957,12
2,51.5,94.64805965959711,22
3,64.0,82.8049110365827,32
4,96.5,94.50190533514626,52
5,97.0,90.55410881230979,66
6,99.0,78.18097207132212,75
7,97.0,91.8748145203708,77
8,39.5,72.35520894964088,92
9,30.0,19.996898438447243,96
10,11.0,19.996898438447243,100
