,real_%top,predicted_%top,index
0,99.95,93.82489038225872,9
1,98.5,97.792371867149,15
2,99.5,92.02075781160482,34
3,89.5,88.65721857271369,36
4,15.0,19.79847787802583,41
5,83.5,79.21296848511592,50
6,96.5,90.65110679096364,53
7,62.5,75.93771322940495,55
8,95.5,77.76095623969663,58
9,40.0,20.751450954948908,89
