,real_%top,predicted_%top,index
0,98.0,98.11960763444011,14
1,86.5,94.32029757830422,22
2,23.0,22.77924090933987,24
3,98.5,96.64694760069897,47
4,96.5,96.69350337766032,53
5,98.0,91.61890479419866,58
6,97.5,93.029834356593,68
7,97.0,93.46761098466386,78
8,21.0,22.77924090933987,81
9,95.5,94.04344184603674,86
