,real_%top,predicted_%top,index
0,91.4,81.34723717604861,3
1,99.0,97.77717933167375,14
2,23.0,19.76182021461143,23
3,98.5,90.01634315060535,25
4,99.0,90.01634315060535,49
5,88.0,90.01634315060535,61
6,91.0,81.34723717604861,65
7,99.5,97.77717933167375,79
8,99.0,83.47283948575652,81
9,48.5,70.16202842551746,93
10,21.5,19.9008333889371,95
