,real_%top,predicted_%top,index
0,91.85,86.45969178103232,3
1,98.5,97.65871848965702,16
2,88.0,83.95491477586734,62
3,95.5,84.56832200891867,70
4,79.0,82.74422799972604,72
5,99.5,93.48289556548316,80
6,98.5,91.81487891343771,84
7,98.0,92.85738932096612,87
8,44.5,66.46375108513762,91
9,30.0,10.7486077041318,97
