,real_%top,predicted_%top,index
0,98.45,92.51883910716718,5
1,99.7,98.63494301465184,6
2,70.5,85.28929931924122,20
3,57.0,86.4971562271405,28
4,54.0,88.92623313476331,30
5,23.5,20.23381868738052,33
6,36.5,54.1111494859337,42
7,97.5,82.06601900904789,67
8,95.5,82.28899687138144,69
9,98.5,91.60580011675218,83
