,real_%top,predicted_%top,index
0,71.0,76.97421109465488,19
1,97.5,96.45858403006143,20
2,51.5,98.39721044520704,23
3,64.0,55.111786735672965,33
4,95.5,87.1172070744519,59
5,68.5,88.40971347894646,60
6,8.0,31.095372818977367,64
7,63.0,45.15000262683734,88
8,20.0,21.830139384599786,95
9,9.0,29.98559543744578,98
