,real_%top,predicted_%top,index
0,92.15,89.62552161814156,0
1,98.0,97.82316688274408,13
2,99.9,99.17875191420286,17
3,71.0,85.34512774761812,18
4,34.5,33.66691086350284,24
5,21.5,19.464844428760983,29
6,98.5,97.64402734944987,44
7,74.5,96.98531174559245,68
8,81.0,80.37845809698317,73
9,45.0,56.399602064781455,91
