,real_%top,predicted_%top,index
0,82.0,86.96744450867168,38
1,98.5,99.43837062975548,46
2,8.0,19.194085305688127,63
3,85.0,94.63229128857972,64
4,81.5,82.43812443538596,70
5,78.0,53.795810663552246,72
6,98.5,98.34351863698394,84
7,98.0,95.58202516852795,86
8,20.0,21.65398443385921,94
9,9.0,6.893375076105255,97
