,real_%top,predicted_%top,index
0,99.0,75.91435929863383,27
1,96.5,76.04622227888589,28
2,99.5,99.60369170099898,48
3,99.0,99.47579127802803,50
4,98.0,95.76241135114888,63
5,81.0,78.56274984755233,74
6,78.0,95.22664376208068,77
7,45.0,43.38962466500126,92
8,11.0,30.322282487262544,101
9,5.0,8.688441357653826,102
