,real_%top,predicted_%top,index
0,82.0,90.11281651707213,38
1,98.5,94.4178904903211,46
2,8.0,22.070863525728655,63
3,85.0,83.44796469673256,64
4,81.5,66.9411955694546,70
5,78.0,65.45863246785035,72
6,98.5,94.62400040776214,84
7,98.0,95.05152760278935,86
8,20.0,23.101379148994273,94
9,9.0,22.222813534053657,97
