,real_%top,predicted_%top,index
0,99.0,84.70851452020199,27
1,96.5,88.57848496496192,28
2,99.5,93.3542755644682,48
3,99.0,93.12263920083184,50
4,98.0,88.54059598224488,63
5,81.0,85.02967787220955,74
6,78.0,97.61324463313605,77
7,45.0,68.30424161394163,92
8,11.0,20.480278565904335,101
9,5.0,20.03757420082497,102
