,real_%top,predicted_%top,index
0,99.95,94.07624185592721,9
1,98.5,97.29507669133018,15
2,99.5,94.07581443351626,34
3,89.5,94.04949149642475,36
4,15.0,20.513991717311306,41
5,83.5,78.46326013987041,50
6,96.5,94.0704124769295,53
7,62.5,72.53524190390414,55
8,95.5,77.24826337500217,58
9,40.0,22.0347883045852,89
