,real_%top,predicted_%top,index
0,99.95,87.88592,4
1,99.5,87.91813,40
2,99.5,87.89872,48
3,98.0,98.62386,74
4,96.0,98.62721,78
5,21.0,98.65023,80
6,98.5,98.61435,82
7,63.0,87.73082,87
8,44.5,87.79356,90
9,66.5,87.96246,98
