,real_%top,predicted_%top,index
0,99.95,93.73376,4
1,99.5,93.688324,40
2,99.5,93.69331,48
3,98.0,94.17629,74
4,96.0,94.15985,78
5,21.0,93.50249,80
6,98.5,94.23168,82
7,63.0,39.401825,87
8,44.5,39.398518,90
9,66.5,93.66645,98
