,real_%top,predicted_%top,index
0,92.15,98.31825,0
1,91.4,98.310104,3
2,93.8,98.305534,8
3,70.5,98.306816,20
4,21.5,21.87832,29
5,83.5,98.3324,50
6,91.0,98.3225,65
7,74.5,98.317406,68
8,99.0,98.32054,75
9,40.0,23.048439,89
