,real_%top,predicted_%top,index
0,99.95,85.6105,4
1,99.5,85.360146,40
2,99.5,85.380516,48
3,98.0,87.701485,74
4,96.0,87.05372,78
5,21.0,86.38776,80
6,98.5,88.128075,82
7,63.0,39.618195,87
8,44.5,39.624413,90
9,66.5,85.349846,98
