,real_%top,predicted_%top,index
0,99.0,82.85775304633266,27
1,96.5,92.16501365556844,28
2,99.5,99.05138584855649,48
3,99.0,97.42271276947974,50
4,98.0,93.25496778921516,63
5,81.0,76.34603580469354,74
6,78.0,94.61394310169074,77
7,45.0,40.46040467914146,92
8,11.0,23.895662275702012,101
9,5.0,7.881048474995093,102
