,real_%top,predicted_%top,index
0,82.0,86.28050812769028,38
1,98.5,100.64061932582493,46
2,8.0,18.216373281079054,63
3,85.0,93.79529403345092,64
4,81.5,96.49958921038348,70
5,78.0,80.43170145008577,72
6,98.5,98.7481216989465,84
7,98.0,95.50000850679636,86
8,20.0,12.854765348350721,94
9,9.0,4.203831800789624,97
