,real_%top,predicted_%top,index
0,99.95,96.0378083993074,9
1,98.5,96.46296264374186,15
2,99.5,100.42187351498687,34
3,89.5,94.50337217014695,36
4,15.0,31.32155366770038,41
5,83.5,77.69587485469589,50
6,96.5,89.45676699431961,53
7,62.5,74.36543260335426,55
8,95.5,77.721907860829,58
9,40.0,7.228386793195128,89
