,real_%top,predicted_%top,index
0,82.0,92.75349422914833,38
1,98.5,94.80441735855939,46
2,8.0,23.226406716181383,63
3,85.0,79.3703366025996,64
4,81.5,76.92823491536608,70
5,78.0,71.77645504094492,72
6,98.5,95.96046102958775,84
7,98.0,96.06603796077648,86
8,20.0,23.032913671236123,94
9,9.0,23.032913671236123,97
