,real_%top,predicted_%top,index
0,99.95,93.34951129433082,5
1,98.45,93.34951129433082,6
2,99.0,97.33713066527596,15
3,99.3,97.33713066527596,17
4,99.5,93.43544304678889,35
5,36.5,31.447459052401065,43
6,97.0,84.5072470360255,44
7,99.0,80.97689817245548,82
8,98.5,78.13629086577983,83
9,48.5,72.48800441923034,94
10,6.5,22.85840531808438,103
