,real_%top,predicted_%top,index
0,92.0,84.91096365636825,1
1,99.95,97.37952546890031,7
2,86.5,85.4490317685845,21
3,10.0,20.12881337785009,31
4,97.0,85.4490317685845,43
5,99.5,91.94804475381811,45
6,82.0,85.4490317685845,51
7,68.5,85.4490317685845,59
8,78.0,84.91096365636825,76
9,45.5,20.12881337785009,88
10,5.0,20.10982619836291,101
