,real_%top,predicted_%top,index
0,82.0,80.41127929327723,38
1,98.5,99.25670388992656,46
2,8.0,18.267271867766663,63
3,85.0,91.14819408858904,64
4,81.5,80.84794202065095,70
5,78.0,56.024694049334656,72
6,98.5,98.08813461283133,84
7,98.0,95.56882427120578,86
8,20.0,22.022960537554873,94
9,9.0,6.90703301085321,97
