,real_%top,predicted_%top,index
0,99.0,78.65715931993824,27
1,96.5,88.00189596355513,28
2,99.5,97.98637487342079,48
3,99.0,99.62358530446899,50
4,98.0,95.86802768128004,63
5,81.0,79.6462191162939,74
6,78.0,99.39342780936161,77
7,45.0,44.044550620812,92
8,11.0,31.678229189555935,101
9,5.0,13.777186089939637,102
