,real_%top,predicted_%top,index
0,98.45,95.57412777777773,5
1,99.7,89.50669999999998,6
2,70.5,90.41257063492063,20
3,57.0,73.03939404761906,28
4,54.0,72.942425,30
5,23.5,19.072591269841265,33
6,36.5,17.383728174603178,42
7,97.5,92.65423095238098,67
8,95.5,92.79779761904766,69
9,98.5,94.82230952380952,83
