,real_%top,predicted_%top,index
0,91.85,76.93811785714283,3
1,98.5,98.92700357142863,16
2,88.0,83.58927023809524,62
3,95.5,92.83327976190476,70
4,79.0,77.32647499999999,72
5,99.5,94.64015357142854,80
6,98.5,93.54907380952378,84
7,98.0,94.98173690476189,87
8,44.5,59.4048119047619,91
9,30.0,15.023291666666667,97
