,real_%top,predicted_%top,index
0,99.7,88.24884062919455,7
1,54.0,59.34243032143811,31
2,82.0,94.55531696969786,39
3,15.0,18.20050596447933,42
4,99.5,98.89332418889865,49
5,96.5,93.26805593718667,61
6,85.0,94.35828931354635,65
7,78.0,78.13479198921026,73
8,96.0,92.79462754218507,79
9,39.5,48.00473045344037,93
