,real_%top,predicted_%top,index
0,7.0,16.87147884354128,10
1,99.95,102.61041607874927,11
2,97.5,85.10165017315157,19
3,99.0,84.12424796483684,26
4,94.0,90.47853677098239,35
5,99.5,96.711778913229,37
6,31.5,30.363038908050072,39
7,59.5,66.98421626410378,56
8,96.5,92.29015594935628,60
9,95.5,99.01111257369882,85
