,real_%top,predicted_%top,index
0,92.15,68.88601753745266,0
1,98.0,98.41206181820635,13
2,99.9,98.451003454348,17
3,71.0,78.57054519981651,18
4,34.5,24.446530281564847,24
5,21.5,24.75601979352348,29
6,98.5,89.92731885834755,44
7,74.5,95.80375031414664,68
8,81.0,76.41844347389365,73
9,45.0,66.46333588577103,91
