,real_%top,predicted_%top,index
0,91.85,73.83919428784291,3
1,98.5,97.45272556616489,16
2,88.0,93.98441829437414,62
3,95.5,93.98441829437414,70
4,79.0,84.73054648710188,72
5,99.5,97.45272556616489,80
6,98.5,97.45272556616489,84
7,98.0,97.45272556616489,87
8,44.5,73.83919428784291,91
9,30.0,22.228316128776065,97
