,real_%top,predicted_%top,index
0,98.45,97.63729920226973,5
1,99.7,85.2375642818036,6
2,70.5,97.782381084817,20
3,57.0,85.7656475487718,28
4,54.0,79.85076665781541,30
5,23.5,19.2375153290645,33
6,36.5,38.91770455035155,42
7,97.5,91.8201945395744,67
8,95.5,91.8201945395744,69
9,98.5,97.82357029024502,83
