,real_%top,predicted_%top,index
0,92.0,89.69051646371136,1
1,99.95,97.55099834800048,7
2,86.5,80.30655479257672,21
3,10.0,23.164014973324683,31
4,97.0,81.97251083332019,43
5,99.5,94.469363020312,45
6,82.0,92.49338467120158,51
7,68.5,93.40877440830575,59
8,78.0,98.27813459005293,76
9,45.5,24.607940108282833,88
10,5.0,9.451290355159312,101
