,real_%top,predicted_%top,index
0,99.95,100.71550432689925,5
1,98.45,92.89742736935702,6
2,99.0,99.43924001223063,15
3,99.3,99.43924001223063,17
4,99.5,102.54254438815299,35
5,36.5,36.47812350984405,43
6,97.0,99.12675089784923,44
7,99.0,97.9560540658803,82
8,98.5,96.85706992781972,83
9,48.5,45.08209035564315,94
10,6.5,5.56773497620811,103
