,real_%top,predicted_%top,index
0,7.0,21.009854525642346,10
1,99.95,79.60943520784204,11
2,97.5,95.93861530898968,19
3,99.0,81.39090466926051,26
4,94.0,95.93861530898968,35
5,99.5,89.8140541776289,37
6,31.5,20.967762101399924,39
7,59.5,81.26721131906669,56
8,96.5,89.8140541776289,60
9,95.5,97.29442123540737,85
