,real_%top,predicted_%top,index
0,99.7,78.09957534630696,7
1,54.0,79.14375133607116,31
2,82.0,91.64061505469763,39
3,15.0,19.537080453058945,42
4,99.5,91.64061505469763,49
5,96.5,91.64061505469763,61
6,85.0,82.5472605346879,65
7,78.0,73.30479358455135,73
8,96.0,97.65205948676385,79
9,39.5,73.30479358455135,93
