,real_%top,predicted_%top,index
0,82.0,93.78363276473769,38
1,98.5,92.85283494538224,46
2,8.0,24.785226523836016,63
3,85.0,77.55513469878308,64
4,81.5,84.79187292040947,70
5,78.0,84.75429975472187,72
6,98.5,93.01963505728072,84
7,98.0,93.37752914008456,86
8,20.0,4.000325189177573,94
9,9.0,16.51712069618833,97
