,real_%top,predicted_%top,index
0,99.0,68.14191108029097,27
1,96.5,77.28106184700387,28
2,99.5,88.52875566504909,48
3,99.0,86.79003262537225,50
4,98.0,83.57418076769015,63
5,81.0,84.71552913407031,74
6,78.0,98.69420271052888,77
7,45.0,64.01468012633305,92
8,11.0,21.17643050124451,101
9,5.0,21.283061237134575,102
