,real_%top,predicted_%top,index
0,92.0,91.31697605222416,2
1,99.95,97.65837258081436,8
2,99.95,89.89672911576926,12
3,34.5,36.465148071739165,25
4,23.5,13.891885330107531,34
5,89.5,67.75249465701121,37
6,31.5,15.065029437023476,40
7,82.0,94.12196582608624,52
8,59.5,69.57913479728013,57
9,81.5,74.99848852278751,71
10,98.5,98.25222105654402,85
