,real_%top,predicted_%top,index
0,91.4,82.93749999999994,3
1,99.0,93.55370370370368,14
2,23.0,14.75000000000002,23
3,98.5,93.55370370370368,25
4,99.0,93.55370370370368,49
5,88.0,93.55370370370368,61
6,91.0,82.93749999999994,65
7,99.5,93.55370370370368,79
8,99.0,82.61785714285713,81
9,48.5,48.000000000000036,93
10,21.5,14.833333333333348,95
