,real_%top,predicted_%top,index
0,99.95,104.35938150699744,9
1,98.5,102.46998842400893,15
2,99.5,96.79473500830456,34
3,89.5,83.99654448957861,36
4,15.0,40.62456200961479,41
5,83.5,78.38423897859924,50
6,96.5,90.49117929743113,53
7,62.5,66.3619392304801,55
8,95.5,79.28914397632776,58
9,40.0,8.326474688440825,89
