,real_%top,predicted_%top,index
0,98.0,100.49807735055548,14
1,86.5,84.31319150239935,22
2,23.0,22.593489602499986,24
3,98.5,91.84469941038206,47
4,96.5,94.0834035806492,53
5,98.0,87.71976504780638,58
6,97.5,84.28151794528215,68
7,97.0,96.67988138635958,78
8,21.0,37.61725007903521,81
9,95.5,96.23785524222005,86
