,real_%top,predicted_%top,index
0,92.0,83.47364674810099,2
1,99.95,97.28469869381975,8
2,99.95,83.47364674810099,12
3,34.5,27.050371412022518,25
4,23.5,18.584555156612694,34
5,89.5,86.51043526159015,37
6,31.5,18.584555156612694,40
7,82.0,86.51043526159015,52
8,59.5,82.46688698662689,57
9,81.5,66.7295719862826,71
10,98.5,97.28469869381975,85
