,real_%top,predicted_%top,index
0,91.4,77.0708540809192,3
1,99.0,97.21912096322616,14
2,23.0,21.64527278666163,23
3,98.5,89.56694714394379,25
4,99.0,89.56694714394379,49
5,88.0,89.56694714394379,61
6,91.0,77.0708540809192,65
7,99.5,97.21912096322616,79
8,99.0,84.80581764944625,81
9,48.5,70.17632883525741,93
10,21.5,21.660283740740233,95
