,real_%top,predicted_%top,index
0,7.0,24.070541666666664,10
1,99.95,94.78162499999996,11
2,97.5,83.97690833333333,19
3,99.0,80.91362142857142,26
4,94.0,83.25038571428571,35
5,99.5,89.11558690476193,37
6,31.5,24.59200595238095,39
7,59.5,63.99247857142856,56
8,96.5,87.81660595238098,60
9,95.5,97.90254166666669,85
