,real_%top,predicted_%top,index
0,99.7,90.45818095238091,7
1,54.0,74.22463571428571,31
2,82.0,88.44434047619046,39
3,15.0,14.79667857142857,42
4,99.5,97.95138095238093,49
5,96.5,90.7417119047619,61
6,85.0,89.62648809523812,65
7,78.0,80.3360154761905,73
8,96.0,93.50402182539682,79
9,39.5,51.64796428571429,93
