,real_%top,predicted_%top,index
0,71.0,79.09384885461218,19
1,97.5,95.50583245162679,20
2,51.5,96.48101193201097,23
3,64.0,76.17970584484415,33
4,95.5,76.19292040647537,59
5,68.5,92.43770937373107,60
6,8.0,22.423187367820557,64
7,63.0,70.13807528936223,88
8,20.0,21.431894077777265,95
9,9.0,21.431894077777265,98
