,real_%top,predicted_%top,index
0,92.15,78.16463405117922,0
1,98.0,96.22208747811723,13
2,99.9,97.43958108139434,17
3,71.0,76.8473945871302,18
4,34.5,22.10417052596872,24
5,21.5,20.142632084630648,29
6,98.5,92.33982438020334,44
7,74.5,96.95574897346724,68
8,81.0,70.9549379356934,73
9,45.0,76.55951164413943,91
