,real_%top,predicted_%top,index
0,7.0,24.525326808146275,11
1,99.75,96.15580608435039,13
2,99.9,98.31334786900193,18
3,98.5,94.04437769247012,26
4,94.0,86.65361118391415,36
5,99.5,91.46885445290005,41
6,99.5,94.07600001855731,46
7,96.5,93.69179850637838,54
8,62.5,66.28469825729825,56
9,21.5,23.318821230390697,96
10,22.0,23.318821230390697,100
