,real_%top,predicted_%top,index
0,91.85,69.35324993360614,2
1,99.75,94.1401602908143,12
2,51.5,93.88747842610819,22
3,64.0,79.05648657127185,32
4,96.5,93.78078794991772,52
5,97.0,96.63657947322287,66
6,99.0,87.0393351190476,75
7,97.0,94.51464905303031,77
8,39.5,71.44613337287927,92
9,30.0,17.852850473120792,96
10,11.0,19.418608409628725,100
