,real_%top,predicted_%top,index
0,98.45,93.80867916666666,5
1,99.7,88.57276785714286,6
2,70.5,85.75447142857143,20
3,57.0,69.95791471861472,28
4,54.0,77.3736238095238,30
5,23.5,18.96695436507937,33
6,36.5,17.43067460317461,42
7,97.5,91.93491666666665,67
8,95.5,92.094,69
9,98.5,96.23232777777777,83
