,real_%top,predicted_%top,index
0,91.85,78.04982499999998,3
1,98.5,99.2430744047619,16
2,88.0,85.27408492063495,62
3,95.5,91.13149177489177,70
4,79.0,78.97712619047617,72
5,99.5,93.80284821428573,80
6,98.5,93.8239017857143,84
7,98.0,94.23918154761908,87
8,44.5,60.8235123015873,91
9,30.0,20.270138888888884,97
