,real_%top,predicted_%top,index
0,92.0,85.93634828053591,1
1,99.95,105.34256583742231,7
2,86.5,78.18538409465003,21
3,10.0,16.346101991549716,31
4,97.0,82.9745430661652,43
5,99.5,92.6828443675084,45
6,82.0,97.53078765173838,51
7,68.5,87.93812817342771,59
8,78.0,96.9995828313007,76
9,45.5,-7.969923163425335,88
10,5.0,19.56334241140631,101
