,real_%top,predicted_%top,index
0,99.95,104.66717249116076,5
1,98.45,90.81816969986633,6
2,99.0,100.44966302767914,15
3,99.3,100.65079833979439,17
4,99.5,99.66122092475419,35
5,36.5,53.05096150273084,43
6,97.0,85.176134186263,44
7,99.0,85.50856197531114,82
8,98.5,93.36164044019343,83
9,48.5,71.45561979572196,94
10,6.5,20.175590474051205,103
