,real_%top,predicted_%top,index
0,98.45,91.53231230845759,5
1,99.7,97.47178143171072,6
2,70.5,82.16706071572094,20
3,57.0,85.4661951168155,28
4,54.0,86.98446929583051,30
5,23.5,19.943682492589446,33
6,36.5,72.02974535840053,42
7,97.5,83.82044011793371,67
8,95.5,83.5510503544483,69
9,98.5,93.81358656027362,83
