,real_%top,predicted_%top,index
0,99.95,103.14888309610585,10
1,57.0,84.93627336071113,29
2,10.0,5.960144478545089,32
3,99.5,94.40495195213532,38
4,98.5,93.18570311583876,45
5,62.0,78.90815610172115,55
6,97.0,82.66075906143998,67
7,98.0,98.098984266791,75
8,45.5,-17.145406316316183,89
9,66.5,96.42828116072008,99
