,real_%top,predicted_%top,index
0,93.8,93.92863969812521,8
1,99.3,98.35444812210666,16
2,96.5,83.95428492125082,27
3,99.5,94.877301778132,47
4,62.0,75.38971322837696,54
5,98.0,89.02084553608636,57
6,98.0,87.45004784781408,62
7,79.0,82.40714666466201,71
8,22.0,8.937090316008664,99
9,6.5,19.533840645320936,102
