,real_%top,predicted_%top,index
0,91.85,68.68806250571325,2
1,99.75,95.71861346847594,12
2,51.5,94.98533838313386,22
3,64.0,79.87639640310668,32
4,96.5,94.7685577124157,52
5,97.0,90.79302798977342,66
6,99.0,88.30527697270047,75
7,97.0,94.78404228596483,77
8,39.5,66.95463700090762,92
9,30.0,20.463281245306977,96
10,11.0,21.51504972682546,100
