,real_%top,predicted_%top,index
0,7.0,22.248832020104086,11
1,99.75,96.41451805151551,13
2,99.9,97.98518176985341,18
3,98.5,87.68588718609824,26
4,94.0,87.39061357323232,36
5,99.5,90.47802718743678,41
6,99.5,92.99698716817242,46
7,96.5,89.83845443894343,54
8,62.5,66.9706037157287,56
9,21.5,18.27219941659648,96
10,22.0,18.27219941659648,100
