,real_%top,predicted_%top,index
0,99.7,89.78178952870687,7
1,54.0,76.28182601230847,31
2,82.0,89.65462562889839,39
3,15.0,21.416579166903492,42
4,99.5,96.35244420844803,49
5,96.5,89.13811150280459,61
6,85.0,76.79721692548094,65
7,78.0,74.1805851157051,73
8,96.0,90.13119094474548,79
9,39.5,75.2467343337671,93
