,real_%top,predicted_%top,index
0,7.0,21.52935792381554,10
1,99.95,78.6409168430346,11
2,97.5,92.83154843642629,19
3,99.0,77.61460968419024,26
4,94.0,79.2866681900205,35
5,99.5,92.13706192114354,37
6,31.5,21.52935792381554,39
7,59.5,73.63000760577293,56
8,96.5,91.56891596894688,60
9,95.5,97.72130925570454,85
