,real_%top,predicted_%top,index
0,99.0,73.05179192015251,27
1,96.5,79.25894915765903,28
2,99.5,89.98438421874582,48
3,99.0,86.74366902190494,50
4,98.0,86.58260938384345,63
5,81.0,84.23956048764026,74
6,78.0,97.36081037215575,77
7,45.0,63.26736954910771,92
8,11.0,18.229015324217073,101
9,5.0,23.125099755297356,102
