,real_%top,predicted_%top,index
0,82.0,88.28306960126258,38
1,98.5,92.83049377592289,46
2,8.0,31.6764824941707,63
3,85.0,79.35996387713728,64
4,81.5,81.5121095580108,70
5,78.0,75.60541134968695,72
6,98.5,93.13924779347042,84
7,98.0,95.91391200849314,86
8,20.0,3.4020694613404032,94
9,9.0,21.836427575152143,97
