,real_%top,predicted_%top,index
0,7.0,20.512831049440802,10
1,99.95,81.4849247342853,11
2,97.5,95.45316333645786,19
3,99.0,83.19464807282928,26
4,94.0,95.45316333645786,35
5,99.5,91.58378796536624,37
6,31.5,20.450104510979266,39
7,59.5,80.38584108492577,56
8,96.5,91.58378796536624,60
9,95.5,97.45799040634648,85
