,real_%top,predicted_%top,index
0,82.0,97.62729874170246,38
1,98.5,100.4695835825573,46
2,8.0,23.91361133478668,63
3,85.0,97.23110258063868,64
4,81.5,90.64666420930057,70
5,78.0,81.21752218625493,72
6,98.5,98.63633283746414,84
7,98.0,96.24655068995673,86
8,20.0,21.6286520951256,94
9,9.0,26.65129018296882,97
