,real_%top,predicted_%top,index
0,99.95,94.03392857142858,9
1,98.5,94.03392857142858,15
2,99.5,94.42499999999998,34
3,89.5,83.61785714285713,36
4,15.0,17.714285714285733,41
5,83.5,83.61785714285713,50
6,96.5,84.84583333333332,53
7,62.5,84.84583333333332,55
8,95.5,94.42499999999998,58
9,40.0,45.50000000000006,89
