,real_%top,predicted_%top,index
0,98.0,104.22973650992856,14
1,86.5,89.45495158929997,22
2,23.0,23.26114141072103,24
3,98.5,92.18672023967332,47
4,96.5,101.74805835189568,53
5,98.0,95.40464116333426,58
6,97.5,96.9113545790029,68
7,97.0,97.77663516487027,78
8,21.0,7.814879977897257,81
9,95.5,98.3303354084613,86
