,real_%top,predicted_%top,index
0,71.0,82.69952499999998,19
1,97.5,95.68107738095239,20
2,51.5,92.88945238095233,23
3,64.0,70.5127509920635,33
4,95.5,88.3752599206349,59
5,68.5,89.55913690476191,60
6,8.0,22.136797619047613,64
7,63.0,57.11585595238098,88
8,20.0,20.968625000000003,95
9,9.0,14.225988095238101,98
