,real_%top,predicted_%top,index
0,92.15,78.64019246031745,0
1,98.0,98.78472460317462,13
2,99.9,98.82733968253967,17
3,71.0,75.61867023809525,18
4,34.5,28.574017857142852,24
5,21.5,21.610654761904765,29
6,98.5,91.55415198412696,44
7,74.5,96.90672063492065,68
8,81.0,81.69003214285718,73
9,45.0,53.19923809523811,91
