,real_%top,predicted_%top,index
0,98.45,95.71479585315329,5
1,99.7,90.57548549286471,6
2,70.5,91.76901229593688,20
3,57.0,62.14141938163401,28
4,54.0,63.36561411919758,30
5,23.5,18.566548008859023,33
6,36.5,22.01132311948147,42
7,97.5,87.54514690752659,67
8,95.5,89.89456863109785,69
9,98.5,92.50407383816359,83
