,real_%top,predicted_%top,index
0,91.85,85.40208019168595,3
1,98.5,95.55242360475361,16
2,88.0,77.38040999972492,62
3,95.5,97.57214538520431,70
4,79.0,83.3088194602711,72
5,99.5,98.82625509032005,80
6,98.5,83.26460954904019,84
7,98.0,95.50000184938366,87
8,44.5,53.026076500806276,91
9,30.0,18.05219261781061,97
