,real_%top,predicted_%top,index
0,71.0,67.09065412786897,19
1,97.5,95.87200173123968,20
2,51.5,95.39915461601767,23
3,64.0,57.5175452216773,33
4,95.5,91.06938178938952,59
5,68.5,84.36120239811262,60
6,8.0,20.95546973004952,64
7,63.0,45.67649388525783,88
8,20.0,22.6480266816853,95
9,9.0,9.803676426200385,98
