,real_%top,predicted_%top,index
0,92.15,91.91547724606481,0
1,98.0,97.35456777043723,13
2,99.9,98.3635532910589,17
3,71.0,75.42842081292258,18
4,34.5,27.37453974984154,24
5,21.5,18.483974738428028,29
6,98.5,94.9274116474387,44
7,74.5,97.00000232202352,68
8,81.0,80.82572795161624,73
9,45.0,44.73663440247049,91
