,real_%top,predicted_%top,index
0,99.95,104.25170807060375,5
1,98.45,91.66551230091437,6
2,99.0,100.58400715473056,15
3,99.3,100.75710445776565,17
4,99.5,99.0876737337478,35
5,36.5,53.600579096249064,43
6,97.0,84.67953788086045,44
7,99.0,84.91368929869294,82
8,98.5,92.47450133367795,83
9,48.5,70.90253292173118,94
10,6.5,20.63582307016553,103
