,real_%top,predicted_%top,index
0,92.0,86.41055613127841,1
1,99.95,102.61868890268802,7
2,86.5,79.50154430407693,21
3,10.0,13.026932920413444,31
4,97.0,84.18897774225601,43
5,99.5,93.891427984274,45
6,82.0,97.99442736124016,51
7,68.5,88.6516198219492,59
8,78.0,97.9045001318854,76
9,45.5,-7.918430377517609,88
10,5.0,20.820643827134717,101
