,real_%top,predicted_%top,index
0,71.0,89.18134328358207,19
1,97.5,89.18134328358207,20
2,51.5,89.18134328358207,23
3,64.0,89.18134328358207,33
4,95.5,89.18134328358207,59
5,68.5,89.18134328358207,60
6,8.0,18.34615384615374,64
7,63.0,89.18134328358214,88
8,20.0,18.34615384615391,95
9,9.0,18.34615384615391,98
