,real_%top,predicted_%top,index
0,98.45,98.87551211927713,5
1,99.7,84.85714642172785,6
2,70.5,91.33970942015901,20
3,57.0,68.43998720639911,28
4,54.0,69.38631783027128,30
5,23.5,12.523458229941117,33
6,36.5,20.102894305778772,42
7,97.5,94.90742945877417,67
8,95.5,95.85617547928979,69
9,98.5,91.64085451343912,83
