,real_%top,predicted_%top,index
0,91.85,87.39120559618955,3
1,98.5,99.75858081558384,16
2,88.0,80.97983028923309,62
3,95.5,95.24853802028284,70
4,79.0,76.77330347242196,72
5,99.5,96.37188342735689,80
6,98.5,90.35580335120012,84
7,98.0,96.49824425858371,87
8,44.5,62.13699247123613,91
9,30.0,24.344009725502822,97
