,real_%top,predicted_%top,index
0,7.0,38.24854178762162,11
1,99.75,98.25885539323737,13
2,99.9,96.67073939575316,18
3,98.5,81.03339197136783,26
4,94.0,86.69791614329918,36
5,99.5,91.33716320915335,41
6,99.5,91.2954627928522,46
7,96.5,90.38700705913568,54
8,62.5,72.68925774215236,56
9,21.5,-0.5170493295831591,96
10,22.0,2.3924383258997324,100
