,real_%top,predicted_%top,index
0,91.85,91.22694029088252,2
1,99.75,98.13990271611026,12
2,51.5,89.58815965122135,22
3,64.0,86.25018653054539,32
4,96.5,88.86748578398628,52
5,97.0,81.74207003924255,66
6,99.0,87.94651056739808,75
7,97.0,96.83003882898119,77
8,39.5,64.97763803905026,92
9,30.0,14.872731509102024,96
10,11.0,16.075821135438645,100
