,real_%top,predicted_%top,index
0,71.0,84.72913631170411,19
1,97.5,89.27426693750024,20
2,51.5,98.48463674732834,23
3,64.0,59.77585716942247,33
4,95.5,92.400868304255,59
5,68.5,87.01337960601668,60
6,8.0,23.19177404551918,64
7,63.0,43.50888717787105,88
8,20.0,24.931232354292145,95
9,9.0,29.926079366093923,98
