,real_%top,predicted_%top,index
0,92.15,93.07663902235603,0
1,98.0,99.6220258499613,13
2,99.9,99.01515971241747,17
3,71.0,84.85728692454664,18
4,34.5,24.219554874418158,24
5,21.5,17.085146710094286,29
6,98.5,96.89511652247835,44
7,74.5,97.0074896831285,68
8,81.0,79.62457269697533,73
9,45.0,43.252729022801894,91
