,real_%top,predicted_%top,index
0,92.0,87.91437646669957,1
1,99.95,99.42137620888975,7
2,86.5,80.95535396911438,21
3,10.0,20.08667390268622,31
4,97.0,100.70796188897876,43
5,99.5,95.5838956967827,45
6,82.0,91.40380694150852,51
7,68.5,91.72013886480744,59
8,78.0,97.34297586456972,76
9,45.5,23.358811234196136,88
10,5.0,19.468460951064593,101
