,real_%top,predicted_%top,index
0,99.95,102.97197097755682,5
1,98.45,93.16941031719277,6
2,99.0,98.70811344286662,15
3,99.3,97.80529712870559,17
4,99.5,102.14712210000282,35
5,36.5,35.15411540657761,43
6,97.0,96.567175752499,44
7,99.0,96.44522671591845,82
8,98.5,94.5940133353673,83
9,48.5,43.18329443163988,94
10,6.5,7.683462769402664,103
