,real_%top,predicted_%top,index
0,98.45,97.68124999999998,5
1,99.7,85.3277777777779,6
2,70.5,97.68124999999998,20
3,57.0,85.3277777777779,28
4,54.0,85.51000000000002,30
5,23.5,16.25000000000002,33
6,36.5,34.50000000000005,42
7,97.5,93.7051724137931,67
8,95.5,93.7051724137931,69
9,98.5,93.7051724137931,83
