,real_%top,predicted_%top,index
0,92.0,94.20473977665283,1
1,99.95,88.40008977754133,7
2,86.5,94.92606414344235,21
3,10.0,17.103889057723265,31
4,97.0,90.74744762707697,43
5,99.5,98.16978404936147,45
6,82.0,92.22488074139943,51
7,68.5,86.47933482588807,59
8,78.0,96.92896944491777,76
9,45.5,19.704407006621505,88
10,5.0,9.041643977833704,101
