,real_%top,predicted_%top,index
0,99.95,104.41233902648088,5
1,98.45,84.64141779035978,6
2,99.0,97.78988671956877,15
3,99.3,98.52949648823476,17
4,99.5,97.63700587141683,35
5,36.5,36.52748989733456,43
6,97.0,88.0757744322147,44
7,99.0,93.3687475326662,82
8,98.5,90.09915705075022,83
9,48.5,46.45307056965335,94
10,6.5,7.3293017530508076,103
