,real_%top,predicted_%top,index
0,99.0,73.73280162037348,27
1,96.5,81.07073635183646,28
2,99.5,91.73967410770584,48
3,99.0,89.26811195576205,50
4,98.0,88.4274772616298,63
5,81.0,82.73334822250871,74
6,78.0,98.3300400343552,77
7,45.0,65.49800132006541,92
8,11.0,20.660816163534307,101
9,5.0,23.173543838825296,102
