,real_%top,predicted_%top,index
0,82.0,91.29204198904905,38
1,98.5,91.76097921712186,46
2,8.0,25.977262949675932,63
3,85.0,78.39134387461966,64
4,81.5,83.75530905053822,70
5,78.0,79.70418853509064,72
6,98.5,93.757123274947,84
7,98.0,94.80702172822595,86
8,20.0,5.946628237620317,94
9,9.0,18.650504120389954,97
