,real_%top,predicted_%top,index
0,82.0,76.29446304268185,38
1,98.5,101.19706302444355,46
2,8.0,19.850136765136845,63
3,85.0,97.97458169627474,64
4,81.5,83.09091863767868,70
5,78.0,74.25174350421692,72
6,98.5,102.20375304004763,84
7,98.0,100.0857501200619,86
8,20.0,21.975806020677478,94
9,9.0,6.673351287708689,97
