,real_%top,predicted_%top,index
0,91.85,78.19759219192665,2
1,99.75,95.64776130745899,12
2,51.5,95.15363508151178,22
3,64.0,75.1355522187342,32
4,96.5,95.65199729721148,52
5,97.0,92.89567858655775,66
6,99.0,75.87387924674051,75
7,97.0,91.2112569867963,77
8,39.5,74.79223099832356,92
9,30.0,21.00184110292742,96
10,11.0,21.00184110292742,100
