,real_%top,predicted_%top,index
0,7.0,20.629577906225958,11
1,99.75,93.4336608432468,13
2,99.9,96.9088942192616,18
3,98.5,92.942592336458,26
4,94.0,79.82259442258162,36
5,99.5,93.13009307511004,41
6,99.5,95.70546980821017,46
7,96.5,92.76027531832484,54
8,62.5,77.510789725842,56
9,21.5,19.96906679511485,96
10,22.0,19.96906679511485,100
