,real_%top,predicted_%top,index
0,99.95,94.05624999999998,4
1,99.5,94.51599999999998,40
2,99.5,94.51599999999998,48
3,98.0,94.05624999999998,74
4,96.0,94.51599999999998,78
5,21.0,14.000000000000018,80
6,98.5,81.21153846153844,82
7,63.0,42.25000000000003,87
8,44.5,42.25000000000003,90
9,66.5,94.51599999999998,98
