,real_%top,predicted_%top,index
0,92.15,66.07584965496079,1
1,91.4,79.68659962276422,4
2,93.8,99.56490116654626,9
3,70.5,96.98937899876204,21
4,21.5,14.154248563743216,30
5,83.5,97.95954226710138,51
6,91.0,90.52752658974985,66
7,74.5,97.26481775383658,69
8,99.0,97.98251257859853,76
9,40.0,45.06603183088783,90
