,real_%top,predicted_%top,index
0,99.95,105.7411005064408,5
1,98.45,91.30213890706696,6
2,99.0,98.35611825976929,15
3,99.3,98.38540589840781,17
4,99.5,98.10547755378896,35
5,36.5,54.66134260917856,43
6,97.0,81.13041434135542,44
7,99.0,85.42444439458893,82
8,98.5,94.14816688757075,83
9,48.5,66.94358730574895,94
10,6.5,24.148178686161557,103
