,real_%top,predicted_%top,index
0,92.0,84.08134487594094,1
1,99.95,104.56871998219763,7
2,86.5,84.45088485864008,21
3,10.0,14.953109259855538,31
4,97.0,85.55765112915702,43
5,99.5,94.56510658763905,45
6,82.0,98.46797203542508,51
7,68.5,88.59946838663957,59
8,78.0,98.31069741942008,76
9,45.5,-9.952991587178275,88
10,5.0,18.68760265876685,101
