,real_%top,predicted_%top,index
0,91.85,65.28922114448694,2
1,99.75,99.62387553347457,12
2,51.5,93.86946748832611,22
3,64.0,60.70561407444463,32
4,96.5,98.61321576980421,52
5,97.0,95.16655162348164,66
6,99.0,85.03104113401008,75
7,97.0,88.04922982421884,77
8,39.5,46.070835493900056,92
9,30.0,9.079371941423727,96
10,11.0,29.83703385350195,100
