,real_%top,predicted_%top,index
0,98.45,86.8784963591474,5
1,99.7,92.75059574873,6
2,70.5,86.22355321175857,20
3,57.0,80.23405651935556,28
4,54.0,82.79073532886879,30
5,23.5,19.478417001640704,33
6,36.5,26.959288240458694,42
7,97.5,91.74782490880465,67
8,95.5,91.17000356170321,69
9,98.5,94.78515691248366,83
