,real_%top,predicted_%top,index
0,99.95,87.45633,4
1,99.5,87.486015,40
2,99.5,87.48796,48
3,98.0,87.44525,74
4,96.0,87.44941,78
5,21.0,85.39994,80
6,98.5,87.45548,82
7,63.0,39.370396,87
8,44.5,39.366405,90
9,66.5,87.50937,98
