,real_%top,predicted_%top,index
0,92.15,94.36508,0
1,91.4,94.33965,3
2,93.8,94.3124,8
3,70.5,94.31751,20
4,21.5,26.233187,29
5,83.5,94.42148,50
6,91.0,94.51553,65
7,74.5,94.38489,68
8,99.0,94.39061,75
9,40.0,26.28549,89
