,real_%top,predicted_%top,index
0,99.95,73.23627,4
1,99.5,73.24529,40
2,99.5,73.22696,48
3,98.0,87.55008,74
4,96.0,87.542305,78
5,21.0,87.49179,80
6,98.5,87.55262,82
7,63.0,73.281044,87
8,44.5,73.25321,90
9,66.5,73.21109,98
