,real_%top,predicted_%top,index
0,99.95,86.68016,4
1,99.5,86.698875,40
2,99.5,86.700966,48
3,98.0,86.72761,74
4,96.0,86.732124,78
5,21.0,84.66913,80
6,98.5,86.73847,82
7,63.0,39.241646,87
8,44.5,39.236904,90
9,66.5,86.280716,98
