,real_%top,predicted_%top,index
0,99.0,74.2374624936362,27
1,96.5,82.64463756467137,28
2,99.5,90.4629957257786,48
3,99.0,91.05464650751979,50
4,98.0,82.91001767836188,63
5,81.0,83.42257108747215,74
6,78.0,97.308946298097,77
7,45.0,69.02983368322353,92
8,11.0,21.81654254549929,101
9,5.0,19.606311982639255,102
