,real_%top,predicted_%top,index
0,82.0,92.0843560423661,38
1,98.5,89.39237948877867,46
2,8.0,31.212549583741144,63
3,85.0,78.01808248150324,64
4,81.5,82.61990632982098,70
5,78.0,78.6255919259511,72
6,98.5,91.85908255225726,84
7,98.0,93.36476435341633,86
8,20.0,6.0891821834223805,94
9,9.0,19.125128109505184,97
