,real_%top,predicted_%top,index
0,91.4,78.346405,3
1,99.0,78.36885,14
2,23.0,38.137955,23
3,98.5,83.82965,25
4,99.0,79.035126,49
5,88.0,83.76009,61
6,91.0,84.03235,65
7,99.5,83.693756,79
8,99.0,83.80625,81
9,48.5,41.548588,93
10,21.5,21.517445,95
