,real_%top,predicted_%top,index
0,92.0,84.89435,1
1,99.95,84.908585,7
2,99.95,85.00042,11
3,34.5,32.886467,24
4,23.5,32.56751,33
5,89.5,84.86907,36
6,31.5,32.54164,39
7,82.0,84.66646,51
8,59.5,84.723335,56
9,81.5,84.80605,70
10,98.5,84.803444,84
