,real_%top,predicted_%top,index
0,91.4,82.119705,3
1,99.0,82.46436,14
2,23.0,25.487104,23
3,98.5,82.261635,25
4,99.0,82.273994,49
5,88.0,81.93785,61
6,91.0,80.70037,65
7,99.5,92.03596,79
8,99.0,91.47275,81
9,48.5,80.94321,93
10,21.5,6.2126846,95
