,real_%top,predicted_%top,index
0,99.7,95.01627063944952,7
1,54.0,79.0194003800312,31
2,82.0,89.40927880007693,39
3,15.0,34.58944898703043,42
4,99.5,96.56238829450436,49
5,96.5,86.76611799746733,61
6,85.0,78.50969383762498,65
7,78.0,78.25821048345236,73
8,96.0,89.44699473290146,79
9,39.5,62.23022426983045,93
