,real_%top,predicted_%top,index
0,7.0,46.62320101136529,10
1,99.95,94.91599069200502,11
2,97.5,87.16710611835263,19
3,99.0,76.29549297296155,26
4,94.0,84.4732785822059,35
5,99.5,91.72879502015991,37
6,31.5,25.665341862015694,39
7,59.5,75.72815367228404,56
8,96.5,87.0790245852538,60
9,95.5,97.25042149505677,85
