,real_%top,predicted_%top,index
0,71.0,89.25550544017422,19
1,97.5,89.66190572257644,20
2,51.5,98.42977924701859,23
3,64.0,54.891511052195646,33
4,95.5,88.25864575284027,59
5,68.5,89.83598016742182,60
6,8.0,30.212491077435462,64
7,63.0,44.85827520485054,88
8,20.0,25.884401937250118,95
9,9.0,29.930398106064672,98
