,real_%top,predicted_%top,index
0,92.15,93.14679960605325,0
1,98.0,98.515127040407,13
2,99.9,96.53375571305475,17
3,71.0,90.25902309680711,18
4,34.5,34.038583409143214,24
5,21.5,21.390478364960423,29
6,98.5,88.64808965990281,44
7,74.5,97.01126821577566,68
8,81.0,79.11071545015817,73
9,45.0,44.49253476860595,91
