,real_%top,predicted_%top,index
0,92.0,84.76708883175539,1
1,99.95,102.09539204291873,7
2,86.5,82.84470719372379,21
3,10.0,8.459340006891964,31
4,97.0,84.44896253005518,43
5,99.5,94.5881634287497,45
6,82.0,98.33557919824825,51
7,68.5,88.46329837941391,59
8,78.0,97.43931756273837,76
9,45.5,-11.932032731588166,88
10,5.0,17.837935225484713,101
