,real_%top,predicted_%top,index
0,99.95,103.29512053020271,5
1,98.45,90.13926820858748,6
2,99.0,96.33766745385653,15
3,99.3,96.31830103623334,17
4,99.5,100.38816757050364,35
5,36.5,71.59113833417291,43
6,97.0,84.34119689369378,44
7,99.0,84.55405609558281,82
8,98.5,92.34743852017132,83
9,48.5,61.83957615998477,94
10,6.5,20.13488697178282,103
