,real_%top,predicted_%top,index
0,91.4,97.75882727620132,3
1,99.0,98.30249575917917,14
2,23.0,12.517253453541436,23
3,98.5,79.56044488391655,25
4,99.0,95.22646660720514,49
5,88.0,78.60602043996984,61
6,91.0,86.62725603405711,65
7,99.5,98.39786558417697,79
8,99.0,96.18300842639384,81
9,48.5,42.906011433123304,93
10,21.5,10.327587405411121,95
