,real_%top,predicted_%top,index
0,92.0,86.44565209919182,2
1,99.95,97.3723730299504,8
2,99.95,106.76184813779902,12
3,34.5,12.722279240535615,25
4,23.5,21.379947504528943,34
5,89.5,87.52457192296372,37
6,31.5,32.69374962905261,40
7,82.0,83.20639764769243,52
8,59.5,64.73664580825805,57
9,81.5,87.67833077389126,71
10,98.5,97.81193597072182,85
