,real_%top,predicted_%top,index
0,82.0,93.87692307692296,38
1,98.5,93.87692307692296,46
2,8.0,18.928571428571427,63
3,85.0,85.90357142857141,64
4,81.5,83.12692307692299,70
5,78.0,83.12692307692299,72
6,98.5,93.87692307692296,84
7,98.0,93.87692307692296,86
8,20.0,21.500000000000025,94
9,9.0,18.928571428571427,97
