,real_%top,predicted_%top,index
0,99.0,90.1930921353538,27
1,96.5,96.19197623554716,28
2,99.5,98.4811356412358,48
3,99.0,98.4811356412358,50
4,98.0,92.25705359394766,63
5,81.0,75.40315519752852,74
6,78.0,72.96528597253624,77
7,45.0,43.992990681645786,92
8,11.0,22.35291477114405,101
9,5.0,22.875630679016332,102
