,real_%top,predicted_%top,index
0,92.15,83.79166666666673,0
1,98.0,94.44642857142856,13
2,99.9,94.44642857142856,17
3,71.0,82.76428571428569,18
4,34.5,36.4999999999998,24
5,21.5,21.000000000000032,29
6,98.5,83.79166666666673,44
7,74.5,94.44642857142856,68
8,81.0,83.79166666666673,73
9,45.0,48.875000000000036,91
