,real_%top,predicted_%top,index
0,71.0,57.06922623572184,19
1,97.5,88.00794534422975,20
2,51.5,99.1208581039289,23
3,64.0,77.08060262082218,33
4,95.5,97.955446207167,59
5,68.5,59.990889324804144,60
6,8.0,26.10429312251962,64
7,63.0,52.42229211912085,88
8,20.0,22.790856515538135,95
9,9.0,29.96339575954459,98
