,real_%top,predicted_%top,index
0,99.0,90.21231317323445,27
1,96.5,98.50823812337113,28
2,99.5,98.50430992322087,48
3,99.0,98.50430992322087,50
4,98.0,92.28102703273267,63
5,81.0,77.80108486808798,74
6,78.0,83.05747480306968,77
7,45.0,43.989763639378985,92
8,11.0,19.943905061355572,101
9,5.0,20.91199141988403,102
