,real_%top,predicted_%top,index
0,99.95,97.05208178090946,10
1,57.0,87.5778830015715,29
2,10.0,19.98596744049464,32
3,99.5,92.59898724069494,38
4,98.5,77.92984454071441,45
5,62.0,87.5778830015715,55
6,97.0,92.59898724069494,67
7,98.0,95.17331510012808,75
8,45.5,19.98596744049464,89
9,66.5,92.59898724069494,99
