,real_%top,predicted_%top,index
0,91.4,87.48383854932858,3
1,99.0,99.74869773022736,14
2,23.0,15.516282876892262,23
3,98.5,82.55656464365367,25
4,99.0,89.64090076025009,49
5,88.0,82.07532138231623,61
6,91.0,83.8060594121649,65
7,99.5,97.09626306683805,79
8,99.0,90.77240477584198,81
9,48.5,60.92758795000435,93
10,21.5,-0.40177134779895596,95
