,real_%top,predicted_%top,index
0,91.85,78.17983403083973,2
1,99.75,97.18003460192627,12
2,51.5,96.92070571079967,22
3,64.0,72.96941738207138,32
4,96.5,96.89723241026542,52
5,97.0,93.10606156046416,66
6,99.0,75.9762087685896,75
7,97.0,96.39307818044246,77
8,39.5,71.49960988783565,92
9,30.0,21.363541731087174,96
10,11.0,21.363541731087174,100
