,real_%top,predicted_%top,index
0,92.0,83.54355597314127,2
1,99.95,101.02087894885456,8
2,99.95,87.24814985339286,12
3,34.5,60.94850458459169,25
4,23.5,15.960131989030344,34
5,89.5,94.89186254968831,37
6,31.5,28.465257406344662,40
7,82.0,98.18810007837943,52
8,59.5,72.36784499958544,57
9,81.5,82.212767393758,71
10,98.5,93.65451993209437,85
