,real_%top,predicted_%top,index
0,91.4,83.26593184992262,3
1,99.0,97.20423924252499,14
2,23.0,10.764586648716858,23
3,98.5,82.14147270107645,25
4,99.0,93.09089119861619,49
5,88.0,85.13454494162754,61
6,91.0,85.14755906359593,65
7,99.5,96.73608307009103,79
8,99.0,86.55945036564319,81
9,48.5,55.46027188981892,93
10,21.5,0.46047891084754156,95
