,real_%top,predicted_%top,index
0,92.0,87.5933846953964,1
1,99.95,100.85014117613538,7
2,86.5,85.0624333838233,21
3,10.0,13.280707768467465,31
4,97.0,90.1387092239167,43
5,99.5,97.76138671958336,45
6,82.0,93.04325342971164,51
7,68.5,85.46552226192185,59
8,78.0,95.54033554203137,76
9,45.5,-16.887172211332512,88
10,5.0,19.66229621420929,101
