,real_%top,predicted_%top,index
0,92.0,83.98019687106658,2
1,99.95,96.1465810239717,8
2,99.95,101.03000175513623,12
3,34.5,31.459211190865535,25
4,23.5,25.604609719374412,34
5,89.5,83.53340670022838,37
6,31.5,26.73253667494057,40
7,82.0,89.22675427664554,52
8,59.5,66.09022432017923,57
9,81.5,91.10859795304457,71
10,98.5,97.64181246999593,85
