,real_%top,predicted_%top,index
0,91.4,92.3602594734066,3
1,99.0,98.92497076889086,14
2,23.0,16.911030514637,23
3,98.5,51.53794709141329,25
4,99.0,95.73301444153522,49
5,88.0,97.91982224341459,61
6,91.0,90.34919022436489,65
7,99.5,96.02858238666693,79
8,99.0,84.75213607920323,81
9,48.5,43.091350948289715,93
10,21.5,13.169737246906031,95
