,real_%top,predicted_%top,index
0,92.15,89.71589778763014,0
1,98.0,95.59416444847407,13
2,99.9,96.42686504289863,17
3,71.0,77.84822929749427,18
4,34.5,64.36325886169372,24
5,21.5,20.55057114947124,29
6,98.5,95.24631948579966,44
7,74.5,84.4124922107247,68
8,81.0,83.78597056659243,73
9,45.0,62.19315753502141,91
