,real_%top,predicted_%top,index
0,71.0,76.74369931395526,19
1,97.5,94.35710263673914,20
2,51.5,88.66036805582179,23
3,64.0,83.3112601655946,33
4,95.5,81.02805455632962,59
5,68.5,87.68077307332038,60
6,8.0,23.201714215216924,64
7,63.0,68.96531707446758,88
8,20.0,3.822418546690386,95
9,9.0,15.739087288556902,98
