,real_%top,predicted_%top,index
0,91.85,83.88252942292307,2
1,99.75,96.20845071808122,12
2,51.5,88.11352272870478,22
3,64.0,82.15785875150681,32
4,96.5,80.89733740707196,52
5,97.0,84.09083598994906,66
6,99.0,88.52232630421504,75
7,97.0,98.66818227759244,77
8,39.5,62.6547043669397,92
9,30.0,15.710546451085165,96
10,11.0,16.115504949547145,100
