,real_%top,predicted_%top,index
0,7.0,43.95708575844796,11
1,99.75,97.45271781289678,13
2,99.9,97.23042770293407,18
3,98.5,82.31714769433773,26
4,94.0,86.38847129336736,36
5,99.5,92.9710729123699,41
6,99.5,92.8709313160176,46
7,96.5,85.44680662287531,54
8,62.5,67.31201743924848,56
9,21.5,-2.651028503086394,96
10,22.0,5.821858810182292,100
