,real_%top,predicted_%top,index
0,99.95,106.70375260959378,4
1,99.5,93.15641516056164,40
2,99.5,91.73983149444422,48
3,98.0,104.35198336224158,74
4,96.0,94.99124959290896,78
5,21.0,33.0529099427915,80
6,98.5,96.46613532035119,82
7,63.0,63.2457184648232,87
8,44.5,63.20851525743022,90
9,66.5,81.11935847118917,98
