,real_%top,predicted_%top,index
0,99.95,97.74870376028831,10
1,57.0,89.9801700492183,29
2,10.0,22.226725890907893,32
3,99.5,94.77897604457145,38
4,98.5,81.34168118473347,45
5,62.0,89.9801700492183,55
6,97.0,94.77897604457145,67
7,98.0,94.73908417430165,75
8,45.5,22.226725890907893,89
9,66.5,94.77897604457145,99
