,real_%top,predicted_%top,index
0,92.15,85.25402156547341,0
1,98.0,98.44877181595116,13
2,99.9,98.39044640394614,17
3,71.0,79.7001975633664,18
4,34.5,42.45805277556547,24
5,21.5,16.734903787603557,29
6,98.5,92.0600051933395,44
7,74.5,87.31364086812269,68
8,81.0,81.34810804682175,73
9,45.0,71.3340040636659,91
