,real_%top,predicted_%top,index
0,92.15,68.43536905441047,0
1,98.0,97.5508389474904,13
2,99.9,98.44443240680886,17
3,71.0,79.27261331205555,18
4,34.5,21.69748460118314,24
5,21.5,24.23533901760005,29
6,98.5,91.15437496567763,44
7,74.5,97.14794660503755,68
8,81.0,83.1309009343361,73
9,45.0,64.39765458762727,91
