,real_%top,predicted_%top,index
0,71.0,83.43651809420156,19
1,97.5,94.23265621800584,20
2,51.5,95.82144005581839,23
3,64.0,80.83420384072627,33
4,95.5,81.54329677071297,59
5,68.5,91.36275407509157,60
6,8.0,23.096310359983157,64
7,63.0,71.82684788716188,88
8,20.0,20.963690459050753,95
9,9.0,20.08423114059143,98
