,real_%top,predicted_%top,index
0,91.85,68.85086557850474,3
1,98.5,98.91316736237623,16
2,88.0,86.0437450636373,62
3,95.5,89.85583991208954,70
4,79.0,77.56361022936039,72
5,99.5,96.01165504854626,80
6,98.5,96.0136022707685,84
7,98.0,95.98968004854628,87
8,44.5,67.12816700836143,91
9,30.0,17.407860026411498,97
