,real_%top,predicted_%top,index
0,98.45,94.54086568060207,5
1,99.7,84.47739960141983,6
2,70.5,96.05410055201935,20
3,57.0,76.86349691591089,28
4,54.0,70.88194157264304,30
5,23.5,23.270342708353734,33
6,36.5,20.271733433478293,42
7,97.5,91.2360354229104,67
8,95.5,91.22929442640692,69
9,98.5,95.37746453546457,83
