,real_%top,predicted_%top,index
0,91.85,88.44790409830695,2
1,99.75,102.36667150365345,12
2,51.5,95.44857246264881,22
3,64.0,60.32268432451476,32
4,96.5,98.5581771250964,52
5,97.0,97.18498494658245,66
6,99.0,96.89594773659366,75
7,97.0,97.51968238816536,77
8,39.5,48.15853465349424,92
9,30.0,22.14117340437721,96
10,11.0,16.471566445436405,100
