,real_%top,predicted_%top,index
0,7.0,19.275989839486204,11
1,99.75,100.87764819938994,13
2,99.9,98.47629226715738,18
3,98.5,92.97418288569612,26
4,94.0,79.04404102519798,36
5,99.5,97.70486810208739,41
6,99.5,97.28768895571281,46
7,96.5,98.78650291857063,54
8,62.5,54.37976648257016,56
9,21.5,8.370501695907812,96
10,22.0,11.152505395332804,100
