,real_%top,predicted_%top,index
0,99.95,92.18858841139864,9
1,98.5,98.32483280537109,15
2,99.5,100.180093294683,34
3,89.5,75.59077202262486,36
4,15.0,28.471572407209273,41
5,83.5,74.89315722475513,50
6,96.5,98.94594556271306,53
7,62.5,56.22492138500577,55
8,95.5,88.98643828896797,58
9,40.0,42.475583337666116,89
