,real_%top,predicted_%top,index
0,99.95,85.78478,4
1,98.45,85.87154,5
2,99.0,85.77821,14
3,99.3,85.7515,16
4,99.5,85.82893,34
5,36.5,35.20155,42
6,97.0,85.78605,43
7,99.0,85.36411,81
8,98.5,85.36283,82
9,48.5,35.252052,93
10,6.5,34.838905,102
