,real_%top,predicted_%top,index
0,92.0,92.48894,1
1,99.95,92.53923,7
2,86.5,92.48168,21
3,10.0,12.116268,31
4,97.0,92.41493,43
5,99.5,92.51034,45
6,82.0,98.34526,51
7,68.5,92.47681,59
8,78.0,98.58389,76
9,45.5,73.06201,88
10,5.0,13.728166,101
