,real_%top,predicted_%top,index
0,71.0,86.28207250455584,19
1,97.5,98.52872168614967,20
2,51.5,91.93916198233349,23
3,64.0,83.52559806879617,33
4,95.5,87.62438011095561,59
5,68.5,85.43760723808855,60
6,8.0,17.247290805844358,64
7,63.0,44.63345676891798,88
8,20.0,21.36279426761645,95
9,9.0,6.202885285957318,98
