,real_%top,predicted_%top,index
0,92.15,92.66313898323203,0
1,98.0,99.57908528769917,13
2,99.9,99.00309192924823,17
3,71.0,81.91014432479068,18
4,34.5,32.4852950196358,24
5,21.5,25.32512902384715,29
6,98.5,82.8560902690594,44
7,74.5,97.00445114255335,68
8,81.0,68.775548148484,73
9,45.0,43.2672019957853,91
