,real_%top,predicted_%top,index
0,98.45,91.5248713821627,5
1,99.7,97.47359084943905,6
2,70.5,82.15896699528668,20
3,57.0,85.460453858678,28
4,54.0,86.99277002411765,30
5,23.5,19.942286349406615,33
6,36.5,72.02825547042995,42
7,97.5,83.8191719886495,67
8,95.5,83.54851099092767,69
9,98.5,93.81413681695047,83
