,real_%top,predicted_%top,index
0,91.85,87.1642542215085,3
1,98.5,95.95634016593269,16
2,88.0,85.05475700437414,62
3,95.5,85.159675407101,70
4,79.0,82.2953345981374,72
5,99.5,93.26090626086479,80
6,98.5,91.02383292684632,84
7,98.0,92.42200376060786,87
8,44.5,68.43915124647425,91
9,30.0,14.108596698638749,97
