,real_%top,predicted_%top,index
0,99.7,91.77188971557564,7
1,54.0,58.72030915743063,31
2,82.0,99.50654042326609,39
3,15.0,31.522931081507696,42
4,99.5,98.66424084482021,49
5,96.5,94.26837231342978,61
6,85.0,95.11103098784723,65
7,78.0,77.64641430991635,73
8,96.0,99.47823139220803,79
9,39.5,47.92197579225532,93
