,real_%top,predicted_%top,index
0,7.0,21.85934017572212,10
1,99.95,100.48194928849938,11
2,97.5,93.68264259746356,19
3,99.0,84.68663875331693,26
4,94.0,94.4166459971537,35
5,99.5,97.44954055384042,37
6,31.5,15.042745734719576,39
7,59.5,67.6067483054654,56
8,96.5,97.23861601474822,60
9,95.5,98.51714178556323,85
