,real_%top,predicted_%top,index
0,91.85,92.09092291504157,3
1,98.5,99.4541848034429,16
2,88.0,97.24012497343858,62
3,95.5,99.05175116045102,70
4,79.0,82.19446585368367,72
5,99.5,96.50520486081435,80
6,98.5,96.99766861084194,84
7,98.0,96.99766861084194,87
8,44.5,92.20007373758865,91
9,30.0,12.08584381905575,97
