,real_%top,predicted_%top,index
0,98.45,97.68124999999998,5
1,99.7,85.78214285714284,6
2,70.5,97.68124999999998,20
3,57.0,85.78214285714284,28
4,54.0,84.24999999999994,30
5,23.5,14.166666666666682,33
6,36.5,15.59999999285611,42
7,97.5,94.44642857142854,67
8,95.5,94.44642857142854,69
9,98.5,94.44642857142854,83
