,real_%top,predicted_%top,index
0,99.95,97.96273750000002,5
1,98.45,92.33875476190478,6
2,99.0,98.74640416666666,15
3,99.3,98.83142083333334,17
4,99.5,96.41683353174604,35
5,36.5,15.900869047619045,43
6,97.0,89.12037440476193,44
7,99.0,93.12548095238093,82
8,98.5,96.04353095238095,83
9,48.5,53.385022619047625,94
10,6.5,9.52340476190476,103
