,real_%top,predicted_%top,index
0,92.0,83.72304523809522,1
1,99.95,94.62270555555557,7
2,86.5,95.2129873015873,21
3,10.0,22.25666666666666,31
4,97.0,89.59824861111112,43
5,99.5,97.928621031746,45
6,82.0,95.09775714285713,51
7,68.5,93.28767063492064,59
8,78.0,97.02371071428574,76
9,45.5,25.072678571428572,88
10,5.0,9.788311507936509,101
