,real_%top,predicted_%top,index
0,92.15,72.04984936663276,0
1,98.0,97.37565393871893,13
2,99.9,97.37565393871893,17
3,71.0,84.71810991224514,18
4,34.5,29.37681563044698,24
5,21.5,21.88800625996279,29
6,98.5,75.49322839678165,44
7,74.5,92.55407478429757,68
8,81.0,75.49322839678165,73
9,45.0,72.04984936663276,91
