,real_%top,predicted_%top,index
0,71.0,85.56902453313221,19
1,97.5,95.19419200428794,20
2,51.5,92.63349521487446,23
3,64.0,79.972931607162,33
4,95.5,95.19419200428794,59
5,68.5,85.56902453313221,60
6,8.0,24.86557275882163,64
7,63.0,73.71893923419327,88
8,20.0,24.83044138627261,95
9,9.0,24.86557275882163,98
