,real_%top,predicted_%top,index
0,7.0,23.628900818332497,10
1,99.95,99.9967031767597,11
2,97.5,95.07993448254518,19
3,99.0,93.94936560826652,26
4,94.0,80.12267397271702,35
5,99.5,94.26476884309125,37
6,31.5,6.147675819836358,39
7,59.5,62.325865417554986,56
8,96.5,90.00072810805572,60
9,95.5,97.56837670686822,85
