,real_%top,predicted_%top,index
0,99.7,94.65043454118036,7
1,54.0,91.84053658080214,31
2,82.0,90.16670666955055,39
3,15.0,11.97315447273202,42
4,99.5,98.78078764085174,49
5,96.5,95.76723980251724,61
6,85.0,90.66797231276158,65
7,78.0,89.49525100090536,73
8,96.0,89.37308255685177,79
9,39.5,48.680096163504594,93
