,real_%top,predicted_%top,index
0,99.95,98.36178401222962,4
1,99.5,98.2724692502759,40
2,99.5,98.39934528682105,48
3,98.0,97.2652305367019,74
4,96.0,87.07682711426645,78
5,21.0,21.45693924286068,80
6,98.5,97.58790302173321,82
7,63.0,64.5463357377508,87
8,44.5,64.5463357377508,90
9,66.5,98.68720503573229,98
