,real_%top,predicted_%top,index
0,7.0,23.506690147538116,11
1,99.75,94.24064202882988,13
2,99.9,96.88299713579976,18
3,98.5,89.37409524336078,26
4,94.0,79.11580185309491,36
5,99.5,88.3684488650762,41
6,99.5,92.31704827324693,46
7,96.5,91.19959622740335,54
8,62.5,75.36330646864633,56
9,21.5,23.349748971067523,96
10,22.0,23.349748971067523,100
