,real_%top,predicted_%top,index
0,91.85,78.00266120763624,2
1,99.75,95.21894996933948,12
2,51.5,97.00253915430295,22
3,64.0,74.98618522655036,32
4,96.5,96.87595823642857,52
5,97.0,92.16283123019679,66
6,99.0,75.74704720587006,75
7,97.0,92.58801695352932,77
8,39.5,71.87722518471311,92
9,30.0,22.87113360051124,96
10,11.0,22.87113360051124,100
