,real_%top,predicted_%top,index
0,93.8,96.7282670963484,8
1,99.3,96.54830264550438,16
2,96.5,83.22868121311959,27
3,99.5,93.00447577249967,47
4,62.0,75.48971045076817,54
5,98.0,87.89271528078483,57
6,98.0,83.67175837219153,62
7,79.0,86.15663793466089,71
8,22.0,11.071142647255897,99
9,6.5,16.306747656639075,102
