,real_%top,predicted_%top,index
0,99.95,99.67861686526287,10
1,57.0,86.74878386363281,29
2,10.0,8.773925384454259,32
3,99.5,96.82496301016151,38
4,98.5,92.6669254101042,45
5,62.0,77.28574689593192,55
6,97.0,82.99043425766706,67
7,98.0,98.5687436706439,75
8,45.5,-13.382799791252495,89
9,66.5,91.41918343853837,99
