,real_%top,predicted_%top,index
0,93.8,95.33619075004006,8
1,99.3,97.53306698274548,16
2,96.5,93.86048235243872,27
3,99.5,93.54957602537188,47
4,62.0,72.11355824993493,54
5,98.0,92.46770450954513,57
6,98.0,90.24757008337954,62
7,79.0,72.52942652975452,71
8,22.0,21.96285126309348,99
9,6.5,21.96285126309348,102
