,real_%top,predicted_%top,index
0,7.0,25.508127237890402,10
1,99.95,101.8487753442133,11
2,97.5,83.68804999321895,19
3,99.0,75.42214485673657,26
4,94.0,99.16846220177779,35
5,99.5,91.68365187221677,37
6,31.5,14.990350782513563,39
7,59.5,62.91723819037012,56
8,96.5,78.58282184286539,60
9,95.5,98.52595890207458,85
