,real_%top,predicted_%top,index
0,99.95,93.06645635479715,9
1,98.5,97.48146673600098,15
2,99.5,94.23843323825292,34
3,89.5,91.55082519906989,36
4,15.0,23.15275368937908,41
5,83.5,76.26336852767328,50
6,96.5,91.6525313347192,53
7,62.5,67.33260288184037,55
8,95.5,83.80877252853354,58
9,40.0,23.766613967989358,89
