,real_%top,predicted_%top,index
0,91.4,80.97225300712358,3
1,99.0,97.52528372536044,14
2,23.0,20.05012443194061,23
3,98.5,89.04174734848482,25
4,99.0,97.2261116719065,49
5,88.0,89.76531783853405,61
6,91.0,91.45351999124243,65
7,99.5,93.30278347389621,79
8,99.0,84.76487105992133,81
9,48.5,70.23561586042312,93
10,21.5,20.237991583171727,95
