,real_%top,predicted_%top,index
0,92.0,83.17233203124492,2
1,99.95,97.04213819419745,8
2,99.95,88.26643309309156,12
3,34.5,22.27209092870065,25
4,23.5,23.045453024937743,34
5,89.5,94.5215199982594,37
6,31.5,21.65951553187525,40
7,82.0,94.72749334297023,52
8,59.5,78.84246058651318,57
9,81.5,65.42359131534313,71
10,98.5,95.20343120500922,85
