,real_%top,predicted_%top,index
0,98.0,99.05793638429648,14
1,86.5,86.47326501383435,22
2,23.0,29.790641565942497,24
3,98.5,99.49082223220644,47
4,96.5,98.69431771992637,53
5,98.0,94.96414265481161,58
6,97.5,94.79731676227334,68
7,97.0,79.91937371690406,78
8,21.0,7.795821836459298,81
9,95.5,98.12462791227708,86
