,real_%top,predicted_%top,index
0,98.45,85.12462755334192,5
1,99.7,95.40058013909913,6
2,70.5,86.01559076383936,20
3,57.0,77.97902428479227,28
4,54.0,79.65988378450308,30
5,23.5,20.203787462476196,33
6,36.5,21.754529886718625,42
7,97.5,93.562245187825,67
8,95.5,93.5529521205981,69
9,98.5,97.19605295228402,83
