,real_%top,predicted_%top,index
0,91.85,76.04495200696483,3
1,98.5,96.98146460448322,16
2,88.0,87.61225615221174,62
3,95.5,93.93759282483849,70
4,79.0,73.53697834494459,72
5,99.5,93.08296907060107,80
6,98.5,93.42025933866631,84
7,98.0,93.42025933866631,87
8,44.5,74.9896040413616,91
9,30.0,20.466514328471888,97
