,real_%top,predicted_%top,index
0,99.7,98.7998428258192,7
1,54.0,88.23175197421384,31
2,82.0,95.37941876551196,39
3,15.0,24.904790293963117,42
4,99.5,95.47977094407969,49
5,96.5,88.746378903976,61
6,85.0,79.77835599999219,65
7,78.0,86.80338517741544,73
8,96.0,93.95105196871354,79
9,39.5,56.524641784057565,93
