,real_%top,predicted_%top,index
0,92.0,90.88455715975051,1
1,99.95,99.44096890198044,7
2,86.5,80.36425583164655,21
3,10.0,2.9447119368698367,31
4,97.0,88.01635726594999,43
5,99.5,88.92066757387647,45
6,82.0,88.01635726594999,51
7,68.5,79.6341297102685,59
8,78.0,88.20364793189499,76
9,45.5,-15.50509950021943,88
10,5.0,20.600527105204023,101
