,real_%top,predicted_%top,index
0,99.95,86.60846153846155,5
1,98.45,86.60846153846155,6
2,99.0,86.60846153846155,15
3,99.3,86.60846153846155,17
4,99.5,86.60846153846155,35
5,36.5,34.50000000000017,43
6,97.0,86.60846153846155,44
7,99.0,86.60846153846155,82
8,98.5,86.60846153846155,83
9,48.5,86.60846153846163,94
10,6.5,18.937499999999915,103
