,real_%top,predicted_%top,index
0,7.0,15.832312959597584,11
1,99.75,106.30819181934584,13
2,99.9,100.53968429777211,18
3,98.5,84.25765517224853,26
4,94.0,89.18898031591692,36
5,99.5,99.71501077184058,41
6,99.5,98.04794032590442,46
7,96.5,103.69335481541077,54
8,62.5,55.31601845440706,56
9,21.5,10.627185274221727,96
10,22.0,22.539034774330226,100
