,real_%top,predicted_%top,index
0,91.85,83.7788075949858,2
1,99.75,102.56995482765068,12
2,51.5,83.81199720514458,22
3,64.0,59.28217875050476,32
4,96.5,97.699761653262,52
5,97.0,74.78172953658796,66
6,99.0,97.93214634674146,75
7,97.0,100.25260823081906,77
8,39.5,50.75133654815628,92
9,30.0,28.596882292431708,96
10,11.0,27.430485900513368,100
