,real_%top,predicted_%top,index
0,91.4,84.8124134397904,3
1,99.0,98.66311007100703,14
2,23.0,22.032231659071584,23
3,98.5,91.02849854008083,25
4,99.0,93.77676249656365,49
5,88.0,81.93908295548034,61
6,91.0,83.53221749632178,65
7,99.5,94.4942184758709,79
8,99.0,87.92621553900997,81
9,48.5,69.40239742163163,93
10,21.5,-0.7881145339052296,95
