,real_%top,predicted_%top,index
0,98.45,92.75250521904353,5
1,99.7,98.55751938848596,6
2,70.5,78.93799071161166,20
3,57.0,83.45326882693634,28
4,54.0,83.99084351512549,30
5,23.5,18.121944222605052,33
6,36.5,56.90436542824578,42
7,97.5,83.02263269337348,67
8,95.5,83.13613287184607,69
9,98.5,91.7698686716458,83
