,real_%top,predicted_%top,index
0,99.0,73.84804955390067,27
1,96.5,88.33332392344136,28
2,99.5,98.44056314815467,48
3,99.0,94.73573066157472,50
4,98.0,87.99661871598988,63
5,81.0,78.28066886468298,74
6,78.0,95.69974541295477,77
7,45.0,64.71467908358875,92
8,11.0,14.185802771277581,101
9,5.0,8.525306833653376,102
