,real_%top,predicted_%top,index
0,82.0,99.39222196881546,38
1,98.5,100.76338747752358,46
2,8.0,22.714231296892144,63
3,85.0,99.60031471355748,64
4,81.5,91.33812529052544,70
5,78.0,81.03951740418272,72
6,98.5,98.94213354433273,84
7,98.0,95.49090026320457,86
8,20.0,24.146088604062744,94
9,9.0,29.92476026042407,97
