,real_%top,predicted_%top,index
0,99.95,94.26006106649741,9
1,98.5,98.24696466308599,15
2,99.5,99.944571366521,34
3,89.5,91.09269849528718,36
4,15.0,31.4269091865376,41
5,83.5,73.28246672343114,50
6,96.5,95.08911369949811,53
7,62.5,55.53777227399488,55
8,95.5,81.29033151490351,58
9,40.0,43.44474352049777,89
