,real_%top,predicted_%top,index
0,98.0,92.82604078927336,14
1,86.5,85.24761846322582,22
2,23.0,19.27422193291137,24
3,98.5,99.40376691459718,47
4,96.5,75.34038234548233,53
5,98.0,92.14111527218871,58
6,97.5,91.68718147852051,68
7,97.0,97.24789609798265,78
8,21.0,0.7658582682090634,81
9,95.5,97.89652373382995,86
