,real_%top,predicted_%top,index
0,99.95,98.69836860198626,10
1,57.0,76.84780071391026,29
2,10.0,24.63995054741011,32
3,99.5,84.27735150339853,38
4,98.5,88.54112863672272,45
5,62.0,84.84008683710081,55
6,97.0,92.84567403421741,67
7,98.0,97.86486731920041,75
8,45.5,23.01714318810275,89
9,66.5,95.36399016065634,99
