,real_%top,predicted_%top,index
0,93.8,89.22685875790877,8
1,99.3,98.84463785014006,16
2,96.5,92.95476851204349,27
3,99.5,97.7386988627386,47
4,62.0,82.74010592948721,54
5,98.0,90.44636717718556,57
6,98.0,90.93714626860071,62
7,79.0,79.44349010842099,71
8,22.0,24.560259304829156,99
9,6.5,18.826739336235658,102
