,real_%top,predicted_%top,index
0,92.15,87.70190036159677,1
1,91.4,84.77317548775152,4
2,93.8,95.5583173967386,9
3,70.5,80.94808799027197,21
4,21.5,21.098791282467417,30
5,83.5,80.49052109602442,51
6,91.0,84.22488026910682,66
7,74.5,88.17788757096703,69
8,99.0,87.61052968130399,76
9,40.0,7.704519719763184,90
