,real_%top,predicted_%top,index
0,99.95,105.64901032963544,4
1,99.5,92.73760901540162,40
2,99.5,87.99014196784032,48
3,98.0,101.51612802038301,74
4,96.0,94.25057828760488,78
5,21.0,38.95512710560518,80
6,98.5,93.61680317356824,82
7,63.0,68.04312914213726,87
8,44.5,67.91844818937302,90
9,66.5,80.74653857474229,98
