,real_%top,predicted_%top,index
0,98.45,85.56725,5
1,99.7,85.564026,6
2,70.5,85.42277,20
3,57.0,85.5106,28
4,54.0,85.45075,30
5,23.5,13.32151,33
6,36.5,14.111101,42
7,97.5,85.448006,67
8,95.5,85.352936,69
9,98.5,85.42746,83
