,real_%top,predicted_%top,index
0,98.45,80.276924,5
1,99.7,80.06177,6
2,70.5,80.26668,20
3,57.0,80.26683,28
4,54.0,75.79584,30
5,23.5,17.60928,33
6,36.5,82.912094,42
7,97.5,80.29642,67
8,95.5,80.10029,69
9,98.5,93.88935,83
