,real_%top,predicted_%top,index
0,91.85,46.95403,2
1,98.5,87.0347,15
2,88.0,79.692245,61
3,95.5,87.03868,69
4,79.0,84.25959,71
5,99.5,86.584435,79
6,98.5,86.5813,83
7,98.0,86.5935,86
8,44.5,21.925785,90
9,30.0,2.1432428,96
