,real_%top,predicted_%top,index
0,92.15,70.12763291452966,1
1,91.4,74.9669451613661,4
2,93.8,98.198244112074,9
3,70.5,97.91381488192015,21
4,21.5,21.589194905685222,30
5,83.5,82.61255571133849,51
6,91.0,74.9669451613661,66
7,74.5,91.22385606269899,69
8,99.0,97.74438095334872,76
9,40.0,26.1518627231139,90
