,real_%top,predicted_%top,index
0,99.95,94.6206677099437,4
1,99.5,92.21741941602872,40
2,99.5,92.21741941602872,48
3,98.0,94.6206677099437,74
4,96.0,97.50501484808716,78
5,21.0,22.647794147592453,80
6,98.5,75.95220682400992,82
7,63.0,74.49112263661398,87
8,44.5,74.49112263661398,90
9,66.5,92.21741941602872,98
