,real_%top,predicted_%top,index
0,7.0,17.307692307692278,11
1,99.75,86.90909090909089,13
2,99.9,86.90909090909089,18
3,98.5,86.90909090909089,26
4,94.0,86.90909090909089,36
5,99.5,86.90909090909089,41
6,99.5,86.90909090909089,46
7,96.5,86.90909090909089,54
8,62.5,86.90909090909089,56
9,21.5,17.30769230769242,96
10,22.0,17.30769230769242,100
