,real_%top,predicted_%top,index
0,99.0,83.51724717252019,27
1,96.5,87.7121352604734,28
2,99.5,98.80729857621819,48
3,99.0,99.35083229241067,50
4,98.0,95.78057951801244,63
5,81.0,78.77198954036369,74
6,78.0,96.51605914516126,77
7,45.0,44.81056089655296,92
8,11.0,30.617786117435887,101
9,5.0,7.976171514660137,102
