,real_%top,predicted_%top,index
0,82.0,87.27399930612995,38
1,98.5,99.46745830851336,46
2,8.0,19.989163393477234,63
3,85.0,96.05010212323337,64
4,81.5,80.93282678670747,70
5,78.0,52.51908313699113,72
6,98.5,99.16492461893726,84
7,98.0,99.36573976768139,86
8,20.0,21.417655945168608,94
9,9.0,10.792353984024341,97
