,real_%top,predicted_%top,index
0,99.95,97.42032177896245,9
1,98.5,97.42032177896245,15
2,99.5,94.41315073836768,34
3,89.5,83.75686619947552,36
4,15.0,20.26315812603019,41
5,83.5,83.75686619947552,50
6,96.5,79.13447328785043,53
7,62.5,78.91931353130381,55
8,95.5,94.41315073836768,58
9,40.0,25.802327798777103,89
