,real_%top,predicted_%top,index
0,98.0,97.1851234728094,14
1,86.5,83.2314614489672,22
2,23.0,21.679556806788334,24
3,98.5,88.67792058308929,47
4,96.5,88.67792058308929,53
5,98.0,95.6556445803667,58
6,97.5,88.67792058308929,68
7,97.0,97.1851234728094,78
8,21.0,21.679556806788334,81
9,95.5,97.1851234728094,86
