,real_%top,predicted_%top,index
0,98.0,98.44848007120584,14
1,86.5,93.89396337841077,22
2,23.0,22.05667247818606,24
3,98.5,96.87905252922388,47
4,96.5,96.89001671928641,53
5,98.0,90.13388074515782,58
6,97.5,90.55044813405546,68
7,97.0,91.12162271392826,78
8,21.0,16.484503445829535,81
9,95.5,95.67230942133845,86
