,real_%top,predicted_%top,index
0,99.95,98.24344023749946,9
1,98.5,98.93819993890921,15
2,99.5,96.11847166893564,34
3,89.5,71.89086154086927,36
4,15.0,17.027627768086745,41
5,83.5,79.26944336321358,50
6,96.5,96.70338207580821,53
7,62.5,69.4161764474904,55
8,95.5,87.58507822749148,58
9,40.0,25.50917802053038,89
