,real_%top,predicted_%top,index
0,92.0,88.81691677716027,1
1,99.95,100.45226811077524,7
2,86.5,92.55711493402247,21
3,10.0,21.97325693663778,31
4,97.0,103.99968376258973,43
5,99.5,98.72250036107195,45
6,82.0,96.77842465434763,51
7,68.5,90.38047695402837,59
8,78.0,95.39308613825304,76
9,45.5,25.95488777720486,88
10,5.0,10.836481667594063,101
