,real_%top,predicted_%top,index
0,91.4,86.92231894707935,3
1,99.0,96.78248630899355,14
2,23.0,18.64133906512953,23
3,98.5,82.95379381280998,25
4,99.0,92.27888599257244,49
5,88.0,82.93209381658386,61
6,91.0,84.04911439328485,65
7,99.5,91.84878356346101,79
8,99.0,85.88306468262932,81
9,48.5,62.54304632063432,93
10,21.5,7.405891609385208,95
