,real_%top,predicted_%top,index
0,7.0,22.550999292472827,10
1,99.95,106.27492629596715,11
2,97.5,99.3322619282173,19
3,99.0,84.51917576571142,26
4,94.0,84.93655449945216,35
5,99.5,100.29064478304564,37
6,31.5,14.157643633389492,39
7,59.5,62.78372726140752,56
8,96.5,86.77130996021357,60
9,95.5,99.47646662995089,85
