,real_%top,predicted_%top,index
0,7.0,21.33526237896092,10
1,99.95,87.37542524405418,11
2,97.5,91.05937468621855,19
3,99.0,83.58204216792194,26
4,94.0,82.07308255947484,35
5,99.5,89.4498406231003,37
6,31.5,21.06340722023076,39
7,59.5,77.8012144387067,56
8,96.5,89.26623546437013,60
9,95.5,97.32829542598785,85
