,real_%top,predicted_%top,index
0,99.7,94.7818109557904,7
1,54.0,75.03507902061173,31
2,82.0,95.18807896058192,39
3,15.0,23.096310359983157,42
4,99.5,97.37719712991259,49
5,96.5,92.59379564528608,61
6,85.0,81.57501044453915,65
7,78.0,70.78601651020549,73
8,96.0,94.141863437298,79
9,39.5,71.69993542323692,93
