,real_%top,predicted_%top,index
0,92.15,88.63404710106889,0
1,98.0,96.84170880301076,13
2,99.9,98.78570635635631,17
3,71.0,66.56872581056345,18
4,34.5,38.649885949085,24
5,21.5,20.047411404438634,29
6,98.5,91.40606696579073,44
7,74.5,87.50216803377658,68
8,81.0,81.22233043860717,73
9,45.0,65.29743030417947,91
