,real_%top,predicted_%top,index
0,92.15,88.5625,0
1,98.0,96.75,13
2,99.9,98.71875,17
3,71.0,66.5,18
4,34.5,38.53125,24
5,21.5,19.9375,29
6,98.5,91.3125,44
7,74.5,87.40625,68
8,81.0,81.125,73
9,45.0,65.21875,91
