,real_%top,predicted_%top,index
0,99.0,91.52069090423464,27
1,96.5,93.74486362734484,28
2,99.5,96.28625910273078,48
3,99.0,96.19877894400061,50
4,98.0,89.25679258591427,63
5,81.0,70.07717120783629,74
6,78.0,92.92221209227864,77
7,45.0,69.73958085195034,92
8,11.0,23.56323043343825,101
9,5.0,18.919085702352344,102
