,real_%top,predicted_%top,index
0,82.0,78.45497377348957,38
1,98.5,97.68169103951607,46
2,8.0,22.252642686991376,63
3,85.0,90.48722445054943,64
4,81.5,77.44807056489262,70
5,78.0,63.222216662504145,72
6,98.5,96.66638149930134,84
7,98.0,96.66638149930134,86
8,20.0,23.39171077168446,94
9,9.0,20.423974938073616,97
