,real_%top,predicted_%top,index
0,93.8,97.08101693839079,8
1,99.3,100.24086384009284,16
2,96.5,82.29882478135204,27
3,99.5,98.94960644228208,47
4,62.0,56.737572251234205,54
5,98.0,94.3544324594441,57
6,98.0,84.07143748889895,62
7,79.0,80.54962403462747,71
8,22.0,14.107553868003139,99
9,6.5,8.116545043088239,102
