,real_%top,predicted_%top,index
0,99.95,94.05624999999998,4
1,99.5,94.99615384615383,40
2,99.5,94.99615384615383,48
3,98.0,94.05624999999998,74
4,96.0,94.99615384615383,78
5,21.0,16.85714285714288,80
6,98.5,82.9730769230769,82
7,63.0,44.33333333333331,87
8,44.5,44.33333333333331,90
9,66.5,94.99615384615383,98
