,real_%top,predicted_%top,index
0,92.15,67.51226299680145,1
1,91.4,63.52664275393635,4
2,93.8,99.61653243127147,9
3,70.5,96.9299966604602,21
4,21.5,19.988607175561445,30
5,83.5,96.56456966633438,51
6,91.0,93.35297009115907,66
7,74.5,97.26738837583002,69
8,99.0,97.94578468353974,76
9,40.0,46.46146995337591,90
