,real_%top,predicted_%top,index
0,92.0,83.14892142857141,1
1,99.95,97.13807857142858,7
2,86.5,95.6459978174603,21
3,10.0,24.39667063492063,31
4,97.0,83.59391587301589,43
5,99.5,98.0586142857143,45
6,82.0,95.57920972222222,51
7,68.5,94.00475297619043,59
8,78.0,97.4192011904762,76
9,45.5,24.226218253968245,88
10,5.0,11.033376984126983,101
