,real_%top,predicted_%top,index
0,99.95,97.7406444444444,5
1,98.45,93.47068789682537,6
2,99.0,98.74401726190477,15
3,99.3,98.92092202380951,17
4,99.5,95.38181111111109,35
5,36.5,22.822166666666668,43
6,97.0,87.38752242063494,44
7,99.0,92.58664325396826,82
8,98.5,95.7115488095238,83
9,48.5,52.633724999999984,94
10,6.5,12.009297619047619,103
