,real_%top,predicted_%top,index
0,91.4,77.00949465974415,3
1,99.0,97.1169236915095,14
2,23.0,22.685837682782527,23
3,98.5,90.73076256714172,25
4,99.0,90.73076256714172,49
5,88.0,90.73076256714172,61
6,91.0,77.00949465974415,65
7,99.5,97.1169236915095,79
8,99.0,81.99826928202323,81
9,48.5,71.06797669565822,93
10,21.5,22.70708753497637,95
