,real_%top,predicted_%top,index
0,92.0,79.53312220069827,2
1,99.95,97.54491644693428,8
2,99.95,79.53312220069827,12
3,34.5,26.93824400236947,25
4,23.5,21.001380155377294,34
5,89.5,82.33840932897914,37
6,31.5,20.979319549316692,40
7,82.0,82.33840932897914,52
8,59.5,80.82663349723387,57
9,81.5,70.26572514169843,71
10,98.5,97.54491644693428,85
