,real_%top,predicted_%top,index
0,99.95,99.6050538895566,4
1,99.5,82.18040060942475,40
2,99.5,98.72723695956054,48
3,98.0,96.50194030708933,74
4,96.0,99.44411529975693,78
5,21.0,27.715373665614884,80
6,98.5,98.36825388883047,82
7,63.0,45.78410170123682,87
8,44.5,45.20793261607854,90
9,66.5,55.30436775846036,98
