,real_%top,predicted_%top,index
0,92.15,92.88650102553522,1
1,91.4,93.68816722995335,4
2,93.8,99.93636180452879,9
3,70.5,94.98767137214655,21
4,21.5,20.00488250051692,30
5,83.5,70.9705144374298,51
6,91.0,94.37954391063153,66
7,74.5,97.00256078714082,69
8,99.0,96.94709860798802,76
9,40.0,44.93781040075589,90
