,real_%top,predicted_%top,index
0,92.15,93.13134106506412,1
1,91.4,93.19396180145758,4
2,93.8,72.92850172668605,9
3,70.5,92.38735344599333,21
4,21.5,21.830480461588003,30
5,83.5,71.59994229819252,51
6,91.0,94.7721200803672,66
7,74.5,96.97151489515902,69
8,99.0,96.47808706187942,76
9,40.0,46.57807683510451,90
