,real_%top,predicted_%top,index
0,99.95,109.41542545745385,4
1,99.5,103.11676744839015,40
2,99.5,98.48218464600944,48
3,98.0,101.27076561247503,74
4,96.0,84.49909348270805,78
5,21.0,11.6432288256518,80
6,98.5,95.21310374904503,82
7,63.0,61.11006374035682,87
8,44.5,60.676855500515366,90
9,66.5,99.63549610288504,98
