,real_%top,predicted_%top,index
0,99.95,90.89321242837663,9
1,98.5,96.78948653317424,15
2,99.5,92.73466328140817,34
3,89.5,90.59330817779913,36
4,15.0,19.57890431837239,41
5,83.5,79.27499601504339,50
6,96.5,90.73339837123343,53
7,62.5,73.22596739921192,55
8,95.5,77.2063747191104,58
9,40.0,24.81042957568439,89
