,real_%top,predicted_%top,index
0,99.0,87.72257619047622,27
1,96.5,93.34020000000004,28
2,99.5,98.59531428571428,48
3,99.0,94.94461666666665,50
4,98.0,91.79030476190478,63
5,81.0,78.45830119047616,74
6,78.0,97.21080119047618,77
7,45.0,52.17805952380951,92
8,11.0,26.432951298701287,101
9,5.0,15.891488095238099,102
