,real_%top,predicted_%top,index
0,82.0,87.78314166666665,38
1,98.5,99.24171753246752,46
2,8.0,23.757833333333327,63
3,85.0,92.34785873015872,64
4,81.5,62.099352380952396,70
5,78.0,62.77270238095239,72
6,98.5,96.63877738095235,84
7,98.0,96.49478095238089,86
8,20.0,20.536446428571427,94
9,9.0,13.560738095238095,97
