,real_%top,predicted_%top,index
0,98.0,89.85953,13
1,86.5,89.55382,21
2,23.0,32.109123,23
3,98.5,89.8938,46
4,96.5,89.401886,52
5,98.0,89.92436,57
6,97.5,89.88651,67
7,97.0,89.06031,77
8,21.0,88.73171,80
9,95.5,89.0405,85
