,real_%top,predicted_%top,index
0,99.95,87.93918,9
1,98.5,87.9532,15
2,99.5,87.92848,34
3,89.5,87.91262,36
4,15.0,25.376514,41
5,83.5,98.92782,50
6,96.5,98.918625,53
7,62.5,87.58058,55
8,95.5,87.922745,58
9,40.0,86.09898,89
