,real_%top,predicted_%top,index
0,99.95,92.840965,9
1,98.5,92.829636,15
2,99.5,92.86238,34
3,89.5,92.862404,36
4,15.0,92.372215,41
5,83.5,92.852745,50
6,96.5,92.93084,53
7,62.5,85.07768,55
8,95.5,92.91203,58
9,40.0,37.82388,89
