,real_%top,predicted_%top,index
0,99.95,92.93187,9
1,98.5,92.9209,15
2,99.5,92.95271,34
3,89.5,92.95247,36
4,15.0,92.46912,41
5,83.5,92.94119,50
6,96.5,93.01534,53
7,62.5,85.26118,55
8,95.5,92.995285,58
9,40.0,38.24767,89
