,real_%top,predicted_%top,index
0,92.15,86.02285988076433,1
1,91.4,84.20967718472522,4
2,93.8,96.5555294477562,9
3,70.5,77.98376109134944,21
4,21.5,21.008330958362535,30
5,83.5,75.12821662763781,51
6,91.0,83.2407029992154,66
7,74.5,85.76562930733057,69
8,99.0,88.80487087728004,76
9,40.0,7.645650411652625,90
