,real_%top,predicted_%top,index
0,99.95,104.49420978633286,4
1,99.5,94.07924288365747,40
2,99.5,90.4217176358055,48
3,98.0,101.07541976073782,74
4,96.0,93.70710052835737,78
5,21.0,30.364134961396672,80
6,98.5,93.64249351410703,82
7,63.0,75.48047098787148,87
8,44.5,75.38441476924103,90
9,66.5,86.03883679885011,98
