,real_%top,predicted_%top,index
0,91.85,87.17411032837165,3
1,98.5,97.85712297229573,16
2,88.0,97.94168402937301,62
3,95.5,98.31183506198705,70
4,79.0,79.29824418612698,72
5,99.5,96.03530608096405,80
6,98.5,94.26092720427351,84
7,98.0,95.523146180106,87
8,44.5,63.858570524943964,91
9,30.0,8.959317804425709,97
