,real_%top,predicted_%top,index
0,98.45,99.50057650521073,5
1,99.7,98.49181239270493,6
2,70.5,88.71280465489403,20
3,57.0,61.963462668056444,28
4,54.0,63.55960745066789,30
5,23.5,22.98156055994188,33
6,36.5,34.07621197719644,42
7,97.5,89.57234934274102,67
8,95.5,91.22465441924297,69
9,98.5,94.29438936143725,83
