,real_%top,predicted_%top,index
0,71.0,87.59074174073679,19
1,97.5,98.58103989253546,20
2,51.5,94.51157919491033,23
3,64.0,58.41217214015979,33
4,95.5,86.81620386143743,59
5,68.5,85.31938464594595,60
6,8.0,16.109887982384432,64
7,63.0,44.45518930121533,88
8,20.0,22.420724299306904,95
9,9.0,6.332989810677488,98
