,real_%top,predicted_%top,index
0,92.15,92.90250860644416,0
1,98.0,98.77970028406459,13
2,99.9,99.1364876040322,17
3,71.0,80.75997823410817,18
4,34.5,34.45583434198343,24
5,21.5,21.05973264206183,29
6,98.5,97.59013249539015,44
7,74.5,97.0036324303595,68
8,81.0,79.1270019628233,73
9,45.0,44.37210083981293,91
