,real_%top,predicted_%top,index
0,7.0,26.94323225812828,10
1,99.95,95.99494907651177,11
2,97.5,89.59711572820015,19
3,99.0,71.67264944964722,26
4,94.0,97.31213050914774,35
5,99.5,100.2171738583385,37
6,31.5,15.497220766547697,39
7,59.5,67.26485700498681,56
8,96.5,93.7093618616067,60
9,95.5,98.937099111871,85
