,real_%top,predicted_%top,index
0,93.8,96.30797743759923,8
1,99.3,97.68215183149897,16
2,96.5,80.19944421540883,27
3,99.5,90.49500349877277,47
4,62.0,72.64881621825357,54
5,98.0,90.81179941808048,57
6,98.0,82.93410866688046,62
7,79.0,81.98011100656794,71
8,22.0,7.971459479868344,99
9,6.5,15.22509946126985,102
