,real_%top,predicted_%top,index
0,99.95,97.4815149574021,10
1,57.0,86.21321792200365,29
2,10.0,8.567751620111295,32
3,99.5,101.01937102186375,38
4,98.5,94.74289736449104,45
5,62.0,77.20378580921971,55
6,97.0,84.83805647666735,67
7,98.0,100.27813909005899,75
8,45.5,-19.20132457588258,89
9,66.5,94.87266114284365,99
