,real_%top,predicted_%top,index
0,93.8,97.82128519015109,8
1,99.3,98.03490974634157,16
2,96.5,78.7768166715832,27
3,99.5,90.87893205958241,47
4,62.0,73.19329021662136,54
5,98.0,89.4961185201259,57
6,98.0,84.16324013301713,62
7,79.0,82.56057615486644,71
8,22.0,7.166174194074955,99
9,6.5,15.22753383966456,102
