,real_%top,predicted_%top,index
0,71.0,89.5517720528585,19
1,97.5,86.86903255381444,20
2,51.5,98.43699602597499,23
3,64.0,58.75288875072321,33
4,95.5,89.984401294093,59
5,68.5,90.45999433870851,60
6,8.0,25.68386442818772,64
7,63.0,45.91581495181937,88
8,20.0,23.059609448433537,95
9,9.0,29.968247583410314,98
