,real_%top,predicted_%top,index
0,92.15,92.62683996121282,0
1,98.0,98.31567401333942,13
2,99.9,96.19233297602945,17
3,71.0,85.9164290851379,18
4,34.5,32.73140087649909,24
5,21.5,18.42034027855323,29
6,98.5,96.7822518264591,44
7,74.5,97.01441375085541,68
8,81.0,74.27258519094678,73
9,45.0,47.34073234384602,91
