,real_%top,predicted_%top,index
0,99.95,104.36674770381848,5
1,98.45,91.82530023645097,6
2,99.0,96.90847639140766,15
3,99.3,96.9187798355496,17
4,99.5,99.19146804203497,35
5,36.5,56.02931327873078,43
6,97.0,82.56477978679861,44
7,99.0,84.80586467736775,82
8,98.5,93.84162094897755,83
9,48.5,63.967066446495544,94
10,6.5,19.517552426790388,103
