,real_%top,predicted_%top,index
0,92.0,81.95225830323172,1
1,99.95,102.47144438718644,7
2,86.5,86.65381736130132,21
3,10.0,21.722279131932538,31
4,97.0,88.98008514272767,43
5,99.5,95.0261449299226,45
6,82.0,100.23910444362885,51
7,68.5,88.2533777218918,59
8,78.0,98.26309662220456,76
9,45.5,-15.939364021761733,88
10,5.0,17.59676603335565,101
