,real_%top,predicted_%top,index
0,91.85,69.93134178432705,3
1,98.5,96.79905626792139,16
2,88.0,89.98312914172605,62
3,95.5,89.98312914172605,70
4,79.0,84.19480197146679,72
5,99.5,96.79905626792139,80
6,98.5,96.79905626792139,84
7,98.0,96.79905626792139,87
8,44.5,69.93134178432705,91
9,30.0,21.347434162538754,97
