,real_%top,predicted_%top,index
0,98.45,97.36132093840074,5
1,99.7,82.05705728201976,6
2,70.5,97.85675258951959,20
3,57.0,85.20698044660229,28
4,54.0,79.85535718180007,30
5,23.5,20.113463779308066,33
6,36.5,28.032396528219827,42
7,97.5,92.85698624505538,67
8,95.5,92.85698624505538,69
9,98.5,97.95218373360588,83
