,real_%top,predicted_%top,index
0,7.0,26.15441068639363,10
1,99.95,100.90942835823581,11
2,97.5,91.02815229627818,19
3,99.0,76.41220970910148,26
4,94.0,90.27992019651674,35
5,99.5,99.60887832648264,37
6,31.5,14.474194719934173,39
7,59.5,66.0731727297211,56
8,96.5,96.07981937621255,60
9,95.5,98.6310330691171,85
