,real_%top,predicted_%top,index
0,82.0,95.70853742233993,38
1,98.5,97.88686271430069,46
2,8.0,35.878863874975075,63
3,85.0,98.92984538773153,64
4,81.5,93.57606837878103,70
5,78.0,80.61050997160912,72
6,98.5,98.6429653817519,84
7,98.0,96.17571586950437,86
8,20.0,27.600357285782326,94
9,9.0,26.134216068528346,97
