,real_%top,predicted_%top,index
0,99.7,98.12010513359243,7
1,54.0,85.67026947549576,31
2,82.0,92.44674740452992,39
3,15.0,29.261305127104876,42
4,99.5,93.47239914586966,49
5,96.5,90.83130237956429,61
6,85.0,78.48784849110645,65
7,78.0,86.73742383763363,73
8,96.0,93.5139017666678,79
9,39.5,66.61586525851817,93
