,real_%top,predicted_%top,index
0,7.0,40.427234486761606,10
1,99.95,90.40130149914208,11
2,97.5,82.00692233367909,19
3,99.0,67.77221637951335,26
4,94.0,84.31412338929466,35
5,99.5,95.57063574579686,37
6,31.5,31.375768857988227,39
7,59.5,74.79260391924691,56
8,96.5,91.111518157406,60
9,95.5,93.21644439887234,85
