,real_%top,predicted_%top,index
0,7.0,25.90493823955622,10
1,99.95,98.89837540256039,11
2,97.5,90.82684042436208,19
3,99.0,72.21280624017062,26
4,94.0,86.59655079464481,35
5,99.5,97.71765614160927,37
6,31.5,14.39194273420749,39
7,59.5,66.72176967277795,56
8,96.5,95.98955295843675,60
9,95.5,97.59853955436904,85
