,real_%top,predicted_%top,index
0,99.95,110.52302918555753,5
1,98.45,100.91856309686028,6
2,99.0,97.72301843700293,15
3,99.3,99.0790811241871,17
4,99.5,102.72124179837525,35
5,36.5,28.653120014977574,43
6,97.0,88.44496580393233,44
7,99.0,92.46249135948374,82
8,98.5,90.24665597245927,83
9,48.5,43.19182814094994,94
10,6.5,4.962334134116164,103
