,real_%top,predicted_%top,index
0,92.0,72.4198189594554,1
1,99.95,110.53044464021362,7
2,86.5,83.14474989689943,21
3,10.0,20.665802962123156,31
4,97.0,90.07917606262525,43
5,99.5,99.77403399751066,45
6,82.0,85.37071909428714,51
7,68.5,92.99952114236405,59
8,78.0,95.71551942194685,76
9,45.5,20.713035998309326,88
10,5.0,7.9580786208430325,101
