,real_%top,predicted_%top,index
0,99.95,97.24999999999993,4
1,99.5,94.64444444444443,40
2,99.5,94.64444444444443,48
3,98.0,97.24999999999993,74
4,96.0,94.64444444444443,78
5,21.0,15.000000000000018,80
6,98.5,84.58214285714284,82
7,63.0,44.33333333333332,87
8,44.5,44.33333333333332,90
9,66.5,94.64444444444443,98
