,real_%top,predicted_%top,index
0,92.15,64.56843803807512,1
1,91.4,83.72406559363452,4
2,93.8,99.65385255628348,9
3,70.5,96.97391690931146,21
4,21.5,13.301575167484845,30
5,83.5,97.85936259369815,51
6,91.0,93.18860268060966,66
7,74.5,97.272404504331,69
8,99.0,97.96950050149279,76
9,40.0,45.933089626471926,90
