,real_%top,predicted_%top,index
0,99.95,96.28227883821158,9
1,98.5,96.60609763160286,15
2,99.5,100.11157569863076,34
3,89.5,94.29896561808094,36
4,15.0,31.506499116301477,41
5,83.5,78.14979080103762,50
6,96.5,89.07808457185547,53
7,62.5,73.57861980414944,55
8,95.5,78.38957604111827,58
9,40.0,7.179857564567087,89
