,real_%top,predicted_%top,index
0,98.0,97.84723159306517,14
1,86.5,83.1506650813961,22
2,23.0,9.463010682137124,24
3,98.5,93.14968079294873,47
4,96.5,90.06311100977798,53
5,98.0,89.47479927071751,58
6,97.5,83.48526576554342,68
7,97.0,100.36143566599236,78
8,21.0,22.18133300051602,81
9,95.5,94.16959901607048,86
