,real_%top,predicted_%top,index
0,99.95,106.22731820607325,10
1,57.0,63.48563261812218,29
2,10.0,19.589291673707674,32
3,99.5,98.34731731724993,38
4,98.5,95.0736554054599,45
5,62.0,61.51733866386526,55
6,97.0,74.4999999800143,67
7,98.0,95.96934925362497,75
8,45.5,15.770221994648304,89
9,66.5,64.74687832232064,99
