,real_%top,predicted_%top,index
0,93.8,90.71801528836853,8
1,99.3,100.79824179660817,16
2,96.5,97.22818040254994,27
3,99.5,99.40606249980951,47
4,62.0,53.66766919794229,54
5,98.0,89.77823768123123,57
6,98.0,95.73792475603085,62
7,79.0,77.27447069956128,71
8,22.0,19.430830289715693,99
9,6.5,4.625896156671288,102
