,real_%top,predicted_%top,index
0,91.85,65.73002,2
1,99.75,89.270744,12
2,51.5,89.14271,22
3,64.0,89.1586,32
4,96.5,89.01442,52
5,97.0,89.13739,66
6,99.0,88.88991,75
7,97.0,88.96376,77
8,39.5,50.8825,92
9,30.0,22.908028,96
10,11.0,24.601461,100
