,real_%top,predicted_%top,index
0,91.85,66.22001,2
1,99.75,86.64801,12
2,51.5,86.86555,22
3,64.0,87.05105,32
4,96.5,94.37575,52
5,97.0,86.997314,66
6,99.0,92.773415,75
7,97.0,92.838066,77
8,39.5,86.566925,92
9,30.0,15.324079,96
10,11.0,66.23672,100
