,real_%top,predicted_%top,index
0,7.0,87.65729,10
1,99.75,87.84707,12
2,99.9,87.899124,17
3,98.5,87.99505,25
4,94.0,87.93432,35
5,99.5,87.97658,40
6,99.5,87.9284,45
7,96.5,87.91672,53
8,62.5,83.36202,55
9,21.5,17.890404,95
10,22.0,21.270779,99
