,real_%top,predicted_%top,index
0,98.45,100.98289145087286,5
1,99.7,91.97896065180194,6
2,70.5,86.22143440405195,20
3,57.0,63.729506287618136,28
4,54.0,67.15851969821036,30
5,23.5,19.267678915090592,33
6,36.5,28.834307812755522,42
7,97.5,96.92944892705178,67
8,95.5,96.96114002649685,69
9,98.5,93.91037168444545,83
