,real_%top,predicted_%top,index
0,92.0,80.29647051453115,2
1,99.95,99.56490116654626,8
2,99.95,91.84685663959378,12
3,34.5,36.50153214709655,25
4,23.5,12.351827362797474,34
5,89.5,86.49238656422236,37
6,31.5,18.96452590722384,40
7,82.0,98.36595611159179,52
8,59.5,70.50356332305857,57
9,81.5,47.88451935939633,71
10,98.5,97.33484326872612,85
