,real_%top,predicted_%top,index
0,91.4,81.21153846153844,3
1,99.0,94.51599999999998,14
2,23.0,14.000000000000018,23
3,98.5,94.51599999999998,25
4,99.0,94.51599999999998,49
5,88.0,94.51599999999998,61
6,91.0,81.21153846153844,65
7,99.5,94.51599999999998,79
8,99.0,83.10312499999998,81
9,48.5,42.25000000000003,93
10,21.5,14.833333333333355,95
