,real_%top,predicted_%top,index
0,91.4,81.44186652006616,3
1,99.0,98.03777464055551,14
2,23.0,21.256032169219665,23
3,98.5,88.5742849819515,25
4,99.0,95.26361481641439,49
5,88.0,87.83243111500879,61
6,91.0,91.87673475089584,65
7,99.5,93.44949856107942,79
8,99.0,85.3521738868158,81
9,48.5,66.02324049580449,93
10,21.5,19.34528525641026,95
