,real_%top,predicted_%top,index
0,82.0,93.06804407353962,38
1,98.5,92.3155611762803,46
2,8.0,21.132960122931024,63
3,85.0,76.9864977396343,64
4,81.5,85.11353062502036,70
5,78.0,84.16878419808313,72
6,98.5,92.5664154292362,84
7,98.0,92.98729569380498,86
8,20.0,3.7388383314952733,94
9,9.0,14.86660617810631,97
