,real_%top,predicted_%top,index
0,82.0,93.0673828125,38
1,98.5,92.31494140625,46
2,8.0,21.132568359375,63
3,85.0,76.98583984375,64
4,81.5,85.11279296875,70
5,78.0,84.168212890625,72
6,98.5,92.56591796875,84
7,98.0,92.98681640625,86
8,20.0,3.73828125,94
9,9.0,14.865966796875,97
