,real_%top,predicted_%top,index
0,99.95,96.00887388103601,4
1,99.5,93.60491400368636,40
2,99.5,95.34566815866883,48
3,98.0,91.78231162863841,74
4,96.0,94.0857678664881,78
5,21.0,23.538516963750904,80
6,98.5,90.71010463519326,82
7,63.0,71.38091989406148,87
8,44.5,71.46550239719431,90
9,66.5,96.41644121279049,98
