,real_%top,predicted_%top,index
0,92.15,70.77869707718754,1
1,91.4,78.3655001283847,4
2,93.8,92.99868619506782,9
3,70.5,87.99477435324178,21
4,21.5,22.168847927807487,30
5,83.5,76.4706170010545,51
6,91.0,91.7634743799501,66
7,74.5,94.6589333649194,69
8,99.0,89.17532061157796,76
9,40.0,23.650067853714905,90
