,real_%top,predicted_%top,index
0,99.95,98.8070549762737,10
1,57.0,76.59247595105059,29
2,10.0,23.51297587296175,32
3,99.5,88.64802462733346,38
4,98.5,92.5477744268803,45
5,62.0,89.19780872460873,55
6,97.0,95.07271022792567,67
7,98.0,97.13334793503066,75
8,45.5,19.781893157066538,89
9,66.5,95.8209605060381,99
