,real_%top,predicted_%top,index
0,93.8,85.49873870259643,8
1,99.3,98.84902812326565,16
2,96.5,92.26535922806767,27
3,99.5,97.8755329173965,47
4,62.0,85.6201753996004,54
5,98.0,91.56928828810078,57
6,98.0,91.5562079101454,62
7,79.0,77.02719490701291,71
8,22.0,22.179063671536575,99
9,6.5,17.805800167475276,102
