,real_%top,predicted_%top,index
0,92.15,85.56624,0
1,91.4,85.60408,3
2,93.8,85.947075,8
3,70.5,85.795074,20
4,21.5,38.561546,29
5,83.5,85.84248,50
6,91.0,86.12905,65
7,74.5,86.03432,68
8,99.0,85.766594,75
9,40.0,38.743774,89
