,real_%top,predicted_%top,index
0,99.95,88.06276,4
1,99.5,88.037315,40
2,99.5,88.0258,48
3,98.0,97.2937,74
4,96.0,97.2952,78
5,21.0,97.34136,80
6,98.5,97.21263,82
7,63.0,87.97894,87
8,44.5,88.01464,90
9,66.5,88.014084,98
