,real_%top,predicted_%top,index
0,99.95,85.29665,4
1,99.5,85.57041,40
2,99.5,85.55341,48
3,98.0,87.020164,74
4,96.0,87.003105,78
5,21.0,87.08089,80
6,98.5,87.04187,82
7,63.0,48.63959,87
8,44.5,48.698128,90
9,66.5,84.843506,98
