,real_%top,predicted_%top,index
0,7.0,23.29596017237755,10
1,99.95,80.50782249058304,11
2,97.5,95.69732838763673,19
3,99.0,82.69678809984275,26
4,94.0,95.69732838763673,35
5,99.5,90.60493304249471,37
6,31.5,23.28611059972798,39
7,59.5,81.67634826986979,56
8,96.5,90.60493304249471,60
9,95.5,97.52050846775595,85
