,real_%top,predicted_%top,index
0,99.7,83.44919045481468,7
1,54.0,81.43431699313884,31
2,82.0,89.06079207786058,39
3,15.0,22.923451296320135,42
4,99.5,89.06079207786058,49
5,96.5,89.06079207786058,61
6,85.0,81.50057620866984,65
7,78.0,78.00251892014863,73
8,96.0,97.79866255881123,79
9,39.5,78.00251892014863,93
