,real_%top,predicted_%top,index
0,71.0,79.74368398790398,19
1,97.5,97.31701944359276,20
2,51.5,90.29547076607395,23
3,64.0,57.915632052959985,33
4,95.5,80.19042543320558,59
5,68.5,87.94810785262554,60
6,8.0,27.261399854058098,64
7,63.0,45.349868135521405,88
8,20.0,22.802632590209868,95
9,9.0,17.369984586851782,98
