,real_%top,predicted_%top,index
0,92.15,94.11878417828689,0
1,98.0,99.3395437748068,13
2,99.9,98.83295472640324,17
3,71.0,79.85012834655701,18
4,34.5,32.999395367078804,24
5,21.5,14.669853737924374,29
6,98.5,97.15682760860884,44
7,74.5,97.18498494658245,68
8,81.0,80.54555495121937,73
9,45.0,46.335656303555,91
