,real_%top,predicted_%top,index
0,98.0,96.72938147966714,14
1,86.5,83.84921352623985,22
2,23.0,20.556667711443122,24
3,98.5,90.60807558246188,47
4,96.5,90.60807558246188,53
5,98.0,95.63271106768921,58
6,97.5,90.60807558246188,68
7,97.0,96.72938147966714,78
8,21.0,20.556667711443122,81
9,95.5,96.72938147966714,86
