,real_%top,predicted_%top,index
0,99.95,97.79940438081152,9
1,98.5,97.79940438081152,15
2,99.5,97.78072039867054,34
3,89.5,84.55235122246829,36
4,15.0,19.179305811239786,41
5,83.5,84.55235122246829,50
6,96.5,82.94061921848566,53
7,62.5,84.76927174332326,55
8,95.5,97.78072039867054,58
9,40.0,33.663160874804035,89
