,real_%top,predicted_%top,index
0,98.0,85.735825,13
1,86.5,85.75229,21
2,23.0,18.773905,23
3,98.5,85.72982,46
4,96.5,85.77971,52
5,98.0,85.77978,57
6,97.5,85.731735,67
7,97.0,85.669014,77
8,21.0,85.29621,80
9,95.5,85.62954,85
