,real_%top,predicted_%top,index
0,99.95,87.54393,9
1,98.5,87.536964,15
2,99.5,87.46824,34
3,89.5,87.44729,36
4,15.0,87.56776,41
5,83.5,87.30559,50
6,96.5,86.843575,53
7,62.5,66.619835,55
8,95.5,86.89345,58
9,40.0,36.318336,89
