,real_%top,predicted_%top,index
0,99.95,80.61342,9
1,98.5,80.55924,15
2,99.5,80.60796,34
3,89.5,80.52996,36
4,15.0,11.5528965,41
5,83.5,98.07547,50
6,96.5,98.04275,53
7,62.5,67.83262,55
8,95.5,80.54007,58
9,40.0,76.29888,89
