,real_%top,predicted_%top,index
0,99.95,87.54404,9
1,98.5,87.53707,15
2,99.5,87.46832,34
3,89.5,87.44737,36
4,15.0,87.567856,41
5,83.5,87.30568,50
6,96.5,86.84365,53
7,62.5,66.6201,55
8,95.5,86.89355,58
9,40.0,36.31849,89
