,real_%top,predicted_%top,index
0,99.7,99.58766662440186,7
1,54.0,83.24881103358818,31
2,82.0,90.03078330405208,39
3,15.0,28.86079717821754,42
4,99.5,90.98165063185043,49
5,96.5,89.57593234315452,61
6,85.0,76.73804544344208,65
7,78.0,87.97746589686929,73
8,96.0,94.75943816733319,79
9,39.5,69.62148446496471,93
