,real_%top,predicted_%top,index
0,7.0,43.33053683214842,10
1,99.95,90.13606972991052,11
2,97.5,85.0265093394133,19
3,99.0,69.36959739880241,26
4,94.0,85.70406917895217,35
5,99.5,98.07893544803194,37
6,31.5,35.75525055679343,39
7,59.5,75.54054718072507,56
8,96.5,93.53623447497966,60
9,95.5,93.26780757076594,85
