,real_%top,predicted_%top,index
0,92.15,88.23251277376352,0
1,98.0,95.5583634061872,13
2,99.9,97.46688942283365,17
3,71.0,71.54619606806077,18
4,34.5,41.670470880633225,24
5,21.5,18.06699897233429,29
6,98.5,92.02171317183779,44
7,74.5,86.40276268645715,68
8,81.0,82.99940179551314,73
9,45.0,66.04027616448123,91
