,real_%top,predicted_%top,index
0,92.15,88.15625,0
1,98.0,95.46875,13
2,99.9,97.375,17
3,71.0,71.46875,18
4,34.5,41.625,24
5,21.5,18.0,29
6,98.5,91.96875,44
7,74.5,86.375,68
8,81.0,82.90625,73
9,45.0,66.0,91
