,real_%top,predicted_%top,index
0,91.4,85.56128665084523,3
1,99.0,98.68178267424108,14
2,23.0,28.146367515409516,23
3,98.5,91.28359277096854,25
4,99.0,91.28359277096854,49
5,88.0,86.77622617439756,61
6,91.0,90.25723662160689,65
7,99.5,94.87774485040514,79
8,99.0,94.43150073677717,81
9,48.5,69.6413472363297,93
10,21.5,-11.636646793295796,95
