,real_%top,predicted_%top,index
0,92.0,86.53863636363633,2
1,99.95,86.53863636363633,8
2,99.95,86.53863636363633,12
3,34.5,38.25000000000012,25
4,23.5,17.34615384615408,34
5,89.5,86.53863636363633,37
6,31.5,17.34615384615408,40
7,82.0,86.53863636363633,52
8,59.5,86.53863636363633,57
9,81.5,86.53863636363633,71
10,98.5,86.53863636363633,85
