,real_%top,predicted_%top,index
0,92.0,84.91644219789731,1
1,99.95,102.70754829487007,7
2,86.5,82.0228780333434,21
3,10.0,17.06234901433949,31
4,97.0,85.76308523189216,43
5,99.5,92.9172154626951,45
6,82.0,97.64454063360913,51
7,68.5,86.91509412750811,59
8,78.0,97.47125876659017,76
9,45.5,-11.306350585685536,88
10,5.0,18.115155276306822,101
