,real_%top,predicted_%top,index
0,98.45,86.84867,5
1,99.7,86.829216,6
2,70.5,87.300995,20
3,57.0,86.79078,28
4,54.0,85.45344,30
5,23.5,20.520138,33
6,36.5,20.68926,42
7,97.5,87.29454,67
8,95.5,87.27552,69
9,98.5,87.15193,83
