,real_%top,predicted_%top,index
0,98.45,78.49147,5
1,99.7,78.383675,6
2,70.5,78.46496,20
3,57.0,78.4503,28
4,54.0,54.368584,30
5,23.5,18.430637,33
6,36.5,80.998215,42
7,97.5,78.493866,67
8,95.5,78.40414,69
9,98.5,88.545784,83
