,real_%top,predicted_%top,index
0,91.85,67.86083,2
1,98.5,87.51059,15
2,88.0,87.47435,61
3,95.5,87.4834,69
4,79.0,87.38634,71
5,99.5,87.39342,79
6,98.5,87.4111,83
7,98.0,87.41955,86
8,44.5,26.402187,90
9,30.0,25.531578,96
