,real_%top,predicted_%top,index
0,7.0,33.81353300250166,10
1,99.95,89.19444711048789,11
2,97.5,85.72214266181462,19
3,99.0,68.57592214018604,26
4,94.0,86.01154970818615,35
5,99.5,99.4725643450935,37
6,31.5,28.880887027053312,39
7,59.5,72.77468256381684,56
8,96.5,93.1514234455603,60
9,95.5,95.20476182923288,85
