,real_%top,predicted_%top,index
0,92.0,77.2150336278101,2
1,99.95,92.65536821783097,8
2,99.95,82.01936632953819,12
3,34.5,20.85308385325975,25
4,23.5,20.01442481969785,34
5,89.5,91.85272032795639,37
6,31.5,16.988067458105196,40
7,82.0,90.92932041120648,52
8,59.5,76.4272102293948,57
9,81.5,66.22552877571776,71
10,98.5,94.4335128273279,85
