,real_%top,predicted_%top,index
0,91.4,77.07035832261995,3
1,99.0,98.0878445081879,14
2,23.0,22.22053952297702,23
3,98.5,88.77430108780105,25
4,99.0,94.32012880934423,49
5,88.0,89.22032409845056,61
6,91.0,95.05870938306407,65
7,99.5,95.37605917806397,79
8,99.0,81.76583871980488,81
9,48.5,65.83810928524093,93
10,21.5,19.94004306110556,95
