,real_%top,predicted_%top,index
0,82.0,90.6896204669354,38
1,98.5,90.6896204669354,46
2,8.0,23.87402038892111,63
3,85.0,85.33577354760908,64
4,81.5,68.38488798524641,70
5,78.0,68.38488798524641,72
6,98.5,97.49536710605113,84
7,98.0,97.49536710605113,86
8,20.0,23.863080237405963,94
9,9.0,23.87402038892111,97
