,real_%top,predicted_%top,index
0,99.0,86.7615301338715,27
1,96.5,77.21598452101213,28
2,99.5,90.41118120146503,48
3,99.0,90.41118120146503,50
4,98.0,90.41118120146503,63
5,81.0,77.21598452101213,74
6,78.0,87.21811717705992,77
7,45.0,70.97098494461386,92
8,11.0,21.993211951098687,101
9,5.0,21.853030478797056,102
