,real_%top,predicted_%top,index
0,99.95,92.21688902116597,5
1,98.45,81.80970790613162,6
2,99.0,96.50625208719363,15
3,99.3,96.44437238794549,17
4,99.5,91.25173007193834,35
5,36.5,23.50097601749143,43
6,97.0,74.74775162158586,44
7,99.0,75.18289765087694,82
8,98.5,92.105701450545,83
9,48.5,68.99403780900096,94
10,6.5,22.17520894143024,103
