,real_%top,predicted_%top,index
0,92.0,78.08538318645861,1
1,99.95,97.64895425517787,7
2,86.5,96.43992612755294,21
3,10.0,21.60243842388747,31
4,97.0,80.39559434474963,43
5,99.5,95.62469414532791,45
6,82.0,96.42244001644184,51
7,68.5,92.89877293407376,59
8,78.0,95.44119379114468,76
9,45.5,21.60243842388747,88
10,5.0,21.60243842388747,101
