,real_%top,predicted_%top,index
0,91.85,89.70800506313263,2
1,99.75,97.49719939095549,12
2,51.5,89.74924932575466,22
3,64.0,86.31180758197834,32
4,96.5,89.46158071166923,52
5,97.0,81.80723077256151,66
6,99.0,88.76253025804768,75
7,97.0,96.84830026119394,77
8,39.5,64.54181838004662,92
9,30.0,14.702000033734606,96
10,11.0,15.409676919931059,100
