,real_%top,predicted_%top,index
0,7.0,41.0436657903446,11
1,99.75,96.80372669346292,13
2,99.9,97.04521346056114,18
3,98.5,84.77238504844526,26
4,94.0,87.02279009459019,36
5,99.5,93.65578664296699,41
6,99.5,93.55139092248119,46
7,96.5,87.33094721555207,54
8,62.5,67.79707712388675,56
9,21.5,-6.837156006931721,96
10,22.0,2.3857399858014645,100
