,real_%top,predicted_%top,index
0,7.0,19.571428571428527,11
1,99.75,85.7730769230769,13
2,99.9,85.7730769230769,18
3,98.5,85.7730769230769,26
4,94.0,85.7730769230769,36
5,99.5,85.7730769230769,41
6,99.5,85.7730769230769,46
7,96.5,85.7730769230769,54
8,62.5,85.7730769230769,56
9,21.5,19.57142857142867,96
10,22.0,19.57142857142867,100
