,real_%top,predicted_%top,index
0,7.0,21.066635849191957,10
1,99.95,103.61884848341336,11
2,97.5,96.4706149933546,19
3,99.0,83.29138629120031,26
4,94.0,87.0549321378524,35
5,99.5,92.39212077778187,37
6,31.5,20.92786053323238,39
7,59.5,64.1209415014083,56
8,96.5,92.61701631320119,60
9,95.5,98.38797609717794,85
