,real_%top,predicted_%top,index
0,99.7,73.35675580291544,7
1,54.0,62.95908797343141,31
2,82.0,66.18971891244801,39
3,15.0,8.82494027654991,42
4,99.5,98.8408430018187,49
5,96.5,89.11878961049469,61
6,85.0,94.11518301678342,65
7,78.0,71.41355199902146,73
8,96.0,92.55920914800947,79
9,39.5,49.168129641784105,93
