,real_%top,predicted_%top,index
0,92.15,86.78619289636097,0
1,98.0,96.16621941156824,13
2,99.9,97.52633607671406,17
3,71.0,72.64183519321924,18
4,34.5,27.60129788097926,24
5,21.5,19.77741794352937,29
6,98.5,93.15952186916678,44
7,74.5,86.8602908887004,68
8,81.0,82.35004775610487,73
9,45.0,62.306845075808425,91
