,real_%top,predicted_%top,index
0,7.0,43.411624881891015,11
1,99.75,96.53086016436235,13
2,99.9,99.2494534215816,18
3,98.5,90.30373569569662,26
4,94.0,85.89726030941222,36
5,99.5,97.35265995469946,41
6,99.5,97.26464678829855,46
7,96.5,90.51035232852301,54
8,62.5,66.15732213957071,56
9,21.5,-5.5735111857498225,96
10,22.0,2.4875918422205388,100
