,real_%top,predicted_%top,index
0,91.85,84.53511367255368,2
1,99.75,97.56074036956927,12
2,51.5,87.06007848537531,22
3,64.0,79.37058125271932,32
4,96.5,94.91676149449845,52
5,97.0,82.60666844516244,66
6,99.0,89.55801493270839,75
7,97.0,97.3234429857014,77
8,39.5,69.31321649820599,92
9,30.0,19.587821879975664,96
10,11.0,15.912571339955136,100
