,real_%top,predicted_%top,index
0,93.8,91.94248948412698,8
1,99.3,98.72986726190476,16
2,96.5,90.66779523809522,27
3,99.5,98.61570238095236,47
4,62.0,75.12907619047617,54
5,98.0,94.71889523809524,57
6,98.0,92.26664285714287,62
7,79.0,84.25864107142856,71
8,22.0,19.79391071428572,99
9,6.5,10.393369047619046,102
