,real_%top,predicted_%top,index
0,99.95,98.03841785714283,10
1,57.0,83.9639974025974,29
2,10.0,22.487572871572862,32
3,99.5,94.66196428571429,38
4,98.5,94.1208761904762,45
5,62.0,81.46711406926404,55
6,97.0,90.37087222222225,67
7,98.0,95.39550000000003,75
8,45.5,21.023656204906207,89
9,66.5,77.25254523809525,99
