,real_%top,predicted_%top,index
0,92.0,90.55379088989996,2
1,99.95,100.3189482922436,8
2,99.95,101.01581308588742,12
3,34.5,37.965948888619764,25
4,23.5,23.119242156403473,34
5,89.5,94.31874426720523,37
6,31.5,15.028669209948402,40
7,82.0,85.23595778637059,52
8,59.5,64.57628981433581,57
9,81.5,92.1505042728421,71
10,98.5,97.4292171155946,85
