,real_%top,predicted_%top,index
0,91.85,92.68066316895577,3
1,98.5,99.48048573281952,16
2,88.0,96.31935403083429,62
3,95.5,101.97095826078423,70
4,79.0,88.68889581135016,72
5,99.5,96.52058882898278,80
6,98.5,97.00799463696919,84
7,98.0,97.00799463696919,87
8,44.5,71.69336417372206,91
9,30.0,8.981298072268933,97
