,real_%top,predicted_%top,index
0,98.45,97.68124999999998,5
1,99.7,84.78214285714284,6
2,70.5,97.68124999999998,20
3,57.0,84.78214285714284,28
4,54.0,86.39615384615384,30
5,23.5,14.166666666666684,33
6,36.5,34.49999999999979,42
7,97.5,94.07037037037036,67
8,95.5,94.07037037037036,69
9,98.5,94.07037037037036,83
