,real_%top,predicted_%top,index
0,91.4,95.50156674457645,3
1,99.0,99.83802709919324,14
2,23.0,14.904797739366861,23
3,98.5,91.62868318609497,25
4,99.0,95.1817075159443,49
5,88.0,77.42586085307539,61
6,91.0,85.56821056347113,65
7,99.5,97.4729385628287,79
8,99.0,94.44385129061547,81
9,48.5,43.565158125085674,93
10,21.5,12.962231448021894,95
