,real_%top,predicted_%top,index
0,92.0,83.75909450393623,2
1,99.95,87.18479818828104,8
2,99.95,102.73634612743454,12
3,34.5,6.5876678973434215,25
4,23.5,15.38489986161427,34
5,89.5,84.49795713817986,37
6,31.5,28.421139252228556,40
7,82.0,85.07443829869645,52
8,59.5,66.25980951150228,57
9,81.5,77.62365106284611,71
10,98.5,97.06567463789447,85
