,real_%top,predicted_%top,index
0,92.0,85.39916438149199,2
1,99.95,101.44468386330752,8
2,99.95,90.802149456487,12
3,34.5,43.75667314608714,25
4,23.5,18.91187992537361,34
5,89.5,95.08871123353735,37
6,31.5,29.574797077058932,40
7,82.0,97.62282426597908,52
8,59.5,74.2780787976764,57
9,81.5,86.5729926051793,71
10,98.5,94.49813985987008,85
