,real_%top,predicted_%top,index
0,91.4,85.50641301151654,3
1,99.0,98.65740570728089,14
2,23.0,16.886309975046316,23
3,98.5,76.06528606354895,25
4,99.0,90.29086718763111,49
5,88.0,84.18463963249702,61
6,91.0,84.05447898098156,65
7,99.5,92.89540477567135,79
8,99.0,82.16573524058981,81
9,48.5,63.539093897499555,93
10,21.5,2.347432642860042,95
