,real_%top,predicted_%top,index
0,98.45,97.63571428571414,5
1,99.7,86.99615384615383,6
2,70.5,97.63571428571414,20
3,57.0,86.99615384615383,28
4,54.0,84.72499999999998,30
5,23.5,14.166666666666668,33
6,36.5,34.499999999999794,42
7,97.5,93.56666666666665,67
8,95.5,93.56666666666665,69
9,98.5,93.56666666666665,83
