,real_%top,predicted_%top,index
0,91.85,91.1987983015652,3
1,98.5,99.45504962422508,16
2,88.0,97.23903440370364,62
3,95.5,99.67306032318622,70
4,79.0,93.77567455169473,72
5,99.5,96.51308994980927,80
6,98.5,96.99876022930991,84
7,98.0,96.99876022930991,87
8,44.5,69.34342669700688,91
9,30.0,8.96609764026138,97
