,real_%top,predicted_%top,index
0,91.85,88.75346409292509,3
1,98.5,98.21540660711716,16
2,88.0,80.62761556109857,62
3,95.5,97.61704514445752,70
4,79.0,79.95544184406891,72
5,99.5,99.6063886803589,80
6,98.5,92.59687634174021,84
7,98.0,95.50000816343288,87
8,44.5,61.637133501802936,91
9,30.0,28.904677060900138,97
