,real_%top,predicted_%top,index
0,98.45,99.19256772647037,5
1,99.7,95.26744518762096,6
2,70.5,93.67674671163343,20
3,57.0,61.389687259782754,28
4,54.0,64.92365330248278,30
5,23.5,20.66209746730431,33
6,36.5,24.545558941591704,42
7,97.5,96.44633683083589,67
8,95.5,96.44761065257687,69
9,98.5,91.2909385933491,83
