,real_%top,predicted_%top,index
0,7.0,43.37355245342553,11
1,99.75,98.45182226183368,13
2,99.9,97.74096581595215,18
3,98.5,77.22817338187392,26
4,94.0,84.05280523080083,36
5,99.5,90.82235005548134,41
6,99.5,90.738326097525,46
7,96.5,88.9060108762855,54
8,62.5,69.31854005288231,56
9,21.5,0.8910061656759041,96
10,22.0,8.186097922821801,100
