,real_%top,predicted_%top,index
0,91.85,83.70042948874237,2
1,99.75,96.46813034286141,12
2,51.5,86.80090321159099,22
3,64.0,81.04509681173273,32
4,96.5,91.64159891652756,52
5,97.0,83.64979632109718,66
6,99.0,88.60365448727,75
7,97.0,98.44831934453669,77
8,39.5,65.14246993188523,92
9,30.0,14.50971591339578,96
10,11.0,14.7497928536921,100
