,real_%top,predicted_%top,index
0,91.4,81.24984883810937,3
1,99.0,97.29442123540737,14
2,23.0,20.967762101399924,23
3,98.5,89.8140541776289,25
4,99.0,89.8140541776289,49
5,88.0,89.8140541776289,61
6,91.0,81.24984883810937,65
7,99.5,97.29442123540737,79
8,99.0,79.60943520784204,81
9,48.5,69.94191243536427,93
10,21.5,21.087409045007604,95
