,real_%top,predicted_%top,index
0,92.0,78.09957534630696,2
1,99.95,97.65205948676385,8
2,99.95,78.09957534630696,12
3,34.5,27.80843781805359,25
4,23.5,19.570143223621717,34
5,89.5,82.5472605346879,37
6,31.5,19.537080453058945,40
7,82.0,82.5472605346879,52
8,59.5,83.62409462573962,57
9,81.5,73.30479358455135,71
10,98.5,97.65205948676385,85
