,real_%top,predicted_%top,index
0,82.0,93.99821428571427,38
1,98.5,93.99821428571427,46
2,8.0,19.142857142857164,63
3,85.0,83.96499999999999,64
4,81.5,84.08214285714284,70
5,78.0,84.08214285714284,72
6,98.5,93.99821428571427,84
7,98.0,93.99821428571427,86
8,20.0,21.75000000000003,94
9,9.0,19.142857142857164,97
