,real_%top,predicted_%top,index
0,99.0,83.17819823869075,27
1,96.5,98.54378797079221,28
2,99.5,98.49779359603897,48
3,99.0,98.49779359603897,50
4,98.0,92.29795842328096,63
5,81.0,77.8329905551303,74
6,78.0,78.38767457959345,77
7,45.0,39.47764716241539,92
8,11.0,21.05938270310968,101
9,5.0,21.977383683950258,102
