,real_%top,predicted_%top,index
0,7.0,22.43384428806487,11
1,99.75,95.25348717965042,13
2,99.9,98.67426514835572,18
3,98.5,87.95875959592092,26
4,94.0,86.95427207788345,36
5,99.5,88.06448062448386,41
6,99.5,94.4783544447812,46
7,96.5,92.84568605615875,54
8,62.5,67.1417505823017,56
9,21.5,18.994890561236147,96
10,22.0,18.994890561236147,100
