,real_%top,predicted_%top,index
0,91.85,73.62740363868592,2
1,99.75,95.17550715909907,12
2,51.5,95.8419092935788,22
3,64.0,74.78897037611513,32
4,96.5,95.8419092935788,52
5,97.0,92.46030983437785,66
6,99.0,85.51638851915199,75
7,97.0,95.04655301406969,77
8,39.5,76.35886660782029,92
9,30.0,17.95465936147186,96
10,11.0,19.596161068098567,100
