,real_%top,predicted_%top,index
0,92.0,81.5065923903258,1
1,99.95,100.86634795024091,7
2,86.5,91.06493950730238,21
3,10.0,23.045284619329422,31
4,97.0,99.19550952109057,43
5,99.5,93.48975783082753,45
6,82.0,97.90340509472908,51
7,68.5,92.94484539964758,59
8,78.0,94.53858810571694,76
9,45.5,24.114984150633774,88
10,5.0,10.569286901797653,101
