,real_%top,predicted_%top,index
0,7.0,19.543167105361952,10
1,99.95,92.05328227120108,11
2,97.5,97.50341675992352,19
3,99.0,90.98714936831965,26
4,94.0,87.23572373631272,35
5,99.5,88.49251311605059,37
6,31.5,21.717192191387053,39
7,59.5,81.42451798650698,56
8,96.5,89.01398319001262,60
9,95.5,96.74980027892857,85
