,real_%top,predicted_%top,index
0,99.7,83.30830982428519,7
1,54.0,68.97162419614699,31
2,82.0,76.98963953277114,39
3,15.0,18.055491882708793,42
4,99.5,97.35641495106205,49
5,96.5,89.25447604617608,61
6,85.0,89.12478324526782,65
7,78.0,68.03650225003757,73
8,96.0,87.15360011952919,79
9,39.5,68.37065244151275,93
