,real_%top,predicted_%top,index
0,99.95,91.64512068796812,5
1,98.45,82.84267995242882,6
2,99.0,97.72349843887778,15
3,99.3,97.72349843887778,17
4,99.5,89.54985875861405,35
5,36.5,21.33666252769064,43
6,97.0,76.457071482635,44
7,99.0,73.84571045270773,82
8,98.5,90.71491901344552,83
9,48.5,70.15498999718288,94
10,6.5,20.521294562322673,103
