,real_%top,predicted_%top,index
0,92.0,78.3523507280352,1
1,99.95,95.10139409223889,7
2,86.5,93.44549191653343,21
3,10.0,22.07973439902985,31
4,97.0,81.22360901172203,43
5,99.5,94.26725760814186,45
6,82.0,93.70915574545812,51
7,68.5,92.1703178120879,59
8,78.0,96.78122618870466,76
9,45.5,22.07973439902985,88
10,5.0,22.07973439902985,101
