,real_%top,predicted_%top,index
0,7.0,28.872970603045275,11
1,99.75,101.12863730083276,13
2,99.9,99.29133736821028,18
3,98.5,74.57795674396218,26
4,94.0,91.0063977279089,36
5,99.5,93.79262892818592,41
6,99.5,96.12178361651843,46
7,96.5,99.8603409586885,54
8,62.5,52.9028333555407,56
9,21.5,13.855826569975875,96
10,22.0,13.856381547626427,100
