,real_%top,predicted_%top,index
0,91.85,90.22578864758543,2
1,99.75,101.22690018770882,12
2,51.5,97.8239779600292,22
3,64.0,55.82550374450158,32
4,96.5,98.5110467413424,52
5,97.0,74.50001033967065,66
6,99.0,93.39260765571049,75
7,97.0,93.75428327969344,77
8,39.5,45.769908113045794,92
9,30.0,36.06522081291938,96
10,11.0,29.7037745080581,100
