,real_%top,predicted_%top,index
0,91.85,87.20961279273196,2
1,99.75,100.81274792450334,12
2,51.5,94.78578661967825,22
3,64.0,57.33825673871412,32
4,96.5,100.51984977346824,52
5,97.0,74.50000783395973,66
6,99.0,94.29672541900348,75
7,97.0,95.91795883940944,77
8,39.5,47.188790185823585,92
9,30.0,18.595252096445073,96
10,11.0,16.34123741481613,100
