,real_%top,predicted_%top,index
0,7.0,22.94961119697303,11
1,99.75,102.62381948300178,13
2,99.9,95.01665217697489,18
3,98.5,78.8369217459468,26
4,94.0,85.67050693928933,36
5,99.5,92.39808896809116,41
6,99.5,92.92913093970857,46
7,96.5,91.42888493589237,54
8,62.5,56.92967163171062,56
9,21.5,13.408059777238078,96
10,22.0,19.14908488985692,100
