,real_%top,predicted_%top,index
0,99.95,97.34301884026115,9
1,98.5,96.69911717384414,15
2,99.5,102.51714892989425,34
3,89.5,95.62459414716079,36
4,15.0,31.218075510444173,41
5,83.5,75.79432331928027,50
6,96.5,89.49079623414252,53
7,62.5,74.49277277519448,55
8,95.5,78.40164906685979,58
9,40.0,10.179971872297855,89
