,real_%top,predicted_%top,index
0,98.45,91.37646189221294,5
1,99.7,97.48147313155332,6
2,70.5,81.99922821349641,20
3,57.0,85.45064715139779,28
4,54.0,87.59194053449792,30
5,23.5,19.72907145479914,33
6,36.5,71.96567671559724,42
7,97.5,83.70309535816686,67
8,95.5,83.36360973120915,69
9,98.5,93.78805481309173,83
