,real_%top,predicted_%top,index
0,91.85,83.6964142786973,3
1,98.5,96.57817920563794,16
2,88.0,86.86391980592671,62
3,95.5,86.777944492024,70
4,79.0,82.65724021403226,72
5,99.5,94.57390895589879,80
6,98.5,91.13489639979025,84
7,98.0,93.28427924735809,87
8,44.5,68.87934176056486,91
9,30.0,15.739087288556902,97
