,real_%top,predicted_%top,index
0,99.95,95.90395751634202,9
1,98.5,96.30979238689912,15
2,99.5,105.2502052493327,34
3,89.5,98.16078052142932,36
4,15.0,29.170604186293303,41
5,83.5,83.92933133621635,50
6,96.5,98.01701243973532,53
7,62.5,74.7971557713965,55
8,95.5,78.81768010728831,58
9,40.0,-3.4348822317302847,89
