,real_%top,predicted_%top,index
0,99.95,97.10707851542821,9
1,98.5,97.10707851542821,15
2,99.5,94.4242629488006,34
3,89.5,82.80846692020651,36
4,15.0,20.441390980556253,41
5,83.5,82.80846692020651,50
6,96.5,77.91297638593838,53
7,62.5,79.00639717008684,55
8,95.5,94.4242629488006,58
9,40.0,24.65303692133157,89
