,real_%top,predicted_%top,index
0,99.7,87.99111550214168,7
1,54.0,63.7574422550873,31
2,82.0,95.04606082023876,39
3,15.0,27.347654954070645,42
4,99.5,99.42211272491748,49
5,96.5,97.71094813987983,61
6,85.0,91.51288931959368,65
7,78.0,80.9273189611594,73
8,96.0,88.03872480572332,79
9,39.5,49.32997129148086,93
