,real_%top,predicted_%top,index
0,7.0,18.16867686878203,10
1,99.95,96.28091130764169,11
2,97.5,93.8117707051453,19
3,99.0,86.64918471517203,26
4,94.0,84.97581973295102,35
5,99.5,81.92422688934884,37
6,31.5,30.184294175769384,39
7,59.5,63.52443859582458,56
8,96.5,82.64425211998501,60
9,95.5,98.80167236224429,85
