,real_%top,predicted_%top,index
0,99.7,88.55307692307696,7
1,54.0,88.55307692307696,31
2,82.0,88.55307692307696,39
3,15.0,17.366666666666504,42
4,99.5,88.55307692307696,49
5,96.5,88.55307692307696,61
6,85.0,88.55307692307696,65
7,78.0,88.55307692307696,73
8,96.0,88.55307692307696,79
9,39.5,88.55307692307703,93
