,real_%top,predicted_%top,index
0,7.0,44.091481950816274,10
1,99.95,101.25445637746785,11
2,97.5,81.82392345920009,19
3,99.0,85.55224488310303,26
4,94.0,81.82392345920009,35
5,99.5,85.69069461842687,37
6,31.5,28.389270456451584,39
7,59.5,74.27147007171398,56
8,96.5,85.87178354939435,60
9,95.5,95.34380114386191,85
