,real_%top,predicted_%top,index
0,98.45,93.95472357294653,5
1,99.7,89.66551338820231,6
2,70.5,86.56089105361697,20
3,57.0,82.27168086887275,28
4,54.0,75.0702292464613,30
5,23.5,14.222259285425679,33
6,36.5,50.908208617554784,42
7,97.5,85.32799620703469,67
8,95.5,85.32799620703469,69
9,98.5,94.80766816321555,83
