,real_%top,predicted_%top,index
0,91.85,87.20538461538465,3
1,98.5,87.20538461538465,16
2,88.0,87.20538461538465,62
3,95.5,87.20538461538465,70
4,79.0,87.20538461538465,72
5,99.5,87.20538461538465,80
6,98.5,87.20538461538465,84
7,98.0,87.20538461538465,87
8,44.5,87.20538461538472,91
9,30.0,16.39999999999992,97
