,real_%top,predicted_%top,index
0,99.95,93.34999999999998,4
1,99.5,96.34230769230767,40
2,99.5,96.34230769230767,48
3,98.0,93.34999999999998,74
4,96.0,96.34230769230767,78
5,21.0,13.125000000000027,80
6,98.5,81.87916666666668,82
7,63.0,46.75000000000003,87
8,44.5,46.75000000000003,90
9,66.5,96.34230769230767,98
