,real_%top,predicted_%top,index
0,92.15,70.66146579925874,1
1,91.4,74.67534913987588,4
2,93.8,99.71482315864492,9
3,70.5,98.48246187870977,21
4,21.5,13.304415649310089,30
5,83.5,97.8905215224702,51
6,91.0,94.41874920470316,66
7,74.5,97.25813775358111,69
8,99.0,97.99259914052526,76
9,40.0,45.816592904360796,90
