,real_%top,predicted_%top,index
0,99.95,94.60675860737554,4
1,99.5,91.19209330338018,40
2,99.5,91.19209330338018,48
3,98.0,94.60675860737554,74
4,96.0,97.51816977173189,78
5,21.0,21.38745419770833,80
6,98.5,78.79191892550628,82
7,63.0,72.22962735944917,87
8,44.5,72.22962735944917,90
9,66.5,91.19209330338018,98
