,real_%top,predicted_%top,index
0,92.15,71.79844614679554,1
1,91.4,78.34064905935261,4
2,93.8,98.3328690883831,9
3,70.5,98.02345163171549,21
4,21.5,20.440356749526604,30
5,83.5,83.10914982957166,51
6,91.0,78.34064905935261,66
7,74.5,92.35829025089453,69
8,99.0,97.99230024282659,76
9,40.0,26.019401886091526,90
