,real_%top,predicted_%top,index
0,98.0,99.87806335790953,14
1,86.5,94.69513680281881,22
2,23.0,15.968142885205344,24
3,98.5,99.18316422287799,47
4,96.5,98.95351867752865,53
5,98.0,96.05629893588582,58
6,97.5,97.71130004363751,68
7,97.0,85.7992360543668,78
8,21.0,19.41637498252034,81
9,95.5,98.57096478483089,86
