,real_%top,predicted_%top,index
0,99.95,98.61900203611754,9
1,98.5,98.45303143432746,15
2,99.5,101.98620460588052,34
3,89.5,79.92376207272811,36
4,15.0,8.569794124935036,41
5,83.5,70.47697295183599,50
6,96.5,95.60863859759156,53
7,62.5,68.153106560918,55
8,95.5,88.2543649629083,58
9,40.0,46.232032369126,89
