,real_%top,predicted_%top,index
0,98.45,87.363882118004,5
1,99.7,93.76060432326162,6
2,70.5,87.42149608491647,20
3,57.0,82.8049110365827,28
4,54.0,83.01218235984065,30
5,23.5,20.082480970498523,33
6,36.5,22.889667316054446,42
7,97.5,90.54348418871035,67
8,95.5,90.39927690747207,69
9,98.5,93.1209587476935,83
