,real_%top,predicted_%top,index
0,91.4,76.4653558462371,3
1,99.0,98.6782250182948,14
2,23.0,24.294818036345326,23
3,98.5,96.53399910368658,25
4,99.0,96.78365306398278,49
5,88.0,87.58503754464489,61
6,91.0,89.81512506684489,65
7,99.5,94.76638066545382,79
8,99.0,94.28123425491991,81
9,48.5,63.80833688464315,93
10,21.5,24.577366238143526,95
