,real_%top,predicted_%top,index
0,92.0,83.46898443847816,2
1,99.95,93.14774679764676,8
2,99.95,93.08409909436966,12
3,34.5,21.34863104868987,25
4,23.5,22.018712855771675,34
5,89.5,69.35344284881786,37
6,31.5,21.34863104868987,40
7,82.0,76.42654258658008,52
8,59.5,85.80918697454509,57
9,81.5,80.6000141712454,71
10,98.5,97.45866688009701,85
