,real_%top,predicted_%top,index
0,71.0,85.11118874137986,19
1,97.5,97.82559748501417,20
2,51.5,91.51950752213256,23
3,64.0,81.81370357424437,33
4,95.5,89.69672684753968,59
5,68.5,88.75196868731543,60
6,8.0,21.787459205483202,64
7,63.0,61.83019925768676,88
8,20.0,21.31930809275005,95
9,9.0,18.02246134150507,98
