,real_%top,predicted_%top,index
0,99.95,93.27649554927308,5
1,98.45,85.61905402703624,6
2,99.0,96.33076021247486,15
3,99.3,96.33076021247486,17
4,99.5,91.44164108650159,35
5,36.5,21.19952357223492,43
6,97.0,76.05699916180039,44
7,99.0,74.48012094792777,82
8,98.5,92.06467575711906,83
9,48.5,68.13262052513376,94
10,6.5,21.19952357223492,103
