,real_%top,predicted_%top,index
0,92.0,76.30326219881852,1
1,99.95,94.37593627946296,7
2,86.5,94.15071467726906,21
3,10.0,20.683385977293778,31
4,97.0,82.57207774681112,43
5,99.5,95.97604930284653,45
6,82.0,94.13421070901508,51
7,68.5,92.79726860476421,59
8,78.0,96.88140254814078,76
9,45.5,20.683385977293778,88
10,5.0,20.683385977293778,101
