,real_%top,predicted_%top,index
0,99.95,98.54417162112797,10
1,57.0,73.81892949679961,29
2,10.0,21.067088014093294,32
3,99.5,91.99161122497141,38
4,98.5,91.40954890838489,45
5,62.0,75.67479332599373,55
6,97.0,92.17997206167703,67
7,98.0,99.96165787152327,75
8,45.5,22.756851814649014,89
9,66.5,99.04354328232719,99
