,real_%top,predicted_%top,index
0,93.8,92.69983488128577,8
1,99.3,99.08977914973917,16
2,96.5,91.54612740073921,27
3,99.5,99.25358551575594,47
4,62.0,67.26326523808322,54
5,98.0,95.30987498640694,57
6,98.0,95.6078788544732,62
7,79.0,81.16191322816192,71
8,22.0,21.485210615393697,99
9,6.5,5.018805830150358,102
