,real_%top,predicted_%top,index
0,92.15,66.7556508154857,1
1,91.4,73.80115233268195,4
2,93.8,82.55852866745825,9
3,70.5,96.37171527426823,21
4,21.5,23.701551144933493,30
5,83.5,76.27571255579217,51
6,91.0,89.35730617299365,66
7,74.5,91.89059306154371,69
8,99.0,92.78613306799409,76
9,40.0,24.012638654645993,90
