,real_%top,predicted_%top,index
0,99.95,97.76083737516568,4
1,99.5,97.80577086434805,40
2,99.5,98.29964229030773,48
3,98.0,96.83637045768774,74
4,96.0,89.05170850599565,78
5,21.0,19.579405131053157,80
6,98.5,97.26287002478732,82
7,63.0,66.68908560814185,87
8,44.5,66.57071894147518,90
9,66.5,98.29384940414981,98
