,real_%top,predicted_%top,index
0,98.45,91.27322629662007,5
1,99.7,92.01882376373628,6
2,70.5,89.93491423327492,20
3,57.0,82.18540380089682,28
4,54.0,73.27306043176593,30
5,23.5,20.096132350600023,33
6,36.5,19.91316788417765,42
7,97.5,95.59070642380492,67
8,95.5,94.14158040815391,69
9,98.5,96.06033150011748,83
