,real_%top,predicted_%top,index
0,91.85,68.61741156098803,3
1,98.5,98.6316926209089,16
2,88.0,92.13118900494932,62
3,95.5,93.49078725114755,70
4,79.0,79.38414702127942,72
5,99.5,92.92972470470924,80
6,98.5,93.056524313393,84
7,98.0,93.51295086253829,87
8,44.5,69.45545556510481,91
9,30.0,19.11804069215098,97
