,real_%top,predicted_%top,index
0,7.0,21.74132405428412,11
1,99.75,76.62859204446875,13
2,99.9,96.65919434750299,18
3,98.5,89.84025465905442,26
4,94.0,94.65880743635148,36
5,99.5,89.84025465905442,41
6,99.5,89.84025465905442,46
7,96.5,77.5019599328278,54
8,62.5,76.62859204446875,56
9,21.5,21.75744905428412,96
10,22.0,21.75744905428412,100
