,real_%top,predicted_%top,index
0,91.85,69.37437816745425,2
1,99.75,78.10376341996874,12
2,51.5,92.69958674633232,22
3,64.0,81.1321172940715,32
4,96.5,92.69958674633232,52
5,97.0,92.69958674633232,66
6,99.0,94.90509119703441,75
7,97.0,97.60329329756411,77
8,39.5,69.37437816745425,92
9,30.0,21.314494467675026,96
10,11.0,21.314494467675026,100
