,real_%top,predicted_%top,index
0,92.0,78.68287750538114,1
1,99.95,96.95951979911351,7
2,86.5,94.76734844210176,21
3,10.0,21.466072240306517,31
4,97.0,78.16767923366476,43
5,99.5,93.75763846714268,45
6,82.0,94.8433899080367,51
7,68.5,93.86479092591917,59
8,78.0,97.3891520050261,76
9,45.5,21.435420860436384,88
10,5.0,21.268945938809807,101
