,real_%top,predicted_%top,index
0,99.95,102.55500186275705,4
1,99.5,82.07222268562116,40
2,99.5,99.09348725366947,48
3,98.0,97.60681569203253,74
4,96.0,99.58753895828619,78
5,21.0,6.412098948095915,80
6,98.5,98.12417503965985,82
7,63.0,47.02001416856766,87
8,44.5,46.424217534040444,90
9,66.5,45.357699289810995,98
