,real_%top,predicted_%top,index
0,92.15,92.92555475661995,1
1,91.4,93.74382425498989,4
2,93.8,99.93154752700221,9
3,70.5,91.97296972690243,21
4,21.5,23.805103236175768,30
5,83.5,70.95025652390143,51
6,91.0,85.01308857790349,66
7,74.5,96.9810550675387,69
8,99.0,99.59071571916445,76
9,40.0,44.541001058838305,90
