,real_%top,predicted_%top,index
0,7.0,22.79511841808861,11
1,99.75,94.55770612092154,13
2,99.9,98.65018500827944,18
3,98.5,96.42103786936745,26
4,94.0,90.10165506319662,36
5,99.5,95.00563806606617,41
6,99.5,96.70544116516008,46
7,96.5,95.20327916907438,54
8,62.5,64.52757424014426,56
9,21.5,24.798303829899034,96
10,22.0,24.13384766106786,100
