,real_%top,predicted_%top,index
0,91.85,67.4726401390276,2
1,99.75,93.72736629548163,12
2,51.5,90.75623841339642,22
3,64.0,72.3186926290213,32
4,96.5,96.88411598013485,52
5,97.0,95.74419295397801,66
6,99.0,86.8677662627405,75
7,97.0,87.18703167110661,77
8,39.5,67.41470084637582,92
9,30.0,16.12775925877957,96
10,11.0,22.954936095831414,100
