,real_%top,predicted_%top,index
0,91.4,83.5452928922834,3
1,99.0,95.80324123848614,14
2,23.0,19.863969764677066,23
3,98.5,81.07533971862884,25
4,99.0,90.2813972337351,49
5,88.0,84.8549962701168,61
6,91.0,86.32997990159829,65
7,99.5,92.24226206778708,79
8,99.0,84.36475481072765,81
9,48.5,64.07523797156429,93
10,21.5,4.288036140387092,95
