,real_%top,predicted_%top,index
0,98.45,84.49990032694737,5
1,99.7,96.2279204963878,6
2,70.5,84.75586514923911,20
3,57.0,77.16341520150408,28
4,54.0,78.26595884808151,30
5,23.5,20.177364121460577,33
6,36.5,23.139572973072653,42
7,97.5,93.10069461894662,67
8,95.5,92.83848333842181,69
9,98.5,96.66082538933568,83
