,real_%top,predicted_%top,index
0,99.7,88.56591884301213,7
1,54.0,62.12162934170616,31
2,82.0,82.85597492657273,39
3,15.0,8.199846496991253,42
4,99.5,98.79471150933668,49
5,96.5,89.17779561355337,61
6,85.0,98.24185717269705,65
7,78.0,77.69468460405058,73
8,96.0,95.22377852889147,79
9,39.5,45.53032306929302,93
