,real_%top,predicted_%top,index
0,7.0,18.17554193875999,10
1,99.95,97.25430729992526,11
2,97.5,81.311136350847,19
3,99.0,72.45490420707921,26
4,94.0,87.12556478892921,35
5,99.5,90.56199448350367,37
6,31.5,26.238066820231936,39
7,59.5,66.39239785760078,56
8,96.5,89.69260918701497,60
9,95.5,98.28341275192939,85
