,real_%top,predicted_%top,index
0,7.0,18.833631470979572,11
1,99.75,99.80398321768122,13
2,99.9,98.75642395791672,18
3,98.5,77.7080223818001,26
4,94.0,89.14596324746107,36
5,99.5,77.7080223818001,41
6,99.5,78.90874675387089,46
7,96.5,94.48230583173552,54
8,62.5,54.26304564046794,56
9,21.5,21.77179634621142,96
10,22.0,14.757072112409588,100
