,real_%top,predicted_%top,index
0,91.85,82.04583333333319,2
1,99.75,82.04583333333319,12
2,51.5,95.2230769230769,22
3,64.0,82.04583333333319,32
4,96.5,95.2230769230769,52
5,97.0,95.2230769230769,66
6,99.0,94.17499999999998,75
7,97.0,95.2230769230769,77
8,39.5,50.25000000000005,92
9,30.0,14.93750000000001,96
10,11.0,18.33333333333335,100
