,real_%top,predicted_%top,index
0,92.0,90.54244331276605,2
1,99.95,99.43244950809274,8
2,99.95,99.95567624186643,12
3,34.5,36.66939969549122,25
4,23.5,21.812436641861332,34
5,89.5,80.74693641984395,37
6,31.5,20.78523070214859,40
7,82.0,88.23186687007899,52
8,59.5,65.07706668292148,57
9,81.5,87.22830895591834,71
10,98.5,96.4153761423171,85
