,real_%top,predicted_%top,index
0,91.4,90.55585647548968,3
1,99.0,98.90021816854339,14
2,23.0,26.142614774569946,23
3,98.5,96.3778101207287,25
4,99.0,99.42670366481856,49
5,88.0,81.63376774734247,61
6,91.0,96.36386690314131,65
7,99.5,97.23880701120522,79
8,99.0,93.52642139398166,81
9,48.5,39.681817192236636,93
10,21.5,12.867446549103716,95
