,real_%top,predicted_%top,index
0,98.45,93.89989367564625,5
1,99.7,92.98455956274114,6
2,70.5,91.92962678383923,20
3,57.0,79.35113000923224,28
4,54.0,71.06058450277791,30
5,23.5,21.630450861638366,33
6,36.5,20.74902824259074,42
7,97.5,91.66039705335962,67
8,95.5,91.31854439490695,69
9,98.5,94.29535216997054,83
