,real_%top,predicted_%top,index
0,91.85,66.94128186396937,3
1,98.5,97.64735766382522,16
2,88.0,87.93240093221837,62
3,95.5,91.49108663281162,70
4,79.0,74.90461754883404,72
5,99.5,91.92586854337182,80
6,98.5,92.28963461480039,84
7,98.0,92.29933620210198,87
8,44.5,66.81061298856373,91
9,30.0,15.347044000933707,97
