,real_%top,predicted_%top,index
0,99.95,97.666583400794,10
1,57.0,89.42911842045982,29
2,10.0,20.994965908933025,32
3,99.5,94.88504981573946,38
4,98.5,96.51935190175834,45
5,62.0,90.07413164553942,55
6,97.0,97.44182197218382,67
7,98.0,99.01271120517124,75
8,45.5,8.076558704237353,89
9,66.5,96.87132428015649,99
