,real_%top,predicted_%top,index
0,93.8,94.2740740740741,8
1,99.3,94.2740740740741,16
2,96.5,80.70833333333333,27
3,99.5,94.2740740740741,47
4,62.0,86.90357142857141,54
5,98.0,94.7111111111111,57
6,98.0,94.2740740740741,62
7,79.0,86.90357142857141,71
8,22.0,20.00000000000004,99
9,6.5,16.611111111111125,102
