,real_%top,predicted_%top,index
0,92.0,77.24006436270804,1
1,99.95,93.60893885979749,7
2,86.5,93.94353769032452,21
3,10.0,20.670715138111536,31
4,97.0,78.18086159451389,43
5,99.5,97.03740133632165,45
6,82.0,93.94353769032452,51
7,68.5,93.33790663144316,59
8,78.0,95.80004833766601,76
9,45.5,20.670715138111536,88
10,5.0,20.48354022968663,101
