,real_%top,predicted_%top,index
0,99.95,92.9507899328431,5
1,98.45,82.27475829354108,6
2,99.0,97.94800436473605,15
3,99.3,97.87800436473604,17
4,99.5,92.29315250800006,35
5,36.5,26.03219962442565,43
6,97.0,75.66445526446877,44
7,99.0,75.2400853979223,82
8,98.5,92.66427576181285,83
9,48.5,74.72743940010811,94
10,6.5,22.947194062585535,103
