,real_%top,predicted_%top,index
0,99.95,95.85318004687309,5
1,98.45,89.11575028415217,6
2,99.0,98.22911302980215,15
3,99.3,98.22911302980215,17
4,99.5,92.3639824843307,35
5,36.5,22.442080969683914,43
6,97.0,81.32433215032518,44
7,99.0,82.58912934934861,82
8,98.5,95.48431700140242,83
9,48.5,71.03498783479594,94
10,6.5,21.73728991759874,103
