,real_%top,predicted_%top,index
0,92.0,76.35398166369447,1
1,99.95,96.41035183329957,7
2,86.5,94.12705607656235,21
3,10.0,24.679385929021954,31
4,97.0,85.80970500216162,43
5,99.5,94.50918829365078,45
6,82.0,94.06930761668892,51
7,68.5,93.83948296217676,59
8,78.0,96.57214622224183,76
9,45.5,22.33402590016193,88
10,5.0,21.312876278949812,101
