,real_%top,predicted_%top,index
0,98.45,100.6612935218243,5
1,99.7,91.25709260652374,6
2,70.5,85.74214264080737,20
3,57.0,65.8294899919917,28
4,54.0,67.25226891052169,30
5,23.5,9.29571926521784,33
6,36.5,19.57761482888973,42
7,97.5,94.22448172557282,67
8,95.5,95.74471393350211,69
9,98.5,93.4672712999455,83
