,real_%top,predicted_%top,index
0,91.85,78.10758852284187,3
1,98.5,98.69296511240262,16
2,88.0,80.86910550191051,62
3,95.5,97.014151326468,70
4,79.0,75.83356404333121,72
5,99.5,95.08012773653118,80
6,98.5,84.5263560599575,84
7,98.0,95.4531635507654,87
8,44.5,61.83725698616864,91
9,30.0,19.917223299347604,97
