,real_%top,predicted_%top,index
0,93.8,95.98915727807488,8
1,99.3,97.89936013597982,16
2,96.5,94.41419530561382,27
3,99.5,95.48341860292659,47
4,62.0,74.04951750988117,54
5,98.0,89.01159505336395,57
6,98.0,89.18230999246911,62
7,79.0,72.12330653055581,71
8,22.0,21.895757735273,99
9,6.5,21.87375079082856,102
