,real_%top,predicted_%top,index
0,7.0,38.155216266557424,10
1,99.95,91.79967083343415,11
2,97.5,86.04945684101153,19
3,99.0,73.27151322539045,26
4,94.0,88.78951494793723,35
5,99.5,98.07257188976385,37
6,31.5,31.87005902321983,39
7,59.5,74.45231249052033,56
8,96.5,89.58690211583979,60
9,95.5,92.60395390510894,85
