,real_%top,predicted_%top,index
0,99.7,99.33457144856551,7
1,54.0,86.20840347164788,31
2,82.0,91.64215814695417,39
3,15.0,28.255651496154066,42
4,99.5,92.22530789942473,49
5,96.5,87.63920540276399,61
6,85.0,78.24786489355176,65
7,78.0,87.38333328028675,73
8,96.0,92.81708795559302,79
9,39.5,70.62626861484992,93
