,real_%top,predicted_%top,index
0,82.0,91.03284879125849,38
1,98.5,89.6293725406174,46
2,8.0,29.268659199428996,63
3,85.0,77.909532323129,64
4,81.5,84.53245272591704,70
5,78.0,83.50920374091493,72
6,98.5,92.03236701943408,84
7,98.0,92.81736221047062,86
8,20.0,5.3505635739900725,94
9,9.0,17.40297978825153,97
