,real_%top,predicted_%top,index
0,7.0,40.78516530940041,10
1,99.95,89.21522625877483,11
2,97.5,86.24681483032506,19
3,99.0,68.590364083769,26
4,94.0,86.6778444728724,35
5,99.5,98.7045079656245,37
6,31.5,31.614365371315245,39
7,59.5,72.67444948796026,56
8,96.5,93.53291128268242,60
9,95.5,94.45939237299278,85
