,real_%top,predicted_%top,index
0,82.0,94.60045926278157,38
1,98.5,93.31688521145314,46
2,8.0,20.20538659051161,63
3,85.0,77.66145284734846,64
4,81.5,85.66159900476276,70
5,78.0,83.26701440128886,72
6,98.5,95.16726863756759,84
7,98.0,95.8851998866157,86
8,20.0,5.456968918974624,94
9,9.0,18.72295533390937,97
