,real_%top,predicted_%top,index
0,99.0,70.08463712436553,27
1,96.5,78.80835961734734,28
2,99.5,90.4059715356516,48
3,99.0,90.79817121828916,50
4,98.0,84.72767288282807,63
5,81.0,81.47491046626632,74
6,78.0,96.11910788359651,77
7,45.0,66.62906353428312,92
8,11.0,23.59634398484718,101
9,5.0,23.878223060449997,102
