,real_%top,predicted_%top,index
0,92.15,69.93603987740038,0
1,98.0,97.37952546890031,13
2,99.9,97.37952546890031,17
3,71.0,85.4490317685845,18
4,34.5,25.920963148488745,24
5,21.5,20.12881337785009,29
6,98.5,77.78601667200319,44
7,74.5,91.94804475381811,68
8,81.0,77.78601667200319,73
9,45.0,69.93603987740038,91
