,real_%top,predicted_%top,index
0,71.0,84.5072470360255,19
1,97.5,93.43544304678889,20
2,51.5,93.70608678275158,23
3,64.0,81.88497751050146,33
4,95.5,93.43544304678889,59
5,68.5,84.5072470360255,60
6,8.0,22.85840531808438,64
7,63.0,72.48800441923034,88
8,20.0,22.85840531808438,95
9,9.0,22.85840531808438,98
