,real_%top,predicted_%top,index
0,92.0,89.00695145501817,1
1,99.95,101.40708143035667,7
2,86.5,97.8584859679689,21
3,10.0,22.43681226259425,31
4,97.0,75.34868361315439,43
5,99.5,98.77872077745366,45
6,82.0,86.17259061618645,51
7,68.5,91.27029224478595,59
8,78.0,96.6876192658865,76
9,45.5,23.23934209669972,88
10,5.0,8.754013365809879,101
