,real_%top,predicted_%top,index
0,99.95,99.78310762376759,5
1,98.45,100.39659799509292,6
2,99.0,99.38416641772041,15
3,99.3,99.8720511652732,17
4,99.5,102.37210014964305,35
5,36.5,15.77952284727207,43
6,97.0,70.55396980965463,44
7,99.0,96.53555142014655,82
8,98.5,97.79639475735208,83
9,48.5,39.5119933180512,94
10,6.5,4.985286167820307,103
