,real_%top,predicted_%top,index
0,99.95,95.09759408389274,4
1,99.5,87.89261101446236,40
2,99.5,87.89261101446236,48
3,98.0,92.32622097397532,74
4,96.0,96.45119462220286,78
5,21.0,34.7352259265132,80
6,98.5,99.54293009897881,82
7,63.0,64.67379486542794,87
8,44.5,64.67379486542794,90
9,66.5,81.37116292341136,98
