,real_%top,predicted_%top,index
0,93.8,98.39927462565308,8
1,99.3,99.94377682837715,16
2,96.5,87.82817718976086,27
3,99.5,99.23454286829472,47
4,62.0,54.32438256367916,54
5,98.0,95.92984279785948,57
6,98.0,86.63343595764674,62
7,79.0,79.38047149287715,71
8,22.0,22.482004972022064,99
9,6.5,5.062180141544896,102
