,real_%top,predicted_%top,index
0,92.0,88.22734066156295,1
1,99.95,98.49994969916001,7
2,86.5,81.42437715845344,21
3,10.0,22.53028240832004,31
4,97.0,96.65527023892645,43
5,99.5,94.92813077853066,45
6,82.0,91.65946417073691,51
7,68.5,92.67287319693997,59
8,78.0,97.79566936492624,76
9,45.5,22.75556953669216,88
10,5.0,12.631970425893703,101
