,real_%top,predicted_%top,index
0,99.95,99.5953313138563,5
1,98.45,94.1388554772375,6
2,99.0,99.37112488973837,15
3,99.3,100.09219961079246,17
4,99.5,102.30810854543611,35
5,36.5,30.316330910513756,43
6,97.0,91.98010515807722,44
7,99.0,92.14417975945784,82
8,98.5,95.78509962403407,83
9,48.5,44.92867102792321,94
10,6.5,5.045150419125508,103
