,real_%top,predicted_%top,index
0,99.95,96.20329218685627,4
1,99.5,93.96591077595707,40
2,99.5,94.07839921134634,48
3,98.0,91.44436229832496,74
4,96.0,91.98591166527723,78
5,21.0,22.762499193326807,80
6,98.5,91.98495234525888,82
7,63.0,77.40834938277565,87
8,44.5,77.43451298330694,90
9,66.5,95.45065155360298,98
