,real_%top,predicted_%top,index
0,82.0,89.17847738095237,38
1,98.5,96.69832380952379,46
2,8.0,19.704202380952378,63
3,85.0,92.15058293650794,64
4,81.5,74.74609999999997,70
5,78.0,70.82937261904762,72
6,98.5,96.58216428571428,84
7,98.0,96.75962261904765,86
8,20.0,20.294192460317458,94
9,9.0,12.996583333333335,97
