,real_%top,predicted_%top,index
0,99.0,86.00401428571429,27
1,96.5,90.99721130952383,28
2,99.5,98.30259523809525,48
3,99.0,98.8274,50
4,98.0,89.45114999999998,63
5,81.0,75.08984563492062,74
6,78.0,95.99146547619048,77
7,45.0,52.338452380952376,92
8,11.0,25.98886904761906,101
9,5.0,10.984934523809523,102
