,real_%top,predicted_%top,index
0,7.0,84.03445,10
1,99.95,84.84819,11
2,97.5,85.8545,19
3,99.0,85.80703,26
4,94.0,85.160576,35
5,99.5,85.20267,37
6,31.5,12.096152,39
7,59.5,85.80543,56
8,96.5,85.88951,60
9,95.5,85.80204,85
