,real_%top,predicted_%top,index
0,7.0,9.380714,10
1,99.95,87.253815,11
2,97.5,87.49276,19
3,99.0,87.31921,26
4,94.0,87.49773,35
5,99.5,87.59477,37
6,31.5,7.6859684,39
7,59.5,87.39105,56
8,96.5,87.52456,60
9,95.5,97.8223,85
