,real_%top,predicted_%top,index
0,7.0,84.03458,10
1,99.95,84.84831,11
2,97.5,85.8546,19
3,99.0,85.80713,26
4,94.0,85.16069,35
5,99.5,85.202774,37
6,31.5,12.096239,39
7,59.5,85.80553,56
8,96.5,85.88961,60
9,95.5,85.80214,85
