,real_%top,predicted_%top,index
0,82.0,87.58339,38
1,98.5,87.53547,46
2,8.0,86.971695,63
3,85.0,86.78582,64
4,81.5,86.89615,70
5,78.0,67.06786,72
6,98.5,86.95828,84
7,98.0,86.98402,86
8,20.0,15.722569,94
9,9.0,15.923016,97
