,real_%top,predicted_%top,index
0,99.0,88.68686,26
1,96.5,88.81201,27
2,99.5,88.5463,47
3,99.0,88.58981,49
4,98.0,88.59099,62
5,81.0,88.250534,73
6,78.0,88.577415,76
7,45.0,33.61129,91
8,11.0,31.751156,100
9,5.0,31.466642,101
