,real_%top,predicted_%top,index
0,82.0,87.5833,38
1,98.5,87.53537,46
2,8.0,86.971596,63
3,85.0,86.78573,64
4,81.5,86.896065,70
5,78.0,67.06758,72
6,98.5,86.95819,84
7,98.0,86.983925,86
8,20.0,15.722579,94
9,9.0,15.923026,97
