,real_%top,predicted_%top,index
0,82.0,80.405396,38
1,98.5,86.13626,46
2,8.0,14.895897,63
3,85.0,85.70261,64
4,81.5,99.52749,70
5,78.0,99.52997,72
6,98.5,99.52927,84
7,98.0,99.53074,86
8,20.0,6.4539337,94
9,9.0,6.420692,97
