,real_%top,predicted_%top,index
0,92.0,86.27575757575758,2
1,99.95,86.27575757575758,8
2,99.95,86.27575757575758,12
3,34.5,38.250000000000085,25
4,23.5,16.57142857142854,34
5,89.5,86.27575757575758,37
6,31.5,16.57142857142854,40
7,82.0,86.27575757575758,52
8,59.5,86.27575757575758,57
9,81.5,86.27575757575758,71
10,98.5,86.27575757575758,85
