,real_%top,predicted_%top,index
0,91.4,84.07198581367852,3
1,99.0,99.57794061126302,14
2,23.0,29.842290810369086,23
3,98.5,89.59094483228753,25
4,99.0,89.59094483228753,49
5,88.0,86.78694203786705,61
6,91.0,91.26471835920404,65
7,99.5,95.66677904775597,79
8,99.0,95.32134140882704,81
9,48.5,59.44973080438367,93
10,21.5,-5.649950013660856,95
