,real_%top,predicted_%top,index
0,92.15,80.23636363636362,0
1,98.0,94.30769230769229,13
2,99.9,94.30769230769229,17
3,71.0,83.90999999999998,18
4,34.5,36.49999999999988,24
5,21.5,21.00000000000003,29
6,98.5,80.23636363636362,44
7,74.5,94.30769230769229,68
8,81.0,80.23636363636362,73
9,45.0,49.000000000000036,91
