,real_%top,predicted_%top,index
0,71.0,57.11054474768243,19
1,97.5,88.00668741539899,20
2,51.5,95.78157534675992,23
3,64.0,83.6858782460309,33
4,95.5,97.95699433663387,59
5,68.5,65.6554560794561,60
6,8.0,19.10924414204517,64
7,63.0,47.64127634085449,88
8,20.0,25.63410629378834,95
9,9.0,29.859346745708923,98
