,real_%top,predicted_%top,index
0,99.7,99.21533745657922,7
1,54.0,84.06999040502727,31
2,82.0,93.97759952896608,39
3,15.0,32.71986665139225,42
4,99.5,94.31709750403087,49
5,96.5,90.86309141365867,61
6,85.0,78.671850666681,65
7,78.0,83.6533438228043,73
8,96.0,93.56095294674311,79
9,39.5,66.83609210040626,93
