,real_%top,predicted_%top,index
0,7.0,40.74797390280971,10
1,99.95,90.59214549934369,11
2,97.5,84.29639457549143,19
3,99.0,71.22858272315028,26
4,94.0,86.11644769703541,35
5,99.5,93.83967923665374,37
6,31.5,30.107414048082155,39
7,59.5,74.05883092702652,56
8,96.5,89.20014468710724,60
9,95.5,95.50312351991529,85
