,real_%top,predicted_%top,index
0,99.7,93.92986307225863,7
1,54.0,82.08778945835326,31
2,82.0,93.9564305873118,39
3,15.0,22.834349364408762,42
4,99.5,97.17745524486573,49
5,96.5,93.26426641498205,61
6,85.0,78.30714716984116,65
7,78.0,75.851935366427,73
8,96.0,92.70030331892019,79
9,39.5,77.3150023375278,93
