,real_%top,predicted_%top,index
0,7.0,21.374815626980727,10
1,99.95,80.22123679761772,11
2,97.5,91.13495901321879,19
3,99.0,79.70601299890397,26
4,94.0,77.65930409678545,35
5,99.5,89.48495050370362,37
6,31.5,21.220264039679137,39
7,59.5,73.3509458121366,56
8,96.5,89.11883510491252,60
9,95.5,97.40144875684909,85
