,real_%top,predicted_%top,index
0,7.0,21.73657300282707,11
1,99.75,92.23132687049792,13
2,99.9,98.3096739760519,18
3,98.5,97.04413329520496,26
4,94.0,87.03109475407851,36
5,99.5,95.17615932383318,41
6,99.5,95.92704838338473,46
7,96.5,96.70166182143019,54
8,62.5,68.89189216879612,56
9,21.5,22.635720533401074,96
10,22.0,21.70297937178491,100
