,real_%top,predicted_%top,index
0,91.85,64.91760680638806,2
1,99.75,93.44676262197765,12
2,51.5,90.79347896649915,22
3,64.0,74.86330074439448,32
4,96.5,97.70111288499297,52
5,97.0,93.20587836146913,66
6,99.0,86.7794663238722,75
7,97.0,88.93374177521824,77
8,39.5,62.40213630883006,92
9,30.0,18.05190202928157,96
10,11.0,21.45934031077132,100
