,real_%top,predicted_%top,index
0,99.7,93.19398922619348,7
1,54.0,70.3220106400179,31
2,82.0,93.39346313654097,39
3,15.0,23.519546971002857,42
4,99.5,96.55697186294525,49
5,96.5,90.20420475595095,61
6,85.0,86.55716183669699,65
7,78.0,68.96295900072151,73
8,96.0,96.19924882484645,79
9,39.5,69.13498541181042,93
