,real_%top,predicted_%top,index
0,7.0,22.769637113058945,10
1,99.95,90.34917943110808,11
2,97.5,89.40173395787217,19
3,99.0,84.3785137629527,26
4,94.0,86.89664642081769,35
5,99.5,90.59967275789228,37
6,31.5,21.017809024480854,39
7,59.5,78.58396783600388,56
8,96.5,88.5998029426177,60
9,95.5,96.18320607105312,85
