,real_%top,predicted_%top,index
0,99.95,96.09598849741803,4
1,99.5,91.31908941148723,40
2,99.5,94.55520509000807,48
3,98.0,91.91857140505908,74
4,96.0,93.93557712326583,78
5,21.0,21.907257496996472,80
6,98.5,92.17967599064161,82
7,63.0,74.84692378540576,87
8,44.5,74.630019023501,90
9,66.5,95.62566748674222,98
