,real_%top,predicted_%top,index
0,92.15,64.30375394552343,1
1,91.4,77.2209188020721,4
2,93.8,92.56791343563778,9
3,70.5,89.8667362593697,21
4,21.5,20.039142793287727,30
5,83.5,76.77738354566186,51
6,91.0,93.71700798286678,66
7,74.5,95.88721567990828,69
8,99.0,88.24449649774242,76
9,40.0,22.99107720707655,90
