,real_%top,predicted_%top,index
0,99.0,86.6431818181818,27
1,96.5,86.6431818181818,28
2,99.5,86.6431818181818,48
3,99.0,86.6431818181818,50
4,98.0,86.6431818181818,63
5,81.0,86.6431818181818,74
6,78.0,86.6431818181818,77
7,45.0,86.64318181818187,92
8,11.0,20.346153846153925,101
9,5.0,20.346153846153925,102
