,real_%top,predicted_%top,index
0,99.0,87.73093023953173,27
1,96.5,92.40957574933235,28
2,99.5,96.90157129016923,48
3,99.0,96.83214271874067,50
4,98.0,90.29799762321016,63
5,81.0,75.95120521077651,74
6,78.0,95.6646206888055,77
7,45.0,68.36412989926741,92
8,11.0,23.416288193016136,101
9,5.0,19.885465030067973,102
