,real_%top,predicted_%top,index
0,82.0,78.43856245498785,38
1,98.5,96.82994530783758,46
2,8.0,23.7153576725562,63
3,85.0,88.10302133046699,64
4,81.5,72.99736821034358,70
5,78.0,62.5630849311228,72
6,98.5,96.52534634367183,84
7,98.0,96.5160606293861,86
8,20.0,22.858526843662872,94
9,9.0,21.424767935903965,97
