,real_%top,predicted_%top,index
0,7.0,40.89213563109351,11
1,99.75,98.50166553312171,13
2,99.9,96.656695026549,18
3,98.5,78.9115050404722,26
4,94.0,86.01789350077004,36
5,99.5,90.86301169841298,41
6,99.5,90.81870799022582,46
7,96.5,87.61923959291859,54
8,62.5,71.7711120143314,56
9,21.5,2.5818557916503266,96
10,22.0,5.460014317420743,100
