,real_%top,predicted_%top,index
0,99.95,94.38701066783283,5
1,98.45,94.38701066783283,6
2,99.0,96.53848072859574,15
3,99.3,96.53848072859574,17
4,99.5,94.58198445372828,35
5,36.5,40.914044601261985,43
6,97.0,81.5855840478884,44
7,99.0,74.49622831573116,82
8,98.5,75.03623973200888,83
9,48.5,68.88850457976315,94
10,6.5,19.344175196659247,103
