,real_%top,predicted_%top,index
0,98.0,98.57885952511539,14
1,86.5,89.82592143036703,22
2,23.0,24.559827647505234,24
3,98.5,96.43358109753807,47
4,96.5,96.21391799417901,53
5,98.0,90.78917529770068,58
6,97.5,90.76509408973381,68
7,97.0,89.40845196094753,78
8,21.0,20.721990949481036,81
9,95.5,97.08502693152434,86
