,real_%top,predicted_%top,index
0,99.95,96.68635095076492,9
1,98.5,98.3077744245134,15
2,99.5,96.00098024699973,34
3,89.5,74.59382900208455,36
4,15.0,18.59419458933739,41
5,83.5,80.73940313640607,50
6,96.5,93.96639499320125,53
7,62.5,64.188994238931,55
8,95.5,85.96957061272067,58
9,40.0,24.573567236135037,89
