,real_%top,predicted_%top,index
0,98.0,97.45055121336726,14
1,86.5,82.51466991496382,22
2,23.0,22.796228129828105,24
3,98.5,87.88735111090305,47
4,96.5,87.88735111090305,53
5,98.0,95.53133613128985,58
6,97.5,87.88735111090305,68
7,97.0,97.45055121336726,78
8,21.0,22.796228129828105,81
9,95.5,97.45055121336726,86
