,real_%top,predicted_%top,index
0,99.95,97.14046321346413,9
1,98.5,97.14046321346413,15
2,99.5,95.07329545534863,34
3,89.5,82.83081074201226,36
4,15.0,22.162550060304795,41
5,83.5,82.83081074201226,50
6,96.5,78.53211471466305,53
7,62.5,80.4473276891338,55
8,95.5,95.07329545534863,58
9,40.0,26.768829722020715,89
