,real_%top,predicted_%top,index
0,91.85,85.58750000000009,2
1,99.75,85.58750000000009,12
2,51.5,95.36666666666665,22
3,64.0,85.58750000000009,32
4,96.5,95.36666666666665,52
5,97.0,95.36666666666665,66
6,99.0,97.49285714285715,75
7,97.0,95.36666666666665,77
8,39.5,50.25000000000004,92
9,30.0,14.000000000000016,96
10,11.0,15.750000000000027,100
