,real_%top,predicted_%top,index
0,7.0,28.479066113309198,11
1,99.75,100.3561459679934,13
2,99.9,99.03444752170805,18
3,98.5,83.15513230651109,26
4,94.0,89.13841803297778,36
5,99.5,83.15513230651109,41
6,99.5,82.95374590387837,46
7,96.5,101.46423667032012,54
8,62.5,49.40981203783685,56
9,21.5,15.76757154572683,96
10,22.0,23.045985274097628,100
