,real_%top,predicted_%top,index
0,92.0,72.02402246373252,1
1,99.95,100.77080978091828,7
2,86.5,83.57067156948942,21
3,10.0,22.414897716079597,31
4,97.0,87.1959541937666,43
5,99.5,99.39544177844463,45
6,82.0,82.76074571955847,51
7,68.5,91.23642379970197,59
8,78.0,96.2201690447517,76
9,45.5,27.294371112785324,88
10,5.0,6.505344629667771,101
