,real_%top,predicted_%top,index
0,99.95,94.6587,9
1,57.0,94.65912,28
2,10.0,27.861074,31
3,99.5,94.656944,37
4,98.5,94.66982,44
5,62.0,94.666214,54
6,97.0,94.66784,66
7,98.0,94.68888,74
8,45.5,28.679853,88
9,66.5,94.64404,98
