,real_%top,predicted_%top,index
0,93.8,90.43288,8
1,99.3,90.43943,16
2,96.5,90.50392,27
3,99.5,90.49103,47
4,62.0,90.47396,54
5,98.0,90.48317,57
6,98.0,90.48424,62
7,79.0,90.43718,71
8,22.0,21.842508,99
9,6.5,21.868095,102
