,real_%top,predicted_%top,index
0,93.8,88.02428,8
1,99.3,88.118904,16
2,96.5,87.9289,27
3,99.5,88.119286,47
4,62.0,88.04053,54
5,98.0,88.05723,57
6,98.0,88.07255,62
7,79.0,97.909935,71
8,22.0,71.3771,99
9,6.5,13.15395,102
