,real_%top,predicted_%top,index
0,93.8,90.43286,8
1,99.3,90.43942,16
2,96.5,90.50392,27
3,99.5,90.49102,47
4,62.0,90.47395,54
5,98.0,90.48316,57
6,98.0,90.48422,62
7,79.0,90.437164,71
8,22.0,21.842505,99
9,6.5,21.868095,102
