,real_%top,predicted_%top,index
0,82.0,86.81765869855187,38
1,98.5,90.57589907853102,46
2,8.0,29.768239192309736,63
3,85.0,81.01602556528887,64
4,81.5,83.21030993309171,70
5,78.0,77.72242654421738,72
6,98.5,92.90298330669765,84
7,98.0,95.82133916202177,86
8,20.0,4.235723944347882,94
9,9.0,20.599818434148446,97
