,real_%top,predicted_%top,index
0,99.0,77.01418061328141,27
1,96.5,81.77517446199431,28
2,99.5,94.51085695418311,48
3,99.0,91.20655276798622,50
4,98.0,88.9023312318789,63
5,81.0,84.69903737069315,74
6,78.0,95.86837437156144,77
7,45.0,55.490290131147795,92
8,11.0,19.740680573658125,101
9,5.0,25.827787887845844,102
