,real_%top,predicted_%top,index
0,99.95,97.45158333333339,5
1,98.45,94.69698630952384,6
2,99.0,98.7105148809524,15
3,99.3,98.63159821428575,17
4,99.5,94.04157976190477,35
5,36.5,20.091619047619048,43
6,97.0,89.07135873015872,44
7,99.0,92.74796726190476,82
8,98.5,94.44357142857145,83
9,48.5,50.29468333333334,94
10,6.5,9.17298412698413,103
