,real_%top,predicted_%top,index
0,92.0,84.47233571428569,1
1,99.95,97.59078214285715,7
2,86.5,92.24039166666665,21
3,10.0,22.806507936507938,31
4,97.0,87.01849999999999,43
5,99.5,97.75315476190477,45
6,82.0,92.10113690476192,51
7,68.5,92.74192857142856,59
8,78.0,97.92322023809524,76
9,45.5,21.58300396825397,88
10,5.0,12.47088095238096,101
