,real_%top,predicted_%top,index
0,91.4,84.19393230163442,3
1,99.0,97.15745537454997,14
2,23.0,11.892417616394937,23
3,98.5,80.16109810095672,25
4,99.0,93.30198200471118,49
5,88.0,86.20184627522849,61
6,91.0,85.78315991985546,65
7,99.5,95.00437887860565,79
8,99.0,85.9635212309724,81
9,48.5,56.56867012372754,93
10,21.5,3.264718847112121,95
