,real_%top,predicted_%top,index
0,92.0,82.85628885943149,2
1,99.95,102.44470025277215,8
2,99.95,86.78212121467715,12
3,34.5,62.201893207621296,25
4,23.5,17.197327885607805,34
5,89.5,94.52496939177148,37
6,31.5,29.82861835900446,40
7,82.0,98.18873105347039,52
8,59.5,73.37148993904285,57
9,81.5,82.28011632235084,71
10,98.5,93.53038731518986,85
