,real_%top,predicted_%top,index
0,91.4,85.45792563162829,3
1,99.0,98.58476194302182,14
2,23.0,16.462721834342076,23
3,98.5,75.0040080871633,25
4,99.0,90.33802617986224,49
5,88.0,84.06325452686771,61
6,91.0,85.41402077736839,65
7,99.5,91.77660841652887,79
8,99.0,84.5625141623285,81
9,48.5,64.4320787897654,93
10,21.5,6.726172356529176,95
