,real_%top,predicted_%top,index
0,7.0,16.248046711409657,11
1,99.75,101.92615840884433,13
2,99.9,99.019170836298,18
3,98.5,98.33279442566302,26
4,94.0,94.7825329829117,36
5,99.5,98.57311382993345,41
6,99.5,98.57349169840154,46
7,96.5,96.60826178599656,54
8,62.5,60.72064646038846,56
9,21.5,13.104721371402162,96
10,22.0,17.594354818114088,100
