,real_%top,predicted_%top,index
0,91.85,53.87027159818524,2
1,99.75,97.99510313115682,12
2,51.5,91.78114537377776,22
3,64.0,59.71391746074332,32
4,96.5,99.9870146376206,52
5,97.0,96.36477252838313,66
6,99.0,86.5858007840092,75
7,97.0,79.54637439371963,77
8,39.5,49.080212697315,92
9,30.0,8.584243115069851,96
10,11.0,29.961883745182003,100
