,real_%top,predicted_%top,index
0,7.0,27.45753255065951,10
1,99.95,102.33170333185602,11
2,97.5,86.64049227860866,19
3,99.0,77.54594893330929,26
4,94.0,90.9215403443251,35
5,99.5,97.13557903453089,37
6,31.5,14.615818069835044,39
7,59.5,63.79040639666871,56
8,96.5,84.58193655691066,60
9,95.5,98.73933973008756,85
