,real_%top,predicted_%top,index
0,99.95,99.87980506751576,9
1,98.5,99.87980506751576,15
2,99.5,84.40724067587642,34
3,89.5,79.68661879189662,36
4,15.0,28.733621794016308,41
5,83.5,88.55340441050502,50
6,96.5,101.56635376374201,53
7,62.5,70.41355796970845,55
8,95.5,80.91575109327621,58
9,40.0,4.104510901117308,89
