,real_%top,predicted_%top,index
0,98.0,86.64621212121214,14
1,86.5,86.64621212121214,22
2,23.0,16.535714285714164,24
3,98.5,86.64621212121214,47
4,96.5,86.64621212121214,53
5,98.0,86.64621212121214,58
6,97.5,86.64621212121214,68
7,97.0,86.64621212121214,78
8,21.0,16.53571428571405,81
9,95.5,86.64621212121214,86
