,real_%top,predicted_%top,index
0,92.0,90.0535440045704,1
1,99.95,100.44122068537281,7
2,86.5,81.57714903107147,21
3,10.0,20.830931545829475,31
4,97.0,98.47002265210807,43
5,99.5,93.63979433666995,45
6,82.0,98.01371030999132,51
7,68.5,89.42048391118097,59
8,78.0,95.93637408760141,76
9,45.5,19.394169153373113,88
10,5.0,18.227949992131528,101
