,real_%top,predicted_%top,index
0,98.45,93.75948291014538,5
1,99.7,82.1715926424088,6
2,70.5,97.06940071255708,20
3,57.0,78.90192298518691,28
4,54.0,71.42782847761114,30
5,23.5,24.219687141698163,33
6,36.5,17.48253768004871,42
7,97.5,90.55154909257409,67
8,95.5,90.53360536963038,69
9,98.5,95.80928869133322,83
