,real_%top,predicted_%top,index
0,91.85,64.86014199481079,3
1,98.5,98.92431766917291,16
2,88.0,88.03970662638018,62
3,95.5,93.4670227120102,70
4,79.0,79.8465558807614,72
5,99.5,97.43764625305249,80
6,98.5,97.4089722673976,84
7,98.0,97.44339210866747,87
8,44.5,62.848817243173535,91
9,30.0,14.140775655308742,97
