,real_%top,predicted_%top,index
0,99.95,98.72474122302403,10
1,57.0,84.60478469059728,29
2,10.0,14.228992099405488,32
3,99.5,99.52331648966432,38
4,98.5,93.34305522906904,45
5,62.0,76.1177551321366,55
6,97.0,84.38240971486664,67
7,98.0,99.93607714532595,75
8,45.5,-12.128922704641226,89
9,66.5,83.77818715416035,99
