,real_%top,predicted_%top,index
0,93.8,97.24041627740914,8
1,99.3,97.15690310957908,16
2,96.5,85.16682376206398,27
3,99.5,92.82852051539628,47
4,62.0,73.88424690655702,54
5,98.0,88.3608403926825,57
6,98.0,83.96907964634227,62
7,79.0,84.27665664631255,71
8,22.0,8.537161354992833,99
9,6.5,15.969647786111167,102
