,real_%top,predicted_%top,index
0,99.0,71.32557014949947,27
1,96.5,79.54972516700568,28
2,99.5,90.15747877429047,48
3,99.0,88.81130047760027,50
4,98.0,86.12290680716764,63
5,81.0,83.94639220124155,74
6,78.0,97.7793342029292,77
7,45.0,64.76184634144148,92
8,11.0,20.538082638557427,101
9,5.0,21.032249464114045,102
