,real_%top,predicted_%top,index
0,82.0,92.07966711255162,38
1,98.5,90.27732047767657,46
2,8.0,24.68514450380917,63
3,85.0,76.75630860280637,64
4,81.5,81.75631786894343,70
5,78.0,78.53019997102331,72
6,98.5,91.31092668616259,84
7,98.0,92.31901887177068,86
8,20.0,1.9232725520261766,94
9,9.0,15.03982106075776,97
