,real_%top,predicted_%top,index
0,91.4,81.69545454545452,3
1,99.0,95.29599999999998,14
2,23.0,12.875000000000025,23
3,98.5,95.29599999999998,25
4,99.0,95.29599999999998,49
5,88.0,95.29599999999998,61
6,91.0,81.69545454545452,65
7,99.5,95.29599999999998,79
8,99.0,83.10312499999998,81
9,48.5,50.83333333333333,93
10,21.5,16.750000000000036,95
