,real_%top,predicted_%top,index
0,92.0,90.76139089495283,2
1,99.95,97.69237826439495,8
2,99.95,92.70292777790962,12
3,34.5,36.45993775017181,25
4,23.5,13.063661839296671,34
5,89.5,86.48795633514656,37
6,31.5,19.059566873946356,40
7,82.0,93.19220909998067,52
8,59.5,63.686200706029716,57
9,81.5,67.72108194846253,71
10,98.5,97.34236174627108,85
