,real_%top,predicted_%top,index
0,82.0,94.07037037037036,38
1,98.5,94.07037037037036,46
2,8.0,16.75000000000004,63
3,85.0,81.76428571428569,64
4,81.5,85.9730769230769,70
5,78.0,85.9730769230769,72
6,98.5,94.07037037037036,84
7,98.0,94.07037037037036,86
8,20.0,21.750000000000043,94
9,9.0,16.75000000000004,97
