,real_%top,predicted_%top,index
0,99.95,95.28392857142856,9
1,98.5,95.28392857142856,15
2,99.5,93.77142857142843,34
3,89.5,83.70999999999998,36
4,15.0,13.875000000000025,41
5,83.5,83.70999999999998,50
6,96.5,83.82272727272726,53
7,62.5,83.82272727272726,55
8,95.5,93.77142857142843,58
9,40.0,45.50000000000002,89
