,real_%top,predicted_%top,index
0,98.0,97.97193905603002,14
1,86.5,89.45617574392243,22
2,23.0,23.25580318388276,24
3,98.5,99.22824084261464,47
4,96.5,96.00229862517803,53
5,98.0,95.487917346859,58
6,97.5,96.96614734282589,68
7,97.0,97.75568350022948,78
8,21.0,2.770122366334618,81
9,95.5,98.33851777266715,86
