,real_%top,predicted_%top,index
0,91.85,90.34769728154839,2
1,99.75,101.83136303158163,12
2,51.5,98.43406181187846,22
3,64.0,55.55187101493706,32
4,96.5,95.69489262840968,52
5,97.0,74.63200697060705,66
6,99.0,92.41106485537264,75
7,97.0,93.3147143804849,77
8,39.5,45.64669623465652,92
9,30.0,9.01503572815343,96
10,11.0,15.049522038535585,100
