,real_%top,predicted_%top,index
0,7.0,26.538231989444643,11
1,99.75,98.70919868391587,13
2,99.9,99.68225584593657,18
3,98.5,51.5302515528768,26
4,94.0,96.15652012421837,36
5,99.5,93.5988987933144,41
6,99.5,97.33214868460912,46
7,96.5,106.11534435312987,54
8,62.5,91.26839117693619,56
9,21.5,10.248436363317806,96
10,22.0,10.697760295038826,100
