,real_%top,predicted_%top,index
0,98.0,96.57505083896153,14
1,86.5,90.23399528102402,22
2,23.0,19.642457252714607,24
3,98.5,95.23693067203695,47
4,96.5,89.68849010055561,53
5,98.0,89.59180353053803,58
6,97.5,92.33831785240903,68
7,97.0,93.81005821543653,78
8,21.0,19.912669332301686,81
9,95.5,95.33785144746253,86
