,real_%top,predicted_%top,index
0,99.95,92.81388905367722,9
1,98.5,97.91099560513224,15
2,99.5,95.66421373593728,34
3,89.5,95.57791849784203,36
4,15.0,22.949233631156435,41
5,83.5,76.3963538327277,50
6,96.5,94.81107835526616,53
7,62.5,67.4519511308136,55
8,95.5,83.57590088326528,58
9,40.0,19.867724735232088,89
