,real_%top,predicted_%top,index
0,7.0,21.0982023622864,10
1,99.95,83.26105013293417,11
2,97.5,90.74995504719107,19
3,99.0,82.98335801996815,26
4,94.0,82.3618427075117,35
5,99.5,91.43963180109817,37
6,31.5,20.95557387934743,39
7,59.5,77.0317154842522,56
8,96.5,89.16091961199953,60
9,95.5,95.39846915098144,85
