,real_%top,predicted_%top,index
0,91.4,93.56307716642898,3
1,99.0,99.47437577393934,14
2,23.0,16.486964938329994,23
3,98.5,55.168535208102824,25
4,99.0,92.25710471217896,49
5,88.0,95.14054258652169,61
6,91.0,93.29264011100098,65
7,99.5,97.20111574158204,79
8,99.0,95.10401195948866,81
9,48.5,42.30693941760889,93
10,21.5,15.167227445318046,95
