,real_%top,predicted_%top,index
0,92.0,84.02932860573937,1
1,99.95,103.00698200088965,7
2,86.5,88.69665298029807,21
3,10.0,17.0795106612741,31
4,97.0,87.19309125707734,43
5,99.5,94.65411162804573,45
6,82.0,97.60696316240524,51
7,68.5,87.14604031600045,59
8,78.0,97.31801264451427,76
9,45.5,-8.564943875805326,88
10,5.0,17.424584035068065,101
