,real_%top,predicted_%top,index
0,99.95,106.6362860364481,5
1,98.45,93.66453423178794,6
2,99.0,99.55014680373611,15
3,99.3,99.59328481781122,17
4,99.5,99.5146827308119,35
5,36.5,57.20145522621413,43
6,97.0,81.11507561964868,44
7,99.0,82.45923136235905,82
8,98.5,92.46432050431892,83
9,48.5,64.73595004991913,94
10,6.5,16.16721306140117,103
