,real_%top,predicted_%top,index
0,99.95,92.02649318970622,4
1,99.5,96.13444816408233,40
2,99.5,96.35921562993899,48
3,98.0,90.62134394491328,74
4,96.0,89.22719294293276,78
5,21.0,21.663162617139182,80
6,98.5,91.31117816056603,82
7,63.0,73.48822757972684,87
8,44.5,73.38703865460607,90
9,66.5,97.86644743144669,98
