,real_%top,predicted_%top,index
0,92.15,79.93123856054306,1
1,91.4,75.85540178495212,4
2,93.8,90.56234896813449,9
3,70.5,84.6091958712277,21
4,21.5,20.41206195004608,30
5,83.5,75.84330178495212,51
6,91.0,92.19866637760826,66
7,74.5,96.37073425751196,69
8,99.0,79.57338990188819,76
9,40.0,22.704905303257192,90
