,real_%top,predicted_%top,index
0,99.95,88.55307692307696,10
1,57.0,88.55307692307696,29
2,10.0,17.366666666666617,32
3,99.5,88.55307692307696,38
4,98.5,88.55307692307696,45
5,62.0,88.55307692307696,55
6,97.0,88.55307692307696,67
7,98.0,88.55307692307696,75
8,45.5,17.366666666666617,89
9,66.5,88.55307692307696,99
