,real_%top,predicted_%top,index
0,93.8,101.39290611279169,8
1,99.3,101.39290611279169,16
2,96.5,89.28056630700597,27
3,99.5,85.69069461842687,47
4,62.0,78.13824123094076,54
5,98.0,82.00501239016755,57
6,98.0,85.87178354939435,62
7,79.0,87.61025882540834,71
8,22.0,17.85891452536562,99
9,6.5,17.99736426068945,102
