,real_%top,predicted_%top,index
0,92.0,85.16265376223674,2
1,99.95,103.09761687015367,8
2,99.95,88.00007123615119,12
3,34.5,43.15898005351713,25
4,23.5,17.07552852023808,34
5,89.5,93.87341327568276,37
6,31.5,29.010907233291945,40
7,82.0,96.94192115630507,52
8,59.5,72.12130630296224,57
9,81.5,86.65502537814783,71
10,98.5,93.68857943515292,85
