,real_%top,predicted_%top,index
0,91.4,83.26662241934557,3
1,99.0,97.2981841008652,14
2,23.0,21.689147605715647,23
3,98.5,82.70871999535527,25
4,99.0,93.58569309775486,49
5,88.0,83.31885689664647,61
6,91.0,84.47103181398835,65
7,99.5,92.41980325363605,79
8,99.0,84.11786172564882,81
9,48.5,61.69603353024699,93
10,21.5,5.182053666367025,95
