,real_%top,predicted_%top,index
0,7.0,45.81950033582699,11
1,99.75,98.72741426693122,13
2,99.9,100.9103229641535,18
3,98.5,86.77378005021365,26
4,94.0,84.7748140242627,36
5,99.5,95.8095515558576,41
6,99.5,95.7248217147721,46
7,96.5,92.83019432191541,54
8,62.5,66.83840413423763,56
9,21.5,-3.107077280929218,96
10,22.0,4.463538735787466,100
