,real_%top,predicted_%top,index
0,91.85,83.45316829086319,2
1,99.75,96.14688290951128,12
2,51.5,85.55446757271446,22
3,64.0,81.3553344100791,32
4,96.5,97.39990604628554,52
5,97.0,85.3286895062136,66
6,99.0,89.55173875349918,75
7,97.0,99.38021569342925,77
8,39.5,57.51226304293337,92
9,30.0,17.98080209890989,96
10,11.0,15.997756825522288,100
