,real_%top,predicted_%top,index
0,99.95,104.37182580626133,4
1,99.5,102.9116328037931,40
2,99.5,98.575205937923,48
3,98.0,96.74556139845639,74
4,96.0,83.42621224897556,78
5,21.0,22.451072024467948,80
6,98.5,92.18890062086642,82
7,63.0,52.9181339350264,87
8,44.5,52.897444637546215,90
9,66.5,96.73233740993761,98
