,real_%top,predicted_%top,index
0,92.15,92.22194442000357,1
1,91.4,92.38436097384388,4
2,93.8,61.48709657931824,9
3,70.5,90.86774936775096,21
4,21.5,18.35585638514636,30
5,83.5,72.21985334406813,51
6,91.0,91.02440027388683,66
7,74.5,96.96196915212953,69
8,99.0,101.22948114578213,76
9,40.0,47.13406888464899,90
