,real_%top,predicted_%top,index
0,71.0,86.00073715018641,19
1,97.5,97.79111812839936,20
2,51.5,93.28716694963532,23
3,64.0,75.04014962782315,33
4,95.5,86.92799400889575,59
5,68.5,90.85846991064489,60
6,8.0,21.558831595691892,64
7,63.0,71.21615539582966,88
8,20.0,22.70550508886539,95
9,9.0,19.460514426749718,98
