,real_%top,predicted_%top,index
0,92.15,68.04383097180596,0
1,98.0,98.5109980717403,13
2,99.9,98.52585790218764,17
3,71.0,78.93050498659834,18
4,34.5,23.350389582295943,24
5,21.5,24.441008789477642,29
6,98.5,86.32738888595063,44
7,74.5,96.76279857511767,68
8,81.0,78.2712851610292,73
9,45.0,61.486926532933424,91
