,real_%top,predicted_%top,index
0,82.0,98.69041262799448,38
1,98.5,100.64814661889028,46
2,8.0,17.469549296883567,63
3,85.0,94.93956923971116,64
4,81.5,93.94234620577662,70
5,78.0,80.5904615353979,72
6,98.5,100.37557001452384,84
7,98.0,98.937099111871,86
8,20.0,24.403714485833426,94
9,9.0,26.401283492875272,97
