,real_%top,predicted_%top,index
0,98.45,94.25222671411244,5
1,99.7,96.07914896579817,6
2,70.5,81.82857844238528,20
3,57.0,84.39683591769132,28
4,54.0,81.24046220547032,30
5,23.5,19.150048672015373,33
6,36.5,61.16440924552589,42
7,97.5,85.13730339836978,67
8,95.5,86.60370758040743,69
9,98.5,92.83357028653192,83
