,real_%top,predicted_%top,index
0,91.85,85.24921228838308,3
1,98.5,99.48192926231609,16
2,88.0,83.12923079241946,62
3,95.5,89.10741286007874,70
4,79.0,84.45959489440108,72
5,99.5,98.1292968441968,80
6,98.5,92.16048332429544,84
7,98.0,95.8909917742338,87
8,44.5,58.994747998727604,91
9,30.0,18.285191347249267,97
