,real_%top,predicted_%top,index
0,93.8,96.7707005219681,8
1,99.3,96.3817812762936,16
2,96.5,83.98493777003404,27
3,99.5,92.54134910331382,47
4,62.0,74.70444195482608,54
5,98.0,88.2796755830317,57
6,98.0,82.39179410333546,62
7,79.0,85.5966029416696,71
8,22.0,11.02997193212724,99
9,6.5,15.807796748491754,102
