,real_%top,predicted_%top,index
0,93.8,96.84375,8
1,99.3,96.46875,16
2,96.5,84.0625,27
3,99.5,92.625,47
4,62.0,74.78125,54
5,98.0,88.34375,57
6,98.0,82.46875,62
7,79.0,85.6875,71
8,22.0,11.125,99
9,6.5,15.90625,102
