,real_%top,predicted_%top,index
0,92.15,64.96101587995335,1
1,91.4,74.04813589327338,4
2,93.8,91.09897321330631,9
3,70.5,94.62004056678616,21
4,21.5,24.38868432547844,30
5,83.5,83.55450482295481,51
6,91.0,91.6347693500943,66
7,74.5,95.21959087440337,69
8,99.0,89.35939292227378,76
9,40.0,23.41489517018928,90
