,real_%top,predicted_%top,index
0,99.95,98.4419482254974,4
1,99.5,98.42490269533309,40
2,99.5,98.6827415951588,48
3,98.0,97.67246076052211,74
4,96.0,87.27662118975795,78
5,21.0,16.852209464555056,80
6,98.5,97.79736902170538,82
7,63.0,71.27446701271936,87
8,44.5,71.28751701271936,90
9,66.5,98.63705362149031,98
