,real_%top,predicted_%top,index
0,98.45,97.24999999999993,5
1,99.7,84.79666666666662,6
2,70.5,97.24999999999993,20
3,57.0,84.79666666666662,28
4,54.0,84.58214285714284,30
5,23.5,14.16666666666668,33
6,36.5,34.499999999999815,42
7,97.5,94.64444444444443,67
8,95.5,94.64444444444443,69
9,98.5,94.64444444444443,83
