,real_%top,predicted_%top,index
0,91.85,63.803238783925835,3
1,98.5,99.49133292562311,16
2,88.0,97.16090691895607,62
3,95.5,100.8160712872084,70
4,79.0,77.63795856957734,72
5,99.5,96.51720350977823,80
6,98.5,96.993075757275,84
7,98.0,96.993075757275,87
8,44.5,66.25720478146536,91
9,30.0,9.027846904213108,97
