,real_%top,predicted_%top,index
0,99.7,91.01127301587297,7
1,54.0,74.27041051587302,31
2,82.0,95.37257499999998,39
3,15.0,19.985714285714284,42
4,99.5,98.39395357142854,49
5,96.5,95.09647539682543,61
6,85.0,89.53973611111111,65
7,78.0,80.0361767857143,73
8,96.0,96.25259761904759,79
9,39.5,54.93384404761907,93
