,real_%top,predicted_%top,index
0,7.0,20.06521428571429,10
1,99.95,93.92264523809524,11
2,97.5,89.77066567460315,19
3,99.0,79.69342261904764,26
4,94.0,85.7036083333333,35
5,99.5,91.03805734126983,37
6,31.5,23.023065476190485,39
7,59.5,65.78316666666666,56
8,96.5,90.65725972222222,60
9,95.5,97.96013849206349,85
