,real_%top,predicted_%top,index
0,92.15,62.71054346477401,0
1,98.0,99.41806940871007,13
2,99.9,99.17295042584061,17
3,71.0,86.99066368103925,18
4,34.5,35.243834077366145,24
5,21.5,22.11175918782415,29
6,98.5,95.34528913345383,44
7,74.5,97.80159398881065,68
8,81.0,80.70044753450216,73
9,45.0,45.09449243107648,91
