,real_%top,predicted_%top,index
0,91.85,84.9409284167467,3
1,98.5,96.40313952109256,16
2,88.0,87.99661871598988,62
3,95.5,91.9099285859421,70
4,79.0,75.78953728801264,72
5,99.5,95.99592587974675,80
6,98.5,93.98571522904084,84
7,98.0,95.48867875007889,87
8,44.5,63.130097077426534,91
9,30.0,9.0073110772238,97
