,real_%top,predicted_%top,index
0,99.95,104.34599150981666,4
1,99.5,93.31394847381692,40
2,99.5,90.40315208288708,48
3,98.0,101.05744667192386,74
4,96.0,95.45013568596943,78
5,21.0,29.445426171087753,80
6,98.5,93.74192547164317,82
7,63.0,75.38812703274357,87
8,44.5,75.31168187500197,90
9,66.5,85.94480640063108,98
