,real_%top,predicted_%top,index
0,92.15,86.47577176432587,1
1,91.4,85.86020215181904,4
2,93.8,98.31202080206768,9
3,70.5,75.96570380473999,21
4,21.5,19.859856473836288,30
5,83.5,75.42752804594815,51
6,91.0,83.87642142734938,66
7,74.5,86.37515964352122,69
8,99.0,87.56390833619902,76
9,40.0,7.673611846042078,90
