,real_%top,predicted_%top,index
0,7.0,20.320956911965435,10
1,99.95,83.00213690961198,11
2,97.5,98.22709588369878,19
3,99.0,83.8778969189008,26
4,94.0,98.22709588369878,35
5,99.5,89.90850499742963,37
6,31.5,20.206630721489248,39
7,59.5,85.5674421017308,56
8,96.5,89.90850499742963,60
9,95.5,98.23036956226349,85
