,real_%top,predicted_%top,index
0,99.7,81.92782606277159,7
1,54.0,79.26437474544073,31
2,82.0,91.17324282970006,39
3,15.0,20.96871322298064,42
4,99.5,91.17324282970006,49
5,96.5,91.17324282970006,61
6,85.0,82.69416072017971,65
7,78.0,77.52163991466765,73
8,96.0,97.08981284370336,79
9,39.5,77.52163991466765,93
