,real_%top,predicted_%top,index
0,92.0,90.32570540069833,1
1,99.95,99.71123473462262,7
2,86.5,97.0972035757266,21
3,10.0,22.02652907297156,31
4,97.0,98.8141209024493,43
5,99.5,93.96568885151606,45
6,82.0,98.85761060744679,51
7,68.5,91.75283231163154,59
8,78.0,98.55697884222847,76
9,45.5,21.048337133499107,88
10,5.0,13.681482079410024,101
