,real_%top,predicted_%top,index
0,99.95,103.80708211368474,5
1,98.45,89.15926024765622,6
2,99.0,98.47790135747822,15
3,99.3,98.65270204873288,17
4,99.5,101.40333783867823,35
5,36.5,43.19195283146718,43
6,97.0,83.27817615955591,44
7,99.0,82.25927491944793,82
8,98.5,92.10308807652558,83
9,48.5,64.96862884770677,94
10,6.5,21.059769695797044,103
