,real_%top,predicted_%top,index
0,92.0,84.57090469481686,1
1,99.95,105.69024700927295,7
2,86.5,84.69648114555703,21
3,10.0,13.456316723485969,31
4,97.0,85.35710458302628,43
5,99.5,94.34674188363529,45
6,82.0,98.48940618322843,51
7,68.5,88.56281257283054,59
8,78.0,99.4646007950069,76
9,45.5,-10.663740539838585,88
10,5.0,21.66544156650292,101
