,real_%top,predicted_%top,index
0,91.4,83.20767,3
1,99.0,83.24092,14
2,23.0,26.490343,23
3,98.5,85.27965,25
4,99.0,83.74186,49
5,88.0,85.264626,61
6,91.0,85.34068,65
7,99.5,85.2041,79
8,99.0,85.23167,81
9,48.5,28.193832,93
10,21.5,13.8986025,95
