,real_%top,predicted_%top,index
0,91.4,83.658066,3
1,99.0,83.69786,14
2,23.0,26.916817,23
3,98.5,85.17105,25
4,99.0,84.28374,49
5,88.0,85.165085,61
6,91.0,85.19992,65
7,99.5,85.09111,79
8,99.0,85.09142,81
9,48.5,29.187628,93
10,21.5,12.264193,95
