,real_%top,predicted_%top,index
0,92.0,85.893585,1
1,99.95,86.05286,7
2,99.95,85.76311,11
3,34.5,19.52104,24
4,23.5,19.296236,33
5,89.5,85.8696,36
6,31.5,19.202732,39
7,82.0,85.72359,51
8,59.5,86.09789,56
9,81.5,84.967354,70
10,98.5,84.984726,84
