,real_%top,predicted_%top,index
0,91.4,83.52753,3
1,99.0,83.55774,14
2,23.0,18.663437,23
3,98.5,83.58475,25
4,99.0,83.57049,49
5,88.0,83.58758,61
6,91.0,83.44284,65
7,99.5,96.60157,79
8,99.0,96.528984,81
9,48.5,83.43507,93
10,21.5,13.010081,95
