,real_%top,predicted_%top,index
0,92.0,85.53292837129783,2
1,99.95,104.58359045169317,8
2,99.95,89.1986769351711,12
3,34.5,41.85281285644363,25
4,23.5,19.922913683485717,34
5,89.5,93.64586157353888,37
6,31.5,32.06283042545602,40
7,82.0,97.55930895110198,52
8,59.5,74.64524649242477,57
9,81.5,83.57485448342989,71
10,98.5,93.07682714873057,85
