,real_%top,predicted_%top,index
0,91.4,86.38947610368159,3
1,99.0,98.50636349641297,14
2,23.0,24.37643213758966,23
3,98.5,88.277884980492,25
4,99.0,94.13590047870481,49
5,88.0,84.35194165869129,61
6,91.0,82.44075480826167,65
7,99.5,92.64159322652748,79
8,99.0,84.08357829158763,81
9,48.5,71.69590318874225,93
10,21.5,-0.3513554647219195,95
