,real_%top,predicted_%top,index
0,7.0,90.1539,10
1,99.95,90.74612,11
2,97.5,92.129364,19
3,99.0,92.12664,26
4,94.0,90.84607,35
5,99.5,90.85133,37
6,31.5,16.172005,39
7,59.5,92.12381,56
8,96.5,92.141426,60
9,95.5,91.99457,85
