,real_%top,predicted_%top,index
0,99.7,96.4031,6
1,54.0,91.87208,30
2,82.0,96.385185,38
3,15.0,96.15547,41
4,99.5,96.39119,48
5,96.5,96.398506,60
6,85.0,96.42118,64
7,78.0,91.918045,72
8,96.0,96.383934,78
9,39.5,27.04232,92
