,real_%top,predicted_%top,index
0,7.0,5.779526,10
1,99.95,84.163635,11
2,97.5,84.367004,19
3,99.0,84.18681,26
4,94.0,84.37685,35
5,99.5,84.43116,37
6,31.5,5.760762,39
7,59.5,84.30669,56
8,96.5,84.393135,60
9,95.5,95.984825,85
