,real_%top,predicted_%top,index
0,7.0,40.7745926164441,11
1,99.75,97.11321141847932,13
2,99.9,96.94417700968926,18
3,98.5,84.72864235528084,26
4,94.0,87.49178929217662,36
5,99.5,94.24873582931933,41
6,99.5,94.17252753239809,46
7,96.5,88.84858816153212,54
8,62.5,70.01634311140722,56
9,21.5,-5.588659333598557,96
10,22.0,2.1354978609004007,100
