,real_%top,predicted_%top,index
0,91.85,82.65998214917725,2
1,99.75,94.1966560187886,12
2,51.5,90.00219472705245,22
3,64.0,83.29737300315473,32
4,96.5,91.31584677082071,52
5,97.0,87.4177938624755,66
6,99.0,88.80772980640855,75
7,97.0,98.90352885885454,77
8,39.5,73.57821904271995,92
9,30.0,16.520074795428044,96
10,11.0,14.715896730947748,100
