,real_%top,predicted_%top,index
0,93.8,77.41679,8
1,99.3,77.4418,16
2,96.5,77.650475,27
3,99.5,77.449974,47
4,62.0,77.461555,54
5,98.0,77.47723,57
6,98.0,77.46535,62
7,79.0,84.645996,71
8,22.0,76.883,99
9,6.5,74.32002,102
