,real_%top,predicted_%top,index
0,99.95,86.2276,9
1,57.0,86.31597,28
2,10.0,23.77177,31
3,99.5,86.32179,37
4,98.5,86.45175,44
5,62.0,86.33119,54
6,97.0,86.34294,66
7,98.0,85.21937,74
8,45.5,25.271309,88
9,66.5,85.442825,98
