,real_%top,predicted_%top,index
0,93.8,83.03236,8
1,99.3,83.01428,16
2,96.5,86.072655,27
3,99.5,83.431694,47
4,62.0,86.02505,54
5,98.0,86.016,57
6,98.0,85.99908,62
7,79.0,83.10165,71
8,22.0,36.281673,99
9,6.5,36.09793,102
