,real_%top,predicted_%top,index
0,99.0,89.852844,26
1,96.5,89.853905,27
2,99.5,89.8459,47
3,99.0,89.84049,49
4,98.0,89.82533,62
5,81.0,89.798096,73
6,78.0,89.863655,76
7,45.0,24.39688,91
8,11.0,24.176275,100
9,5.0,24.184181,101
