,real_%top,predicted_%top,index
0,82.0,65.84436,38
1,98.5,65.88617,46
2,8.0,65.519005,63
3,85.0,66.035416,64
4,81.5,67.51914,70
5,78.0,63.6504,72
6,98.5,67.62407,84
7,98.0,67.66089,86
8,20.0,65.3308,94
9,9.0,65.47257,97
