,real_%top,predicted_%top,index
0,82.0,98.01269,38
1,98.5,98.01163,46
2,8.0,97.92813,63
3,85.0,98.085266,64
4,81.5,97.987976,70
5,78.0,88.77688,72
6,98.5,98.054344,84
7,98.0,98.05487,86
8,20.0,19.418032,94
9,9.0,19.5031,97
