,real_%top,predicted_%top,index
0,92.15,88.6955625993981,1
1,91.4,85.47832196556102,4
2,93.8,95.58703649669238,9
3,70.5,82.27651777125162,21
4,21.5,15.191545162498343,30
5,83.5,82.56021324642039,51
6,91.0,84.74845718322617,66
7,74.5,86.57271911406689,69
8,99.0,90.50317819053355,76
9,40.0,-5.411912179780856,90
