,real_%top,predicted_%top,index
0,99.95,104.44206765905679,4
1,99.5,91.79840955368529,40
2,99.5,89.07460368620102,48
3,98.0,102.13026887274975,74
4,96.0,94.89945217770962,78
5,21.0,32.19503956949072,80
6,98.5,95.10227479073656,82
7,63.0,68.30438020345285,87
8,44.5,68.23284590794316,90
9,66.5,83.39208999288368,98
