,real_%top,predicted_%top,index
0,99.95,95.60276259538603,4
1,99.5,95.09016400316946,40
2,99.5,95.14105838627829,48
3,98.0,95.10251009013525,74
4,96.0,93.83784285124172,78
5,21.0,21.232076481677982,80
6,98.5,95.10251009013525,82
7,63.0,74.7666124862754,87
8,44.5,74.77872359738653,90
9,66.5,97.34879923460583,98
