,real_%top,predicted_%top,index
0,92.15,75.0977927489368,1
1,91.4,72.66846607259187,4
2,93.8,89.01919674517481,9
3,70.5,79.02535686145823,21
4,21.5,20.155773165677598,30
5,83.5,73.45171074238286,51
6,91.0,90.49529398131075,66
7,74.5,97.10509617534586,69
8,99.0,75.34912096977446,76
9,40.0,23.295388969400015,90
