,real_%top,predicted_%top,index
0,99.95,98.03537644927614,9
1,98.5,98.0966240951562,15
2,99.5,100.75923695699878,34
3,89.5,94.17110515241755,36
4,15.0,35.98397960647798,41
5,83.5,76.82102117508146,50
6,96.5,88.8242266464331,53
7,62.5,72.9113917848627,55
8,95.5,79.2969038200215,58
9,40.0,8.112082566621936,89
