,real_%top,predicted_%top,index
0,98.0,96.35299898189545,14
1,86.5,85.95502872347755,22
2,23.0,22.685372807647724,24
3,98.5,92.01451165611878,47
4,96.5,88.90353760226762,53
5,98.0,89.6573989080005,58
6,97.5,82.02285736325025,68
7,97.0,99.61583521243475,78
8,21.0,33.27255449300141,81
9,95.5,94.47278416354611,86
