,real_%top,predicted_%top,index
0,99.95,95.35244426157992,4
1,99.5,91.52259797424799,40
2,99.5,96.91741662720018,48
3,98.0,92.63474729951419,74
4,96.0,95.79081438422685,78
5,21.0,20.454237413730063,80
6,98.5,92.04745114428052,82
7,63.0,77.60549962688458,87
8,44.5,77.78083653164647,90
9,66.5,94.14382326288906,98
