,real_%top,predicted_%top,index
0,92.15,69.46507307346074,1
1,91.4,82.65010640818159,4
2,93.8,97.23406322374518,9
3,70.5,92.05561170849704,21
4,21.5,23.66368665132596,30
5,83.5,82.08188052254759,51
6,91.0,93.40668663799072,66
7,74.5,96.51649448215463,69
8,99.0,85.95291475625767,76
9,40.0,21.800481099932924,90
