,real_%top,predicted_%top,index
0,71.0,83.62889251083669,19
1,97.5,97.34758484081276,20
2,51.5,93.19848180046864,23
3,64.0,77.2065977004205,33
4,95.5,87.36791715159843,59
5,68.5,89.59324881413522,60
6,8.0,20.644232850482855,64
7,63.0,62.3530349421412,88
8,20.0,24.289172383172385,95
9,9.0,19.07828991841492,98
