,real_%top,predicted_%top,index
0,99.7,89.70690357142854,7
1,54.0,75.89629166666664,31
2,82.0,87.58032619047613,39
3,15.0,16.045095238095236,42
4,99.5,98.83919761904764,49
5,96.5,92.23136309523808,61
6,85.0,90.09527658730158,65
7,78.0,83.00295833333331,73
8,96.0,92.03493928571424,79
9,39.5,52.00793452380951,93
