,real_%top,predicted_%top,index
0,7.0,20.14736309523809,10
1,99.95,92.07224345238097,11
2,97.5,90.07611190476189,19
3,99.0,80.64244047619046,26
4,94.0,86.41516428571431,35
5,99.5,92.71879880952385,37
6,31.5,21.765517857142864,39
7,59.5,64.43422619047618,56
8,96.5,91.07032023809525,60
9,95.5,96.94377380952378,85
