,real_%top,predicted_%top,index
0,99.95,93.49285714285715,4
1,99.5,94.4730769230769,40
2,99.5,94.4730769230769,48
3,98.0,93.49285714285715,74
4,96.0,94.4730769230769,78
5,21.0,16.062500000000036,80
6,98.5,81.54642857142855,82
7,63.0,44.33333333333333,87
8,44.5,44.33333333333333,90
9,66.5,94.4730769230769,98
