,real_%top,predicted_%top,index
0,99.7,98.90463361470883,7
1,54.0,87.38981768743959,31
2,82.0,90.91760243352483,39
3,15.0,28.263872354715055,42
4,99.5,92.46621700298164,49
5,96.5,87.95409126537174,61
6,85.0,77.2184890243454,65
7,78.0,88.30525328459036,73
8,96.0,91.8330380306756,79
9,39.5,71.01368265792036,93
