,real_%top,predicted_%top,index
0,7.0,38.084174928425114,10
1,99.95,92.47909977512167,11
2,97.5,86.13366361414974,19
3,99.0,73.95699606900165,26
4,94.0,87.94184718835747,35
5,99.5,97.51391974867934,37
6,31.5,32.07147598595973,39
7,59.5,74.69958594116956,56
8,96.5,89.07839062033577,60
9,95.5,92.53305536733818,85
