,real_%top,predicted_%top,index
0,99.0,84.59213433245675,27
1,96.5,91.3797665144088,28
2,99.5,95.38460321967764,48
3,99.0,95.39122821967766,50
4,98.0,87.19739259080922,63
5,81.0,77.30964267468212,74
6,78.0,96.48033692118852,77
7,45.0,71.03498783479594,92
8,11.0,22.267350162908986,101
9,5.0,21.73728991759874,102
