,real_%top,predicted_%top,index
0,82.0,91.08907204878456,38
1,98.5,94.71586717032967,46
2,8.0,24.450588490349514,63
3,85.0,85.02561931285094,64
4,81.5,72.63535009342651,70
5,78.0,67.79718988835383,72
6,98.5,96.16183653805774,84
7,98.0,96.16183653805774,86
8,20.0,21.541673717622253,94
9,9.0,21.312876278949812,97
