,real_%top,predicted_%top,index
0,99.95,80.87329,9
1,98.5,80.86897,15
2,99.5,80.88023,34
3,89.5,81.07225,36
4,15.0,79.59867,41
5,83.5,84.48967,50
6,96.5,84.38927,53
7,62.5,79.821846,55
8,95.5,80.91006,58
9,40.0,81.105804,89
