,real_%top,predicted_%top,index
0,98.0,86.61465,13
1,86.5,86.755844,21
2,23.0,32.20565,23
3,98.5,86.60981,46
4,96.5,86.64599,52
5,98.0,86.59164,57
6,97.5,86.610916,67
7,97.0,86.66705,77
8,21.0,85.8608,80
9,95.5,86.67378,85
