,real_%top,predicted_%top,index
0,99.95,88.58859,9
1,98.5,88.60652,15
2,99.5,88.71851,34
3,89.5,88.72358,36
4,15.0,87.923965,41
5,83.5,88.7317,50
6,96.5,88.523834,53
7,62.5,75.56416,55
8,95.5,88.496056,58
9,40.0,43.433075,89
