,real_%top,predicted_%top,index
0,7.0,40.619877,10
1,99.95,80.893585,11
2,97.5,80.94471,19
3,99.0,80.89222,26
4,94.0,80.93549,35
5,99.5,80.929855,37
6,31.5,40.595184,39
7,59.5,81.09537,56
8,96.5,80.962006,60
9,95.5,94.43935,85
