,real_%top,predicted_%top,index
0,99.7,84.24894,6
1,54.0,73.761635,30
2,82.0,84.187,38
3,15.0,83.705925,41
4,99.5,84.230354,48
5,96.5,84.21966,60
6,85.0,84.238014,64
7,78.0,73.77393,72
8,96.0,84.15746,78
9,39.5,29.152048,92
