,real_%top,predicted_%top,index
0,7.0,83.65959,10
1,99.95,83.660866,11
2,97.5,83.71592,19
3,99.0,83.68312,26
4,94.0,83.7226,35
5,99.5,83.77545,37
6,31.5,28.221485,39
7,59.5,83.74731,56
8,96.5,83.7673,60
9,95.5,83.64832,85
