,real_%top,predicted_%top,index
0,99.95,94.871673902234,9
1,98.5,97.14767897054602,15
2,99.5,91.90049837745404,34
3,89.5,91.43952307254204,36
4,15.0,20.709772468809792,41
5,83.5,79.99357617739936,50
6,96.5,90.85450623915236,53
7,62.5,72.84350964058761,55
8,95.5,77.0095243624301,58
9,40.0,22.448298112384915,89
