,real_%top,predicted_%top,index
0,99.7,98.25241227200902,7
1,54.0,78.63140448197777,31
2,82.0,88.26518352511451,39
3,15.0,31.063581753865833,42
4,99.5,90.72274073286864,49
5,96.5,88.21409624562035,61
6,85.0,77.77555984572749,65
7,78.0,83.31767275389394,73
8,96.0,93.39926401959792,79
9,39.5,67.23830173512495,93
