,real_%top,predicted_%top,index
0,7.0,48.996753732195636,10
1,99.95,93.58590538602975,11
2,97.5,86.25032463215146,19
3,99.0,74.60769432193733,26
4,94.0,84.60567061156553,35
5,99.5,92.46834623687593,37
6,31.5,29.436329589831892,39
7,59.5,76.18556273152006,56
8,96.5,88.45499344557369,60
9,95.5,95.51112146977344,85
