,real_%top,predicted_%top,index
0,99.95,85.59565,9
1,57.0,85.575424,28
2,10.0,18.515644,31
3,99.5,85.59856,37
4,98.5,85.68512,44
5,62.0,85.568565,54
6,97.0,85.59712,66
7,98.0,85.27302,74
8,45.5,18.522736,88
9,66.5,85.55934,98
