,real_%top,predicted_%top,index
0,93.8,91.23806,8
1,99.3,91.232056,16
2,96.5,91.348495,27
3,99.5,91.22743,47
4,62.0,91.32185,54
5,98.0,91.336296,57
6,98.0,91.326775,62
7,79.0,91.28454,71
8,22.0,19.95902,99
9,6.5,20.070518,102
