,real_%top,predicted_%top,index
0,93.8,71.53744,8
1,99.3,74.88497,16
2,96.5,74.66894,27
3,99.5,74.872314,47
4,62.0,74.300476,54
5,98.0,74.364624,57
6,98.0,74.41991,62
7,79.0,87.49203,71
8,22.0,30.50358,99
9,6.5,12.126399,102
