,real_%top,predicted_%top,index
0,91.85,84.99287111637972,3
1,98.5,96.859609695962,16
2,88.0,84.33738533912373,62
3,95.5,84.34740256981999,70
4,79.0,80.09363030405287,72
5,99.5,91.72578939587109,80
6,98.5,92.12647862372113,84
7,98.0,91.87604785631486,87
8,44.5,67.69045049498396,91
9,30.0,17.612077853044184,97
