,real_%top,predicted_%top,index
0,91.85,86.76953125,2
1,99.75,96.23828125,12
2,51.5,88.27734375,22
3,64.0,81.4296875,32
4,96.5,89.61328125,52
5,97.0,87.421875,66
6,99.0,87.54296875,75
7,97.0,98.68359375,77
8,39.5,74.76953125,92
9,30.0,15.45703125,96
10,11.0,16.671875,100
