,real_%top,predicted_%top,index
0,71.0,77.74451315629577,19
1,97.5,94.17345447327325,20
2,51.5,92.44887877892998,23
3,64.0,58.085141289315494,33
4,95.5,91.02628163384715,59
5,68.5,84.6222615273648,60
6,8.0,15.799293746355303,64
7,63.0,45.343738042098124,88
8,20.0,19.803802238696893,95
9,9.0,4.065652434988038,98
