,real_%top,predicted_%top,index
0,92.15,86.9903413072871,1
1,91.4,83.16619600044076,4
2,93.8,95.35606819350727,9
3,70.5,78.53516293104519,21
4,21.5,19.734405952173447,30
5,83.5,76.56234285185104,51
6,91.0,83.74199165250054,66
7,74.5,84.21870842335919,69
8,99.0,88.54564219660088,76
9,40.0,6.971542844283491,90
