,real_%top,predicted_%top,index
0,99.95,106.75199080914908,4
1,99.5,93.11822834003195,40
2,99.5,91.73870672335535,48
3,98.0,104.40837669038244,74
4,96.0,95.0037459738573,78
5,21.0,33.03016094266824,80
6,98.5,96.53401810856968,82
7,63.0,63.22411511970131,87
8,44.5,63.18788525906132,90
9,66.5,81.05884324293758,98
