,real_%top,predicted_%top,index
0,92.0,76.91740296547711,1
1,99.95,97.00308653817585,7
2,86.5,94.93078680327022,21
3,10.0,22.774014339826834,31
4,97.0,81.61676260581737,43
5,99.5,93.47489977726518,45
6,82.0,95.0052802869795,51
7,68.5,94.9983663670888,59
8,78.0,96.5418821845101,76
9,45.5,21.287395750083252,88
10,5.0,19.386568244255745,101
