,real_%top,predicted_%top,index
0,99.95,100.29192462523595,9
1,98.5,98.98046559220413,15
2,99.5,100.07179230056848,34
3,89.5,77.82586010798987,36
4,15.0,16.087872341106493,41
5,83.5,64.74937800946866,50
6,96.5,93.68754128301364,53
7,62.5,54.05262784796914,55
8,95.5,92.54347523423982,58
9,40.0,43.834779812221186,89
