,real_%top,predicted_%top,index
0,98.0,99.3941704049651,14
1,86.5,86.04762564136787,22
2,23.0,17.245037789579936,24
3,98.5,99.39007766664295,47
4,96.5,97.01321567582936,53
5,98.0,94.33206832356497,58
6,97.5,94.05913329297996,68
7,97.0,93.20292436224919,78
8,21.0,15.127767467308264,81
9,95.5,97.48815702311182,86
