,real_%top,predicted_%top,index
0,99.95,104.0114255957655,4
1,99.5,91.85526644784447,40
2,99.5,88.80842955565228,48
3,98.0,101.46269050438356,74
4,96.0,96.12522939870632,78
5,21.0,32.3648983324517,80
6,98.5,94.53035460691542,82
7,63.0,68.29938998637478,87
8,44.5,68.21937204779195,90
9,66.5,84.09421948315888,98
