,real_%top,predicted_%top,index
0,92.15,87.3897756786773,1
1,91.4,87.51958625957026,4
2,93.8,97.21085364588387,9
3,70.5,81.21515604070343,21
4,21.5,13.018365879687622,30
5,83.5,81.42379983784575,51
6,91.0,84.04209268809342,66
7,74.5,86.42430406355085,69
8,99.0,89.41487909422416,76
9,40.0,-5.7947703944429065,90
