,real_%top,predicted_%top,index
0,91.4,92.63755457563522,3
1,99.0,99.38206919528398,14
2,23.0,15.807797617314295,23
3,98.5,53.70653455385218,25
4,99.0,94.12218161178868,49
5,88.0,95.9221382301956,61
6,91.0,88.81393987372232,65
7,99.5,96.82465004729771,79
8,99.0,90.71446539415349,81
9,48.5,42.34280762624303,93
10,21.5,18.36422960182681,95
