,real_%top,predicted_%top,index
0,92.15,92.90477371993292,0
1,98.0,98.50366933754783,13
2,99.9,98.24532549410166,17
3,71.0,84.93937863904925,18
4,34.5,33.657566715950345,24
5,21.5,16.926892584550846,29
6,98.5,95.74194036529792,44
7,74.5,97.08624477758305,68
8,81.0,81.93420226781681,73
9,45.0,47.25344229473891,91
