,real_%top,predicted_%top,index
0,71.0,81.57764402843547,19
1,97.5,94.67186580730365,20
2,51.5,94.86144968903648,23
3,64.0,63.56921855470564,33
4,95.5,84.13413449270683,59
5,68.5,86.94324001931881,60
6,8.0,20.944770007405964,64
7,63.0,46.05672745395297,88
8,20.0,13.530332426854192,95
9,9.0,6.500331349832773,98
