,real_%top,predicted_%top,index
0,92.15,91.12037248667562,0
1,98.0,97.63120903823945,13
2,99.9,95.26652344201922,17
3,71.0,76.66706002657091,18
4,34.5,18.62944168090093,24
5,21.5,18.95284916265675,29
6,98.5,96.57601620547355,44
7,74.5,96.99999890860514,68
8,81.0,79.04274859405133,73
9,45.0,45.484907908518785,91
