,real_%top,predicted_%top,index
0,99.95,103.64082180640821,10
1,57.0,59.983765708990084,29
2,10.0,19.670500132213615,32
3,99.5,93.82354854490342,38
4,98.5,92.87711820353131,45
5,62.0,57.59420686109483,55
6,97.0,74.85463160128538,67
7,98.0,97.22819975261478,75
8,45.5,24.365779660305304,89
9,66.5,68.85974321427211,99
