,real_%top,predicted_%top,index
0,93.8,81.36833332333684,8
1,99.3,99.51337104117684,16
2,96.5,92.95184295286823,27
3,99.5,99.16199538992007,47
4,62.0,53.89808530040595,54
5,98.0,94.4677136654688,57
6,98.0,90.66503575630534,62
7,79.0,75.65129859036514,71
8,22.0,13.63311476236389,99
9,6.5,6.833299833404649,102
