,real_%top,predicted_%top,index
0,92.15,87.81953470208703,0
1,98.0,99.73121086724579,13
2,99.9,99.13028124959637,17
3,71.0,68.45481132690189,18
4,34.5,36.976295262876704,24
5,21.5,21.158793612126146,29
6,98.5,88.67226772852868,44
7,74.5,86.67341584014522,68
8,81.0,82.36156955747326,73
9,45.0,65.00934155534539,91
