,real_%top,predicted_%top,index
0,71.0,78.22549976252951,19
1,97.5,95.56114066625398,20
2,51.5,88.03585625127249,23
3,64.0,83.24238554816421,33
4,95.5,80.63566142182411,59
5,68.5,87.44918022298398,60
6,8.0,23.855473412053186,64
7,63.0,67.40332023490228,88
8,20.0,6.364422647360996,95
9,9.0,17.041064965907083,98
