,real_%top,predicted_%top,index
0,92.0,87.25831099372648,1
1,99.95,94.66030211188138,7
2,86.5,91.1885257331927,21
3,10.0,24.59541812835581,31
4,97.0,91.48912462461799,43
5,99.5,98.59416256466011,45
6,82.0,90.17186990185891,51
7,68.5,87.92693592150263,59
8,78.0,96.92254989457467,76
9,45.5,28.384330681249537,88
10,5.0,7.454594548680988,101
