,real_%top,predicted_%top,index
0,99.95,102.65486926799382,5
1,98.45,81.68664448065451,6
2,99.0,99.3892385122633,15
3,99.3,100.24334950395742,17
4,99.5,104.58063189581614,35
5,36.5,20.120777036135348,43
6,97.0,94.01909263045418,44
7,99.0,91.74462622585624,82
8,98.5,97.04983673758025,83
9,48.5,45.26551024260315,94
10,6.5,5.764364096819563,103
