,real_%top,predicted_%top,index
0,91.85,77.76767867972964,2
1,99.75,94.69821127920503,12
2,51.5,94.1019324685277,22
3,64.0,75.04506085539428,32
4,96.5,93.95512185463126,52
5,97.0,95.74975906049524,66
6,99.0,79.07817038891193,75
7,97.0,93.03856251072669,77
8,39.5,78.52572288934186,92
9,30.0,20.219653335558633,96
10,11.0,20.219653335558633,100
