,real_%top,predicted_%top,index
0,99.0,84.92402709538484,27
1,96.5,89.96910994540589,28
2,99.5,91.33196283536721,48
3,99.0,90.93633696124134,50
4,98.0,85.1614536917331,63
5,81.0,77.73889677765045,74
6,78.0,97.19542868507943,77
7,45.0,69.27391891826782,92
8,11.0,22.81240033525985,101
9,5.0,22.495108973843493,102
