,real_%top,predicted_%top,index
0,82.0,95.59328309057217,38
1,98.5,97.4399811145253,46
2,8.0,21.821975372666557,63
3,85.0,80.08679143009766,64
4,81.5,66.72055595238098,70
5,78.0,64.88568232045735,72
6,98.5,93.27370395579436,84
7,98.0,93.2579372891277,86
8,20.0,22.288467888320838,94
9,9.0,20.78563394448689,97
