,real_%top,predicted_%top,index
0,91.85,87.21738552991303,2
1,99.75,97.8857689429092,12
2,51.5,86.90814381034973,22
3,64.0,81.16505429406551,32
4,96.5,89.94757536724313,52
5,97.0,83.30924301961683,66
6,99.0,87.94876335198323,75
7,97.0,100.17183061076835,77
8,39.5,66.50125299519686,92
9,30.0,14.916887254375226,96
10,11.0,16.145833368779577,100
