,real_%top,predicted_%top,index
0,7.0,41.668847074131065,11
1,99.75,99.01823429439278,13
2,99.9,97.55973036368117,18
3,98.5,74.73057638996033,26
4,94.0,84.40595715159239,36
5,99.5,89.373590277474,41
6,99.5,89.33041756959516,46
7,96.5,90.52562494903273,54
8,62.5,71.55470417028266,56
9,21.5,3.9437158285921328,96
10,22.0,7.246261707887172,100
