,real_%top,predicted_%top,index
0,99.95,102.49119348521218,4
1,99.5,87.29728703547981,40
2,99.5,98.26739010442978,48
3,98.0,95.86264167701805,74
4,96.0,99.78398353262901,78
5,21.0,23.030854248588952,80
6,98.5,97.91383043182795,82
7,63.0,43.521672228532694,87
8,44.5,44.21711569997696,90
9,66.5,42.90107550790045,98
