,real_%top,predicted_%top,index
0,82.0,83.69320491654652,38
1,98.5,100.63233013364501,46
2,8.0,17.936187562393023,63
3,85.0,99.20058368551777,64
4,81.5,85.57225317497985,70
5,78.0,76.92036557471678,72
6,98.5,98.43379126349079,84
7,98.0,95.90570261566215,86
8,20.0,24.4945904163566,94
9,9.0,2.6624943662914253,97
