,real_%top,predicted_%top,index
0,99.0,73.016623541588,27
1,96.5,86.0214727547431,28
2,99.5,98.30840566138211,48
3,99.0,93.15231049471805,50
4,98.0,93.00047385499224,63
5,81.0,77.70547825173321,74
6,78.0,91.98647366756948,77
7,45.0,41.85375864547781,92
8,11.0,26.902871094091445,101
9,5.0,7.53974709832143,102
