,real_%top,predicted_%top,index
0,91.85,69.1547464324027,3
1,98.5,98.0073678190572,16
2,88.0,92.40555103662274,62
3,95.5,92.40555103662274,70
4,79.0,83.50805570760286,72
5,99.5,98.0073678190572,80
6,98.5,98.0073678190572,84
7,98.0,98.0073678190572,87
8,44.5,69.1547464324027,91
9,30.0,19.440469542609073,97
