,real_%top,predicted_%top,index
0,98.45,97.35615950482854,5
1,99.7,83.7906200555729,6
2,70.5,97.8453201605025,20
3,57.0,84.90848933493122,28
4,54.0,80.35247716907976,30
5,23.5,20.187197810899352,33
6,36.5,26.81637512254128,42
7,97.5,91.63745281988217,67
8,95.5,91.63745281988217,69
9,98.5,97.92593437647058,83
