,real_%top,predicted_%top,index
0,71.0,80.20324285714284,19
1,97.5,95.00090238095241,20
2,51.5,89.11155476190477,23
3,64.0,64.5547630952381,33
4,95.5,86.20816666666667,59
5,68.5,90.42910714285716,60
6,8.0,20.78270634920636,64
7,63.0,52.21314285714284,88
8,20.0,22.242749999999997,95
9,9.0,16.945111111111114,98
