,real_%top,predicted_%top,index
0,92.15,77.40361821789323,0
1,98.0,98.5036091991342,13
2,99.9,98.59359491341989,17
3,71.0,81.24994837662337,18
4,34.5,29.330547619047607,24
5,21.5,21.33380357142857,29
6,98.5,94.77236904761905,44
7,74.5,96.54944047619045,68
8,81.0,66.81116309523811,73
9,45.0,52.57741071428573,91
