,real_%top,predicted_%top,index
0,91.85,67.66026430331796,3
1,98.5,97.62205092754466,16
2,88.0,87.24501920212143,62
3,95.5,90.42860521284273,70
4,79.0,76.84514460773573,72
5,99.5,92.20150259930128,80
6,98.5,93.12171944079311,84
7,98.0,92.86132254879621,87
8,44.5,66.45557912504162,91
9,30.0,16.581175690855044,97
