,real_%top,predicted_%top,index
0,98.45,93.62550779053464,5
1,99.7,92.3941798968845,6
2,70.5,91.17109477369034,20
3,57.0,79.47319023754024,28
4,54.0,75.96384257548003,30
5,23.5,21.427962634609116,33
6,36.5,26.086457160916144,42
7,97.5,92.2339327034077,67
8,95.5,91.49652517313605,69
9,98.5,96.1693153289113,83
