,real_%top,predicted_%top,index
0,99.0,71.01579619347618,27
1,96.5,80.82823017734304,28
2,99.5,91.89687662424714,48
3,99.0,92.47160739012457,50
4,98.0,84.341844802642,63
5,81.0,80.84045778643105,74
6,78.0,96.38332447824239,77
7,45.0,62.16582880179064,92
8,11.0,21.477280775244026,101
9,5.0,20.976743269618296,102
