,real_%top,predicted_%top,index
0,82.0,92.0460925584123,38
1,98.5,88.16558561837212,46
2,8.0,23.947787723197408,63
3,85.0,77.16888735697756,64
4,81.5,86.63977996636399,70
5,78.0,84.32967090276401,72
6,98.5,91.8405890543658,84
7,98.0,94.21498939980707,86
8,20.0,7.499334582669192,94
9,9.0,19.57587526030025,97
