,real_%top,predicted_%top,index
0,99.95,99.9390756648321,9
1,98.5,99.9390756648321,15
2,99.5,84.07997467406541,34
3,89.5,78.51694723802761,36
4,15.0,31.258683762438856,41
5,83.5,88.88053832034903,50
6,96.5,104.04469304895409,53
7,62.5,73.8619775120116,55
8,95.5,83.3091491999433,58
9,40.0,3.2543842811742962,89
