,real_%top,predicted_%top,index
0,98.0,86.38030303030305,14
1,86.5,86.38030303030305,22
2,23.0,19.357142857142833,24
3,98.5,86.38030303030305,47
4,96.5,86.38030303030305,53
5,98.0,86.38030303030305,58
6,97.5,86.38030303030305,68
7,97.0,86.38030303030305,78
8,21.0,19.35714285714269,81
9,95.5,86.38030303030305,86
