,real_%top,predicted_%top,index
0,99.0,87.94080286303179,27
1,96.5,89.34921554422313,28
2,99.5,97.90499592266822,48
3,99.0,97.98381064822048,50
4,98.0,92.46022378038626,63
5,81.0,79.08853455882353,74
6,78.0,94.06464819647799,77
7,45.0,63.46855671203795,92
8,11.0,24.175014226077504,101
9,5.0,17.146037452850727,102
