,real_%top,predicted_%top,index
0,82.0,75.19877018496426,38
1,98.5,96.97343211886366,46
2,8.0,20.949063034961256,63
3,85.0,89.30131820148804,64
4,81.5,74.34072792620391,70
5,78.0,63.61720458912429,72
6,98.5,95.41358856919221,84
7,98.0,95.49387428347792,86
8,20.0,24.71245744610566,94
9,9.0,20.960769939168163,97
