,real_%top,predicted_%top,index
0,92.0,77.48269027312558,2
1,99.95,94.15796423329203,8
2,99.95,91.59803400033056,12
3,34.5,20.86323848700319,25
4,23.5,23.348910946488154,34
5,89.5,67.77383708048485,37
6,31.5,20.46331403645374,40
7,82.0,73.76924771290801,52
8,59.5,83.66214386365272,57
9,81.5,71.68469421501702,71
10,98.5,94.60211950819652,85
