,real_%top,predicted_%top,index
0,92.15,90.90020976315743,0
1,98.0,99.34306164436623,13
2,99.9,98.97865880251224,17
3,71.0,74.83940628684154,18
4,34.5,22.65744663126192,24
5,21.5,15.43777465307432,29
6,98.5,96.75378176960069,44
7,74.5,97.04279536981339,68
8,81.0,81.124395724151,73
9,45.0,47.33031313786919,91
