,real_%top,predicted_%top,index
0,71.0,84.91206038092254,19
1,97.5,92.31390278020638,20
2,51.5,88.96886565831515,23
3,64.0,60.464191757584175,33
4,95.5,92.37755734254308,59
5,68.5,86.34008045520228,60
6,8.0,23.388054589084287,64
7,63.0,45.23416930619634,88
8,20.0,24.789144439553123,95
9,9.0,6.731705102981673,98
