,real_%top,predicted_%top,index
0,7.0,25.071844404798025,10
1,99.95,100.60670362776364,11
2,97.5,85.3476626915009,19
3,99.0,91.30946173741249,26
4,94.0,89.17905034008547,35
5,99.5,93.11063186629762,37
6,31.5,15.002999027215777,39
7,59.5,70.10269718500757,56
8,96.5,94.10961815062169,60
9,95.5,98.52615793071075,85
