,real_%top,predicted_%top,index
0,99.7,102.90598785993683,7
1,54.0,59.444963649530145,31
2,82.0,99.44557559755766,39
3,15.0,31.45326938303685,42
4,99.5,98.42972617914705,49
5,96.5,91.01458964577806,61
6,85.0,99.98347907698769,65
7,78.0,79.65612012886925,73
8,96.0,99.51839346156211,79
9,39.5,48.22033068636201,93
