,real_%top,predicted_%top,index
0,92.0,87.06196733428845,2
1,99.95,99.1557624277763,8
2,99.95,97.00264097825452,12
3,34.5,35.653123402231515,25
4,23.5,20.546735046648493,34
5,89.5,85.94939469212314,37
6,31.5,15.053411449435481,40
7,82.0,91.35672603864495,52
8,59.5,66.43068431032006,57
9,81.5,87.71366527220985,71
10,98.5,96.60417139452503,85
