,real_%top,predicted_%top,index
0,92.0,77.74302628417625,1
1,99.95,95.72737617607947,7
2,86.5,94.03252316361043,21
3,10.0,20.513991717311306,31
4,97.0,79.6330854432079,43
5,99.5,95.11126775603186,45
6,82.0,94.09516564968527,51
7,68.5,92.95815589304429,59
8,78.0,97.3291868365481,76
9,45.5,20.483644179432517,88
10,5.0,20.483644179432517,101
