,real_%top,predicted_%top,index
0,92.15,93.31586320431595,0
1,98.0,98.59107877137632,13
2,99.9,96.7603026906182,17
3,71.0,89.54505389255844,18
4,34.5,19.736785389568823,24
5,21.5,11.415419425007496,29
6,98.5,97.77327114345297,44
7,74.5,96.96308805206161,68
8,81.0,78.14996903010896,73
9,45.0,45.09322973913961,91
