,real_%top,predicted_%top,index
0,92.15,84.93529421277789,1
1,91.4,82.73789069634425,4
2,93.8,94.87195015196538,9
3,70.5,84.28710558234168,21
4,21.5,20.8880041986162,30
5,83.5,79.07527728053088,51
6,91.0,84.99561568808865,66
7,74.5,86.321901766275,69
8,99.0,88.74068893843166,76
9,40.0,3.736650641915574,90
