,real_%top,predicted_%top,index
0,7.0,31.045353583715013,11
1,99.75,99.94603172856289,13
2,99.9,98.75013668868692,18
3,98.5,83.14542969506986,26
4,94.0,89.15135392690833,36
5,99.5,83.14542969506986,41
6,99.5,83.40975800702442,46
7,96.5,101.37577260537897,54
8,62.5,47.96585908279897,56
9,21.5,13.106655949120421,96
10,22.0,20.01120985611466,100
