,real_%top,predicted_%top,index
0,91.85,81.69545454545452,2
1,99.75,81.69545454545452,12
2,51.5,95.29599999999998,22
3,64.0,81.69545454545452,32
4,96.5,95.29599999999998,52
5,97.0,95.29599999999998,66
6,99.0,94.59999999999998,75
7,97.0,95.29599999999998,77
8,39.5,50.83333333333333,92
9,30.0,12.875000000000025,96
10,11.0,16.750000000000036,100
