,real_%top,predicted_%top,index
0,91.85,73.49987930019022,2
1,99.75,99.312980567458,12
2,51.5,98.43379641974734,22
3,64.0,55.51855572260244,32
4,96.5,93.87705476197459,52
5,97.0,97.71623833436814,66
6,99.0,98.00121597544148,75
7,97.0,94.59595438168101,77
8,39.5,48.25556849310649,92
9,30.0,9.007484301562979,96
10,11.0,15.360339105369906,100
