,real_%top,predicted_%top,index
0,7.0,24.910015390975595,11
1,99.75,99.30861721996831,13
2,99.9,99.90583603380328,18
3,98.5,84.0803962441481,26
4,94.0,78.75849842162194,36
5,99.5,82.09095318358654,41
6,99.5,91.17986199576053,46
7,96.5,98.04631710640983,54
8,62.5,58.897224160573,56
9,21.5,12.18733518386924,96
10,22.0,11.702755527485698,100
