,real_%top,predicted_%top,index
0,99.95,101.56478892617064,4
1,99.5,84.85939115103812,40
2,99.5,98.8284484740774,48
3,98.0,96.99749973812087,74
4,96.0,98.80497347926001,78
5,21.0,29.593624658139657,80
6,98.5,97.21158745427,82
7,63.0,48.125645248399415,87
8,44.5,44.00757746694332,90
9,66.5,50.241756830830624,98
