,real_%top,predicted_%top,index
0,92.0,85.50316212556622,2
1,99.95,102.72068630482353,8
2,99.95,89.1548765506744,12
3,34.5,38.38312186086631,25
4,23.5,14.490906755879806,34
5,89.5,93.01971162958615,37
6,31.5,26.79894495408297,40
7,82.0,98.09044595663224,52
8,59.5,72.78756238330071,57
9,81.5,85.51918743939787,71
10,98.5,94.34760832677455,85
