,real_%top,predicted_%top,index
0,91.4,83.9007017184451,3
1,99.0,96.20698812782749,14
2,23.0,20.095379687848677,23
3,98.5,84.10418593906724,25
4,99.0,89.90713346899213,49
5,88.0,84.70106271698907,61
6,91.0,84.61703521076515,65
7,99.5,94.51482722637998,79
8,99.0,84.24221593191497,81
9,48.5,62.33527813217178,93
10,21.5,-1.692396372840392,95
