,real_%top,predicted_%top,index
0,7.0,98.09964,10
1,99.75,98.17343,12
2,99.9,98.15481,17
3,98.5,98.15688,25
4,94.0,98.1427,35
5,99.5,98.156235,40
6,99.5,98.15756,45
7,96.5,98.180046,53
8,62.5,97.97681,55
9,21.5,24.750216,95
10,22.0,24.998041,99
