,real_%top,predicted_%top,index
0,91.85,42.626133,2
1,99.75,90.03978,12
2,51.5,89.85386,22
3,64.0,90.01037,32
4,96.5,89.94179,52
5,97.0,89.91861,66
6,99.0,89.91124,75
7,97.0,89.90343,77
8,39.5,28.472021,92
9,30.0,17.863249,96
10,11.0,18.599005,100
