,real_%top,predicted_%top,index
0,91.85,56.85814,2
1,99.75,75.76786,12
2,51.5,75.83758,22
3,64.0,75.80119,32
4,96.5,86.66102,52
5,97.0,75.864494,66
6,99.0,87.41878,75
7,97.0,87.41785,77
8,39.5,75.78733,92
9,30.0,66.493454,96
10,11.0,71.44937,100
