,real_%top,predicted_%top,index
0,7.0,13.085799258895928,11
1,99.75,98.24883310486379,13
2,99.9,98.98803134247534,18
3,98.5,88.80253167022592,26
4,94.0,86.83781867077481,36
5,99.5,100.67154101473174,41
6,99.5,97.98503956183733,46
7,96.5,97.63422366558297,54
8,62.5,77.65684010932104,56
9,21.5,10.245860689044349,96
10,22.0,14.820319987471386,100
