,real_%top,predicted_%top,index
0,91.85,90.42624697007525,2
1,99.75,104.58646205209794,12
2,51.5,84.98835268552773,22
3,64.0,60.9689981539117,32
4,96.5,99.36355124888976,52
5,97.0,74.83980677257992,66
6,99.0,93.17149477017155,75
7,97.0,95.15056381238699,77
8,39.5,47.83562182684361,92
9,30.0,20.105860928221965,96
10,11.0,25.737570985641174,100
