,real_%top,predicted_%top,index
0,93.8,94.2720493601249,8
1,99.3,98.08382002603523,16
2,96.5,81.51963376387755,27
3,99.5,92.55085037582765,47
4,62.0,75.65527634802298,54
5,98.0,89.62812483081905,57
6,98.0,87.4738956318311,62
7,79.0,82.02091814544193,71
8,22.0,5.735750021817196,99
9,6.5,15.816203283826738,102
