,real_%top,predicted_%top,index
0,99.95,102.16962729757253,10
1,57.0,85.22301667213344,29
2,10.0,2.1699283495212143,32
3,99.5,95.09502756592168,38
4,98.5,93.88530014634803,45
5,62.0,81.12961031133396,55
6,97.0,85.06683668133185,67
7,98.0,98.31359216886939,75
8,45.5,-19.531447095078292,89
9,66.5,100.45430025852825,99
