,real_%top,predicted_%top,index
0,99.95,93.57907902412644,9
1,98.5,97.76449823855833,15
2,99.5,89.97815837415548,34
3,89.5,89.93929169724686,36
4,15.0,20.977374019146964,41
5,83.5,77.24160280219546,50
6,96.5,90.32243643091104,53
7,62.5,74.46462682022702,55
8,95.5,75.70090340570314,58
9,40.0,22.01709468017749,89
