,real_%top,predicted_%top,index
0,99.7,86.34490119047618,7
1,54.0,70.73857539682538,31
2,82.0,84.68520238095239,39
3,15.0,12.541051587301586,42
4,99.5,98.6952,49
5,96.5,92.6876001984127,61
6,85.0,85.93666190476193,65
7,78.0,78.23941547619047,73
8,96.0,89.32830476190476,79
9,39.5,54.91500396825395,93
