,real_%top,predicted_%top,index
0,7.0,13.902226190476192,10
1,99.95,93.87456250000005,11
2,97.5,94.9551206349206,19
3,99.0,78.34446792929295,26
4,94.0,84.02681376262628,35
5,99.5,90.8395873015873,37
6,31.5,22.788345238095253,39
7,59.5,64.59295833333334,56
8,96.5,90.71931785714285,60
9,95.5,98.06642658730159,85
