,real_%top,predicted_%top,index
0,98.0,103.180292760233,14
1,86.5,89.47554912971412,22
2,23.0,23.238924918254988,24
3,98.5,99.20790661525665,47
4,96.5,98.44977550626858,53
5,98.0,95.45385510181134,58
6,97.5,96.99015180004028,68
7,97.0,97.72949121601147,78
8,21.0,1.072137920607544,81
9,95.5,98.34802513520201,86
