,real_%top,predicted_%top,index
0,99.95,93.68333333333332,9
1,98.5,93.68333333333332,15
2,99.5,94.42499999999998,34
3,89.5,83.51666666666665,36
4,15.0,17.000000000000043,41
5,83.5,83.51666666666665,50
6,96.5,84.11785714285713,53
7,62.5,84.11785714285713,55
8,95.5,94.42499999999998,58
9,40.0,35.50000000000005,89
