,real_%top,predicted_%top,index
0,92.0,85.42506168983051,2
1,99.95,104.81316503677482,8
2,99.95,87.6858498509405,12
3,34.5,39.18509475265352,25
4,23.5,14.573659127683555,34
5,89.5,92.53662141369688,37
6,31.5,27.48031901192479,40
7,82.0,97.56576754423423,52
8,59.5,72.20688499462086,57
9,81.5,86.51686376040219,71
10,98.5,94.18738440014016,85
