,real_%top,predicted_%top,index
0,91.4,83.5338447281508,3
1,99.0,95.90578756445089,14
2,23.0,20.297297181451853,23
3,98.5,81.74771071372173,25
4,99.0,90.32016535200815,49
5,88.0,84.71017404807029,61
6,91.0,85.42072524855053,65
7,99.5,92.60781399376305,79
8,99.0,82.90906788634386,81
9,48.5,63.75003866475632,93
10,21.5,2.2282572455008705,95
