,real_%top,predicted_%top,index
0,99.95,93.1181281070909,9
1,98.5,97.92200388502255,15
2,99.5,100.187099971426,34
3,89.5,81.11613575461804,36
4,15.0,30.96695017929799,41
5,83.5,72.66924316440551,50
6,96.5,101.21344855676529,53
7,62.5,54.50259317133837,55
8,95.5,89.12466531683238,58
9,40.0,39.52780209667893,89
