,real_%top,predicted_%top,index
0,71.0,70.85047259124424,19
1,97.5,90.31559643636211,20
2,51.5,84.72864235528084,23
3,64.0,81.94720493838788,33
4,95.5,81.39698943633537,59
5,68.5,88.61982395797432,60
6,8.0,28.85981140646191,64
7,63.0,64.52502130535818,88
8,20.0,-1.329236235564295,95
9,9.0,12.54893352847229,98
