,real_%top,predicted_%top,index
0,92.15,86.10499718648255,0
1,98.0,96.05202692187162,13
2,99.9,98.09974046598018,17
3,71.0,79.25325916987894,18
4,34.5,45.96691525122527,24
5,21.5,17.270220146987143,29
6,98.5,91.28706822716576,44
7,74.5,87.9494118018114,68
8,81.0,84.2671742746528,73
9,45.0,72.3653425589018,91
