,real_%top,predicted_%top,index
0,98.45,97.7572418995204,5
1,99.7,89.67246760424479,6
2,70.5,87.8477897442152,20
3,57.0,64.35540375699132,28
4,54.0,65.41604270229026,30
5,23.5,11.2587490046047,33
6,36.5,20.19204331973971,42
7,97.5,92.52036650823722,67
8,95.5,93.96356771059124,69
9,98.5,92.27032061121349,83
