,real_%top,predicted_%top,index
0,91.85,89.51927693796958,3
1,98.5,97.85563984031485,16
2,88.0,82.39577168706784,62
3,95.5,96.95491079651711,70
4,79.0,68.5343916275048,72
5,99.5,95.80511974652845,80
6,98.5,91.11483832489417,84
7,98.0,95.77308467906178,87
8,44.5,61.55697786250715,91
9,30.0,32.181927551390935,97
