,real_%top,predicted_%top,index
0,99.95,95.00772258477896,9
1,98.5,98.64360870151094,15
2,99.5,92.96132995892995,34
3,89.5,90.95250073537571,36
4,15.0,21.967194304899607,41
5,83.5,80.35606979299723,50
6,96.5,93.94183588494836,53
7,62.5,66.56203827647026,55
8,95.5,83.1546894271986,58
9,40.0,22.49697304005334,89
