,real_%top,predicted_%top,index
0,98.0,96.01584008769007,14
1,86.5,88.38537352908531,22
2,23.0,23.34362176092106,24
3,98.5,93.12375477300482,47
4,96.5,87.33731308079176,53
5,98.0,91.3933464844796,58
6,97.5,91.1113094266845,68
7,97.0,94.39267756850994,78
8,21.0,23.65321315563744,81
9,95.5,96.14044075116064,86
