,real_%top,predicted_%top,index
0,82.0,86.53079804044324,38
1,98.5,87.96544679396057,46
2,8.0,30.836382761039985,63
3,85.0,81.23379474027715,64
4,81.5,83.30909401409778,70
5,78.0,76.9893050916474,72
6,98.5,91.72370135400489,84
7,98.0,96.69472435538944,86
8,20.0,5.9750024624757145,94
9,9.0,24.896765809869166,97
