,real_%top,predicted_%top,index
0,99.95,100.12959618426673,4
1,99.5,87.46629779685699,40
2,99.5,100.43895952184515,48
3,98.0,95.60451375631679,74
4,96.0,99.07574640264937,78
5,21.0,25.646410826302347,80
6,98.5,96.48965473483649,82
7,63.0,49.533578825110304,87
8,44.5,49.44203276495562,90
9,66.5,43.347672465292725,98
