,real_%top,predicted_%top,index
0,92.0,93.52125157458258,1
1,99.95,99.42096188147809,7
2,86.5,92.38692377401435,21
3,10.0,22.200216975986887,31
4,97.0,96.47473957095526,43
5,99.5,99.11479858777703,45
6,82.0,89.14624135667404,51
7,68.5,93.23798959802248,59
8,78.0,97.09696587330535,76
9,45.5,23.186607383021048,88
10,5.0,8.888261822380201,101
