,real_%top,predicted_%top,index
0,99.95,95.73474033039332,4
1,99.5,91.6871226542249,40
2,99.5,95.30537894376866,48
3,98.0,91.65351315343149,74
4,96.0,94.67789791903357,78
5,21.0,21.283301770125306,80
6,98.5,91.7037841885647,82
7,63.0,70.34119347311184,87
8,44.5,70.41639676981515,90
9,66.5,95.49562226769618,98
