,real_%top,predicted_%top,index
0,92.15,65.80012081807077,1
1,91.4,75.93949435523628,4
2,93.8,93.81085605620515,9
3,70.5,91.16112786809423,21
4,21.5,22.280908822236416,30
5,83.5,74.92561545064413,51
6,91.0,94.06236577609269,66
7,74.5,96.87889764693722,69
8,99.0,88.66175987443928,76
9,40.0,21.147869186798754,90
