,real_%top,predicted_%top,index
0,99.95,98.9008788575182,4
1,99.5,83.26380820809058,40
2,99.5,98.21087143896702,48
3,98.0,96.16709992762038,74
4,96.0,98.56780205359065,78
5,21.0,27.969395359581284,80
6,98.5,96.89044082249288,82
7,63.0,43.984114242079684,87
8,44.5,44.846430015620484,90
9,66.5,41.7229664312251,98
