,real_%top,predicted_%top,index
0,92.0,86.8637273995657,1
1,99.95,102.72757982437285,7
2,86.5,85.60060767825622,21
3,10.0,17.745715811755403,31
4,97.0,89.28729943041225,43
5,99.5,95.64173943414951,45
6,82.0,97.0511400512678,51
7,68.5,86.71895157830879,59
8,78.0,96.7890674201113,76
9,45.5,-16.817993508505566,88
10,5.0,17.410618188891007,101
