,real_%top,predicted_%top,index
0,99.95,106.68455738694789,4
1,99.5,102.14219090879654,40
2,99.5,98.62081567018895,48
3,98.0,99.55774900303348,74
4,96.0,91.82733691434191,78
5,21.0,19.800507094356018,80
6,98.5,97.95769151276451,82
7,63.0,47.06789533054781,87
8,44.5,46.60285851613888,90
9,66.5,101.04105992618699,98
