,real_%top,predicted_%top,index
0,92.15,91.49234715444325,1
1,91.4,90.12796592929313,4
2,93.8,95.377757221831,9
3,70.5,94.09797722339431,21
4,21.5,21.11301087673052,30
5,83.5,65.1485267632956,51
6,91.0,93.14240532558954,66
7,74.5,96.93095459676253,69
8,99.0,93.9713780991222,76
9,40.0,44.33639060929561,90
