,real_%top,predicted_%top,index
0,91.85,58.742259760645844,2
1,99.75,103.4358488269552,12
2,51.5,92.84272271947361,22
3,64.0,64.37618842844911,32
4,96.5,100.49139208645651,52
5,97.0,96.5042004841088,66
6,99.0,88.85008136722298,75
7,97.0,84.2542112335806,77
8,39.5,48.829782284562896,92
9,30.0,8.602645188967381,96
10,11.0,22.671556440431864,100
