,real_%top,predicted_%top,index
0,7.0,13.81211390431916,11
1,99.75,96.95355545899669,13
2,99.9,99.29719576573461,18
3,98.5,94.64174823498185,26
4,94.0,90.0878965385466,36
5,99.5,99.0510320122659,41
6,99.5,98.95941210411853,46
7,96.5,95.10090463286664,54
8,62.5,77.40002494714216,56
9,21.5,12.46606339915946,96
10,22.0,22.05219752833668,100
