,real_%top,predicted_%top,index
0,93.8,83.34297,8
1,99.3,94.33918,16
2,96.5,92.106155,27
3,99.5,94.246124,47
4,62.0,70.81886,54
5,98.0,94.15241,57
6,98.0,94.215225,62
7,79.0,90.05399,71
8,22.0,20.230576,99
9,6.5,9.256921,102
