,real_%top,predicted_%top,index
0,93.8,84.01338,8
1,99.3,84.04485,16
2,96.5,83.42934,27
3,99.5,83.927086,47
4,62.0,83.35597,54
5,98.0,83.48479,57
6,98.0,83.59068,62
7,79.0,83.54526,71
8,22.0,22.881662,99
9,6.5,22.787046,102
