,real_%top,predicted_%top,index
0,99.95,88.25731,9
1,57.0,88.23686,28
2,10.0,26.050531,31
3,99.5,88.25481,37
4,98.5,88.280174,44
5,62.0,88.23408,54
6,97.0,88.2527,66
7,98.0,88.253494,74
8,45.5,26.23198,88
9,66.5,88.27168,98
