,real_%top,predicted_%top,index
0,93.8,84.01371,8
1,99.3,84.044624,16
2,96.5,83.429596,27
3,99.5,83.92679,47
4,62.0,83.35625,54
5,98.0,83.48505,57
6,98.0,83.590935,62
7,79.0,83.54554,71
8,22.0,22.881174,99
9,6.5,22.786545,102
