,real_%top,predicted_%top,index
0,99.0,90.16124654913936,27
1,96.5,98.51782864065645,28
2,99.5,92.18672023967332,48
3,99.0,92.18672023967332,50
4,98.0,92.32940812428053,63
5,81.0,80.40678642750153,74
6,78.0,78.98822789993704,77
7,45.0,43.98365109173867,92
8,11.0,22.44323171792993,101
9,5.0,23.357395125489713,102
