,real_%top,predicted_%top,index
0,82.0,94.03392857142858,38
1,98.5,94.03392857142858,46
2,8.0,17.714285714285733,63
3,85.0,83.61785714285713,64
4,81.5,84.84583333333332,70
5,78.0,84.84583333333332,72
6,98.5,94.03392857142858,84
7,98.0,94.03392857142858,86
8,20.0,21.75000000000002,94
9,9.0,17.714285714285733,97
