,real_%top,predicted_%top,index
0,7.0,22.439424857072044,11
1,99.75,93.27401713021993,13
2,99.9,96.84864248791759,18
3,98.5,92.97598019814177,26
4,94.0,81.97470113154154,36
5,99.5,92.037518733235,41
6,99.5,94.05213034497851,46
7,96.5,92.96618864710172,54
8,62.5,83.0477237284772,56
9,21.5,22.19042975903283,96
10,22.0,22.19042975903283,100
