,real_%top,predicted_%top,index
0,98.45,95.20234156184944,5
1,99.7,100.43661675199442,6
2,70.5,76.58671508989805,20
3,57.0,84.0462507749336,28
4,54.0,81.5641639305547,30
5,23.5,22.595464068577186,33
6,36.5,60.61728125469109,42
7,97.5,84.39694355877738,67
8,95.5,85.30121359678924,69
9,98.5,92.07122429929831,83
