,real_%top,predicted_%top,index
0,91.85,88.70944881480173,3
1,98.5,97.54993902727847,16
2,88.0,82.92899836531502,62
3,95.5,83.38315159852525,70
4,79.0,83.79588023637538,72
5,99.5,93.13866165165074,80
6,98.5,93.45733992171087,84
7,98.0,93.25816600292329,87
8,44.5,69.61596570898585,91
9,30.0,14.882372028307415,97
