,real_%top,predicted_%top,index
0,99.95,101.32609505960475,5
1,98.45,95.24605635323957,6
2,99.0,98.59807415727768,15
3,99.3,99.47953629237021,17
4,99.5,102.43806287052136,35
5,36.5,32.784541762975344,43
6,97.0,92.58554771927616,44
7,99.0,92.87722871769788,82
8,98.5,95.40251352923993,83
9,48.5,43.973656539958206,94
10,6.5,10.30148421202551,103
