,real_%top,predicted_%top,index
0,92.0,87.78767548622335,1
1,99.95,96.19978268725988,7
2,86.5,94.84394410260356,21
3,10.0,23.7143977658336,31
4,97.0,93.57474039780845,43
5,99.5,94.52981919908788,45
6,82.0,97.68135939592781,51
7,68.5,94.83102665831912,59
8,78.0,97.55481057650452,76
9,45.5,19.426434118347345,88
10,5.0,11.769917320988798,101
