,real_%top,predicted_%top,index
0,99.95,104.60687533304495,10
1,57.0,63.65191275863127,29
2,10.0,19.83654677771802,32
3,99.5,81.64286624654754,38
4,98.5,93.7723014900604,45
5,62.0,64.36855236421398,55
6,97.0,74.50001590916038,67
7,98.0,102.91799685207938,75
8,45.5,19.41727226411488,89
9,66.5,65.56430159055954,99
