,real_%top,predicted_%top,index
0,93.8,92.69822683449596,8
1,99.3,100.32909431228077,16
2,96.5,97.37654006298497,27
3,99.5,98.21440052350097,47
4,62.0,58.08722241333482,54
5,98.0,89.74683120851743,57
6,98.0,91.76959344262809,62
7,79.0,78.52560457178716,71
8,22.0,13.817886272165044,99
9,6.5,5.67703292107675,102
