,real_%top,predicted_%top,index
0,99.95,100.74869314956727,9
1,98.5,98.27478706424588,15
2,99.5,105.13701612074343,34
3,89.5,82.82220614804505,36
4,15.0,25.530620608008707,41
5,83.5,72.47624600446241,50
6,96.5,97.042609781268,53
7,62.5,55.05134973432822,55
8,95.5,90.60603695959188,58
9,40.0,46.5980630772348,89
