,real_%top,predicted_%top,index
0,98.0,99.73066816136118,14
1,86.5,87.75395484402945,22
2,23.0,17.743162680958626,24
3,98.5,98.06555722558768,47
4,96.5,100.6594277738511,53
5,98.0,92.87319245196306,58
6,97.5,87.79505120638922,68
7,97.0,101.83982264154601,78
8,21.0,35.84660053145685,81
9,95.5,97.02945654896958,86
