,real_%top,predicted_%top,index
0,92.0,89.39539427925529,2
1,99.95,101.49683520072905,8
2,99.95,102.39689114401985,12
3,34.5,33.11790500050622,25
4,23.5,23.458040385231907,34
5,89.5,76.7607373742244,37
6,31.5,20.568028530005265,40
7,82.0,84.42270863359819,52
8,59.5,62.43052245965631,57
9,81.5,83.70279086993855,71
10,98.5,95.95802333819887,85
