,real_%top,predicted_%top,index
0,91.4,87.87295126733734,3
1,99.0,99.0202665019031,14
2,23.0,29.80427391166523,23
3,98.5,98.459813249385,25
4,99.0,99.71661576322533,49
5,88.0,74.7404174665042,61
6,91.0,98.59150493380818,65
7,99.5,97.53921644034214,79
8,99.0,90.67423169548955,81
9,48.5,45.42853877935299,93
10,21.5,10.993968203560513,95
