,real_%top,predicted_%top,index
0,99.7,88.70737394091867,7
1,54.0,62.678897477064524,31
2,82.0,86.25735655495285,39
3,15.0,13.565137696994272,42
4,99.5,98.66677072498908,49
5,96.5,96.99390951898798,61
6,85.0,92.75045965551462,65
7,78.0,80.666592419271,73
8,96.0,86.79419195649254,79
9,39.5,48.43549061931238,93
