,real_%top,predicted_%top,index
0,7.0,22.8918496648258,10
1,99.95,100.9426469294925,11
2,97.5,97.3947663498947,19
3,99.0,87.41495373984935,26
4,94.0,89.36297436915069,35
5,99.5,84.79464880339722,37
6,31.5,23.533623845553354,39
7,59.5,63.64219716927024,56
8,96.5,87.57931316375432,60
9,95.5,98.44643352673778,85
