,real_%top,predicted_%top,index
0,99.7,87.87411028899301,7
1,54.0,84.30943593971155,31
2,82.0,87.90626857877272,39
3,15.0,20.597129654567834,42
4,99.5,96.68613041314197,49
5,96.5,85.93678977305804,61
6,85.0,81.02645657196673,65
7,78.0,79.53352695252786,73
8,96.0,87.11793634065762,79
9,39.5,73.63761938192722,93
