,real_%top,predicted_%top,index
0,7.0,22.189056447567292,10
1,99.95,82.53428098426217,11
2,97.5,89.75859373907365,19
3,99.0,80.03586857746312,26
4,94.0,81.84203564983551,35
5,99.5,89.29590350332039,37
6,31.5,22.03472609042443,39
7,59.5,76.38441473203905,56
8,96.5,87.87653263513631,60
9,95.5,96.61133554110542,85
