,real_%top,predicted_%top,index
0,91.85,87.3138461538461,3
1,98.5,87.3138461538461,16
2,88.0,87.3138461538461,62
3,95.5,87.3138461538461,70
4,79.0,87.3138461538461,72
5,99.5,87.3138461538461,80
6,98.5,87.3138461538461,84
7,98.0,87.3138461538461,87
8,44.5,87.31384615384617,91
9,30.0,17.468750000000185,97
