,real_%top,predicted_%top,index
0,98.45,93.81774182542065,5
1,99.7,89.43441162325715,6
2,70.5,86.48687788620701,20
3,57.0,82.1035476840435,28
4,54.0,79.03609779139074,30
5,23.5,12.603741286405977,33
6,36.5,50.26270623977874,42
7,97.5,85.63567218685185,67
8,95.5,85.63567218685185,69
9,98.5,95.41762250190266,83
