,real_%top,predicted_%top,index
0,92.15,87.1406551743381,1
1,91.4,86.06707432743207,4
2,93.8,95.44075271905037,9
3,70.5,82.64654505726874,21
4,21.5,13.774135073066503,30
5,83.5,81.92979267024593,51
6,91.0,83.63893513324018,66
7,74.5,86.02237685027423,69
8,99.0,90.56576031971666,76
9,40.0,-5.155192497081217,90
