,real_%top,predicted_%top,index
0,93.8,89.85346606776955,8
1,99.3,96.90589640882845,16
2,96.5,91.30330691136822,27
3,99.5,96.88677328826522,47
4,62.0,73.12174645229247,54
5,98.0,91.53793675232835,57
6,98.0,92.32780397127732,62
7,79.0,73.28952188608424,71
8,22.0,21.40280750480357,99
9,6.5,21.268262050258112,102
