,real_%top,predicted_%top,index
0,99.95,98.43401364832037,10
1,57.0,81.6379804545069,29
2,10.0,21.983508217730186,32
3,99.5,95.75460791012328,38
4,98.5,92.8864307559262,45
5,62.0,76.4346200149963,55
6,97.0,94.4210374118115,67
7,98.0,92.68807351342059,75
8,45.5,21.983508217730186,89
9,66.5,97.86362538529342,99
