,real_%top,predicted_%top,index
0,99.95,95.45835935587348,9
1,98.5,96.86793038315369,15
2,99.5,100.40162543020104,34
3,89.5,83.58460883574588,36
4,15.0,29.535665436582267,41
5,83.5,72.13190782062385,50
6,96.5,96.25293750639662,53
7,62.5,58.30876122660031,55
8,95.5,85.94230352265758,58
9,40.0,42.633466016155666,89
