,real_%top,predicted_%top,index
0,91.4,89.44975315769359,3
1,99.0,98.91669638175195,14
2,23.0,31.48643399834102,23
3,98.5,99.32642964419017,25
4,99.0,99.38021615357471,49
5,88.0,82.05218443117913,61
6,91.0,96.2218650115467,65
7,99.5,97.8257600607846,79
8,99.0,93.05964476029631,81
9,48.5,39.28400224661131,93
10,21.5,10.629671219990312,95
