,real_%top,predicted_%top,index
0,92.0,87.47268165583674,2
1,99.95,100.62154287008832,8
2,99.95,100.55054270906508,12
3,34.5,35.6454604579219,25
4,23.5,22.49843790443738,34
5,89.5,78.4540161253697,37
6,31.5,23.356536204310487,40
7,82.0,90.26459539995298,52
8,59.5,63.72418962679813,57
9,81.5,78.80609502895751,71
10,98.5,94.9663444199191,85
