,real_%top,predicted_%top,index
0,99.0,90.12217446578701,27
1,96.5,98.58810324350168,28
2,99.5,98.4540199226415,48
3,99.0,98.4540199226415,50
4,98.0,92.26288985309955,63
5,81.0,76.56916056586178,74
6,78.0,78.77564099723435,77
7,45.0,43.97199548351463,92
8,11.0,21.438880489575297,101
9,5.0,21.076170150778626,102
