,real_%top,predicted_%top,index
0,82.0,93.89599999999999,38
1,98.5,93.89599999999999,46
2,8.0,16.571428571428587,63
3,85.0,82.97666666666665,64
4,81.5,82.89583333333331,70
5,78.0,82.89583333333331,72
6,98.5,93.89599999999999,84
7,98.0,93.89599999999999,86
8,20.0,21.750000000000025,94
9,9.0,16.571428571428587,97
