,real_%top,predicted_%top,index
0,99.95,95.86726564164975,4
1,99.5,91.71474336154571,40
2,99.5,93.04344489666877,48
3,98.0,93.40791689659774,74
4,96.0,93.87006673646366,78
5,21.0,22.115043525139345,80
6,98.5,93.804236634994,82
7,63.0,77.8996076663897,87
8,44.5,77.49022252872214,90
9,66.5,95.56503522300214,98
