,real_%top,predicted_%top,index
0,7.0,20.6314763342682,10
1,99.95,83.47677132437975,11
2,97.5,93.13440193456117,19
3,99.0,83.3688734649679,26
4,94.0,84.10554257753692,35
5,99.5,89.80580013674268,37
6,31.5,20.901988480017188,39
7,59.5,76.70775145935914,56
8,96.5,87.77563073834133,60
9,95.5,95.99800146015068,85
