,real_%top,predicted_%top,index
0,99.7,89.01237586342721,7
1,54.0,80.8301417136481,31
2,82.0,88.95591479962643,39
3,15.0,20.964559660452164,42
4,99.5,96.40621768999873,49
5,96.5,87.95301459188288,61
6,85.0,84.71213079062582,65
7,78.0,77.10302240271876,73
8,96.0,85.91722194062619,79
9,39.5,78.33237973697807,93
