,real_%top,predicted_%top,index
0,91.85,77.11044692548786,2
1,99.75,95.67842705299117,12
2,51.5,94.80835223343443,22
3,64.0,74.87346124622547,32
4,96.5,94.70784962366515,52
5,97.0,92.70516747942163,66
6,99.0,75.57921702183428,75
7,97.0,92.55035661529985,77
8,39.5,70.99681334038806,92
9,30.0,21.329271050339184,96
10,11.0,21.329271050339184,100
