,real_%top,predicted_%top,index
0,99.95,97.49256213451103,10
1,57.0,86.96038597085345,29
2,10.0,20.92026695502858,32
3,99.5,90.99651732945243,38
4,98.5,76.6513192920169,45
5,62.0,86.96038597085345,55
6,97.0,90.99651732945243,67
7,98.0,94.87007299921314,75
8,45.5,20.92026695502858,89
9,66.5,90.99651732945243,99
