,real_%top,predicted_%top,index
0,93.8,97.61958299555022,8
1,99.3,97.61958299555022,16
2,96.5,79.40754874777286,27
3,99.5,92.67435879090368,47
4,62.0,85.83187150954353,54
5,98.0,95.08889500864518,57
6,98.0,92.67435879090368,62
7,79.0,83.70759540707739,71
8,22.0,21.981081671538252,99
9,6.5,21.920884308198982,102
