,real_%top,predicted_%top,index
0,99.95,104.0622310771491,4
1,99.5,101.41115824188228,40
2,99.5,98.48197607661449,48
3,98.0,99.33715301955775,74
4,96.0,92.50288912001213,78
5,21.0,8.886312150635485,80
6,98.5,96.7543652986649,82
7,63.0,52.52141238239663,87
8,44.5,51.608743877871916,90
9,66.5,61.16238190927852,98
