,real_%top,predicted_%top,index
0,92.15,93.19784424199129,1
1,91.4,94.66675228988225,4
2,93.8,84.25026828779765,9
3,70.5,98.23479235578006,21
4,21.5,17.33827809873992,30
5,83.5,69.67736061511782,51
6,91.0,88.05054598728643,66
7,74.5,97.00000346027355,69
8,99.0,93.88598515832126,76
9,40.0,43.43211854548983,90
