,real_%top,predicted_%top,index
0,98.0,100.69753493972128,14
1,86.5,84.64570088745572,22
2,23.0,5.631578059197555,24
3,98.5,99.2343693492685,47
4,96.5,106.57420236109888,53
5,98.0,97.07076239696107,58
6,97.5,90.69815443317864,68
7,97.0,94.3640535636675,78
8,21.0,5.898689092555828,81
9,95.5,97.96185179270717,86
