,real_%top,predicted_%top,index
0,99.95,99.16919921366369,9
1,98.5,97.01395947111166,15
2,99.5,100.36957689115758,34
3,89.5,78.02002698299081,36
4,15.0,13.116932451307921,41
5,83.5,70.07917824141619,50
6,96.5,94.56963967848557,53
7,62.5,51.45646623059908,55
8,95.5,90.21090266009216,58
9,40.0,46.581225329953384,89
