,real_%top,predicted_%top,index
0,92.15,78.19600174762249,1
1,91.4,74.54896450880138,4
2,93.8,91.62389091232346,9
3,70.5,86.05344345601128,21
4,21.5,20.100291186491596,30
5,83.5,74.85255460620397,51
6,91.0,92.07701102625053,66
7,74.5,95.83954517942428,69
8,99.0,81.1161034836894,76
9,40.0,21.042475286119583,90
