,real_%top,predicted_%top,index
0,99.95,92.35352027815493,4
1,99.5,95.09986533929839,40
2,99.5,95.90458362456704,48
3,98.0,90.79997964953347,74
4,96.0,88.7849393748082,78
5,21.0,20.77424420421526,80
6,98.5,90.66425968616352,82
7,63.0,76.13173829461972,87
8,44.5,75.70587765036201,90
9,66.5,96.7642637337449,98
