,real_%top,predicted_%top,index
0,99.7,89.87807023809522,7
1,54.0,73.71610952380952,31
2,82.0,84.99209505772004,39
3,15.0,13.862333333333334,42
4,99.5,97.81867857142855,49
5,96.5,90.3273988095238,61
6,85.0,90.57280436507935,65
7,78.0,78.0912773809524,73
8,96.0,91.85167142857142,79
9,39.5,52.18051190476191,93
