,real_%top,predicted_%top,index
0,7.0,21.13095833333334,10
1,99.95,94.16778452380952,11
2,97.5,86.5466880952381,19
3,99.0,79.31487023809521,26
4,94.0,89.44878095238097,35
5,99.5,90.24878809523811,37
6,31.5,21.46364285714286,39
7,59.5,66.30027857142855,56
8,96.5,87.70751309523808,60
9,95.5,97.2776615079365,85
