,real_%top,predicted_%top,index
0,91.4,89.9963641220932,3
1,99.0,99.01551500894766,14
2,23.0,2.366687797921396,23
3,98.5,84.71294192648976,25
4,99.0,92.80751195046605,49
5,88.0,80.83438635042639,61
6,91.0,96.6030113153587,65
7,99.5,98.29657628389137,79
8,99.0,91.39290624321484,81
9,48.5,42.03864505926704,93
10,21.5,20.222625565505606,95
