,real_%top,predicted_%top,index
0,7.0,23.47446798470026,10
1,99.95,99.35620231203077,11
2,97.5,94.02141895254798,19
3,99.0,73.83755539031519,26
4,94.0,94.83866073724022,35
5,99.5,100.0713521271083,37
6,31.5,15.015842265355777,39
7,59.5,66.5778778387407,56
8,96.5,95.04899469283701,60
9,95.5,98.7803801654981,85
