,real_%top,predicted_%top,index
0,99.7,64.04688016751322,7
1,54.0,75.67335343117512,31
2,82.0,85.40063719589692,39
3,15.0,8.500043658647774,42
4,99.5,98.6083396549934,49
5,96.5,97.39239827603961,61
6,85.0,95.93658501505936,65
7,78.0,77.00412284925115,73
8,96.0,88.0455449623692,79
9,39.5,49.10416514895907,93
