,real_%top,predicted_%top,index
0,91.85,88.28120296611,3
1,98.5,98.9157914064273,16
2,88.0,97.90543477732781,62
3,95.5,99.04500406452232,70
4,79.0,83.47348742092102,72
5,99.5,96.0869779126252,80
6,98.5,91.44870385910502,84
7,98.0,95.45505524484433,87
8,44.5,62.48134331798714,91
9,30.0,8.99338784314423,97
