,real_%top,predicted_%top,index
0,98.45,97.12136084891482,5
1,99.7,87.72447148761029,6
2,70.5,96.66097308824129,20
3,57.0,71.78181952651455,28
4,54.0,73.51246407595161,30
5,23.5,20.63288335690523,33
6,36.5,28.16482041043096,42
7,97.5,91.5077611161815,67
8,95.5,93.01641374797846,69
9,98.5,95.86206199781874,83
