,real_%top,predicted_%top,index
0,82.0,98.9963269868496,38
1,98.5,99.98447317158083,46
2,8.0,35.76438388490741,63
3,85.0,97.72661035939007,64
4,81.5,93.45532384047333,70
5,78.0,79.92295632886601,72
6,98.5,98.30518063112223,84
7,98.0,95.5892561911817,86
8,20.0,25.570527134662505,94
9,9.0,27.545881412829715,97
