,real_%top,predicted_%top,index
0,7.0,42.594678857199135,10
1,99.95,88.4851551059285,11
2,97.5,85.85030704961524,19
3,99.0,67.80432249464207,26
4,94.0,87.05318553734755,35
5,99.5,99.46942603678875,37
6,31.5,34.71010486107809,39
7,59.5,72.95071346772187,56
8,96.5,94.27779112137452,60
9,95.5,93.09088154951189,85
