,real_%top,predicted_%top,index
0,99.7,99.75785678577896,7
1,54.0,82.67768234084633,31
2,82.0,90.35669861740563,39
3,15.0,28.836818034476366,42
4,99.5,90.83808915936662,49
5,96.5,89.3556397101477,61
6,85.0,77.17277557359544,65
7,78.0,87.58850544343711,73
8,96.0,95.26752171999641,79
9,39.5,69.40707129168446,93
