,real_%top,predicted_%top,index
0,7.0,34.237603906174904,10
1,99.95,88.05615044325452,11
2,97.5,84.9214892998572,19
3,99.0,67.04859157626252,26
4,94.0,87.50771625523818,35
5,99.5,100.26095846033299,37
6,31.5,28.499408045683914,39
7,59.5,72.9342493740206,56
8,96.5,94.08775104920801,60
9,95.5,95.56079904874915,85
