,real_%top,predicted_%top,index
0,99.7,98.74769588436132,7
1,54.0,83.6406462244459,31
2,82.0,91.5201470492552,39
3,15.0,29.745321365395597,42
4,99.5,95.64484677338783,49
5,96.5,89.48630984695637,61
6,85.0,77.08107944956433,65
7,78.0,83.97307401349404,73
8,96.0,91.85257483830334,79
9,39.5,71.98906562350588,93
