,real_%top,predicted_%top,index
0,99.0,66.21730799171065,27
1,96.5,74.27978036594635,28
2,99.5,88.51509964841647,48
3,99.0,87.31090094329247,50
4,98.0,85.27044559291653,63
5,81.0,83.78949676315567,74
6,78.0,97.39801388759149,77
7,45.0,64.26255620229362,92
8,11.0,16.352161098880842,101
9,5.0,17.364248326963732,102
