,real_%top,predicted_%top,index
0,98.45,96.60637420634922,5
1,99.7,97.24008373015877,6
2,70.5,94.50501825396823,20
3,57.0,71.50392857142856,28
4,54.0,71.45334761904763,30
5,23.5,21.726499999999998,33
6,36.5,17.721488095238097,42
7,97.5,93.24057142857141,67
8,95.5,93.18533333333333,69
9,98.5,96.1897777777778,83
