,real_%top,predicted_%top,index
0,93.8,94.00878282928967,8
1,99.3,97.47908201271775,16
2,96.5,81.7333446858397,27
3,99.5,94.98321533940081,47
4,62.0,76.40122699556565,54
5,98.0,91.80764989743328,57
6,98.0,88.52748677144064,62
7,79.0,83.74790443419572,71
8,22.0,10.372865335791417,99
9,6.5,20.402089047668937,102
