,real_%top,predicted_%top,index
0,99.95,102.6127357503108,10
1,57.0,84.53086574663942,29
2,10.0,7.1919820455851635,32
3,99.5,96.52209538896979,38
4,98.5,94.51410268586945,45
5,62.0,78.65155392985707,55
6,97.0,85.45366580849473,67
7,98.0,98.64244968033483,75
8,45.5,-17.93646761571914,89
9,66.5,97.5352849623052,99
