,real_%top,predicted_%top,index
0,91.4,93.38817380604945,3
1,99.0,98.62171348705111,14
2,23.0,11.762882828863384,23
3,98.5,83.06090080145009,25
4,99.0,93.89153290171159,49
5,88.0,78.80657865016325,61
6,91.0,84.97272701179682,65
7,99.5,98.75850813574077,79
8,99.0,92.02007261284395,81
9,48.5,40.79890205569715,93
10,21.5,10.167418389121798,95
