,real_%top,predicted_%top,index
0,92.0,89.93415074308835,2
1,99.95,98.84838346684066,8
2,99.95,102.43823523244006,12
3,34.5,18.012253777746814,25
4,23.5,22.876940395865994,34
5,89.5,79.53351557239634,37
6,31.5,29.774812514254524,40
7,82.0,84.03500010475263,52
8,59.5,67.18402681877194,57
9,81.5,93.70404841773747,71
10,98.5,98.344120044569,85
