,real_%top,predicted_%top,index
0,99.95,104.98950308170302,5
1,98.45,93.142320693729,6
2,99.0,99.77310511874703,15
3,99.3,100.41213155935256,17
4,99.5,108.80300666015124,35
5,36.5,20.66780649522561,43
6,97.0,82.4092379214098,44
7,99.0,96.0187870422987,82
8,98.5,102.30209898910478,83
9,48.5,42.112741366002595,94
10,6.5,6.473756116473534,103
