,real_%top,predicted_%top,index
0,98.45,92.97441703145185,5
1,99.7,98.44441270193086,6
2,70.5,85.84717363727164,20
3,57.0,86.8467354326585,28
4,54.0,88.2450006670543,30
5,23.5,20.237083840390355,33
6,36.5,54.20282470529995,42
7,97.5,82.1951583793933,67
8,95.5,82.50393910245234,69
9,98.5,91.64264961746595,83
