,real_%top,predicted_%top,index
0,99.95,93.96985899597266,5
1,98.45,88.96322244217983,6
2,99.0,97.86570265382625,15
3,99.3,97.86570265382625,17
4,99.5,92.95856221654809,35
5,36.5,21.239594798175684,43
6,97.0,81.18528787499264,44
7,99.0,76.3651137609123,82
8,98.5,91.36085122753498,83
9,48.5,71.07787584915086,94
10,6.5,19.193371618577505,103
