,real_%top,predicted_%top,index
0,92.0,78.69619965173715,1
1,99.95,96.23551372287844,7
2,86.5,93.83241774163446,21
3,10.0,23.116650745904426,31
4,97.0,80.77584534287094,43
5,99.5,94.70918378359687,45
6,82.0,93.77890051049957,51
7,68.5,92.41673008866134,59
8,78.0,97.4835670463116,76
9,45.5,22.942077069580755,88
10,5.0,19.85881910532278,101
