,real_%top,predicted_%top,index
0,92.15,92.0840592698243,1
1,91.4,93.78194826869861,4
2,93.8,99.92545376706462,9
3,70.5,95.53507220430369,21
4,21.5,15.805553979679166,30
5,83.5,74.86965261234842,51
6,91.0,92.77579031450942,66
7,74.5,96.99119520252405,69
8,99.0,100.30012814029679,76
9,40.0,44.986769029607125,90
