,real_%top,predicted_%top,index
0,91.85,66.63055010667438,2
1,99.75,94.08570612789985,12
2,51.5,91.71623270826393,22
3,64.0,71.90718735969915,32
4,96.5,96.12965379946853,52
5,97.0,91.69618271605844,66
6,99.0,88.54961328944752,75
7,97.0,90.5366902298682,77
8,39.5,64.99004432079357,92
9,30.0,16.543830613035922,96
10,11.0,21.60456492733273,100
