,real_%top,predicted_%top,index
0,7.0,20.580006822496912,11
1,99.75,93.69331535796721,13
2,99.9,98.79611566342153,18
3,98.5,96.4311881202947,26
4,94.0,87.31619615662117,36
5,99.5,94.78651955630151,41
6,99.5,96.21141980050179,46
7,96.5,95.6365844412532,54
8,62.5,62.792942227848854,56
9,21.5,24.383065506868093,96
10,22.0,22.74018112735871,100
