,real_%top,predicted_%top,index
0,99.7,82.70779527863077,7
1,54.0,58.09455595645308,31
2,82.0,83.09585616969754,39
3,15.0,9.333340284716387,42
4,99.5,99.12884322140742,49
5,96.5,90.8051330555775,61
6,85.0,100.12289815950403,65
7,78.0,77.52597342343219,73
8,96.0,91.28657512520797,79
9,39.5,47.50047682627843,93
