,real_%top,predicted_%top,index
0,91.85,73.17821674882497,3
1,98.5,96.63641848860863,16
2,88.0,87.61154840056241,62
3,95.5,93.3006113520553,70
4,79.0,72.96260263310752,72
5,99.5,92.6812354891498,80
6,98.5,91.802850730118,84
7,98.0,91.87107722584447,87
8,44.5,73.06580522991679,91
9,30.0,19.119244628446854,97
