,real_%top,predicted_%top,index
0,98.45,86.70125215266567,5
1,99.7,90.83903066147059,6
2,70.5,86.5527012489641,20
3,57.0,79.77055061567796,28
4,54.0,80.61954284856789,30
5,23.5,20.081331802119767,33
6,36.5,20.768363052119764,42
7,97.5,91.81173123062736,67
8,95.5,91.60832573024538,69
9,98.5,93.67465559894197,83
