,real_%top,predicted_%top,index
0,92.0,80.59427440476189,2
1,99.95,97.17503214285716,8
2,99.95,93.03844821428575,12
3,34.5,26.588874999999998,25
4,23.5,20.532476190476185,34
5,89.5,90.30620158730159,37
6,31.5,24.139624999999995,40
7,82.0,87.42344682539681,52
8,59.5,64.14416666666666,57
9,81.5,79.34719166666665,71
10,98.5,97.39937619047618,85
