,real_%top,predicted_%top,index
0,91.85,87.70086724840175,2
1,99.75,96.71818804279799,12
2,51.5,89.0725603213667,22
3,64.0,85.41367802169486,32
4,96.5,92.21454802318465,52
5,97.0,82.15048153937212,66
6,99.0,88.979518969663,75
7,97.0,94.98042843207448,77
8,39.5,62.561050861363036,92
9,30.0,15.18607593802058,96
10,11.0,13.08375499147084,100
