,real_%top,predicted_%top,index
0,99.7,94.14380208766818,7
1,54.0,79.29111990623868,31
2,82.0,82.88699384212481,39
3,15.0,9.159205687139805,42
4,99.5,99.7147241596083,49
5,96.5,96.18024920653512,61
6,85.0,100.84730120036379,65
7,78.0,81.46727938767484,73
8,96.0,88.8702852168149,79
9,39.5,48.331095720702464,93
