,real_%top,predicted_%top,index
0,7.0,18.798388113589038,10
1,99.95,102.92916797206888,11
2,97.5,93.4839451189554,19
3,99.0,86.68620031512984,26
4,94.0,83.83417318638728,35
5,99.5,91.07215033509857,37
6,31.5,16.19772266153121,39
7,59.5,68.039995974336,56
8,96.5,87.23148742643772,60
9,95.5,97.41958643869934,85
