,real_%top,predicted_%top,index
0,99.95,97.68216565119573,10
1,57.0,88.16771342774317,29
2,10.0,17.1834617851885,32
3,99.5,99.62096230637393,38
4,98.5,95.95832487248899,45
5,62.0,77.29313002534523,55
6,97.0,84.56885266798776,67
7,98.0,99.48214680821161,75
8,45.5,-14.01400399236499,89
9,66.5,89.35788202364996,99
