,real_%top,predicted_%top,index
0,93.8,97.26906492115172,8
1,99.3,98.97054166291036,16
2,96.5,73.50734301551415,27
3,99.5,90.88585323850367,47
4,62.0,75.90530009329322,54
5,98.0,88.72466692910608,57
6,98.0,86.55186006816626,62
7,79.0,85.61163892191783,71
8,22.0,11.30155768556402,99
9,6.5,19.065350941811744,102
