,real_%top,predicted_%top,index
0,92.0,84.96707620899605,2
1,99.95,104.09609065733459,8
2,99.95,88.80014860921182,12
3,34.5,39.90763917853248,25
4,23.5,15.790943107996327,34
5,89.5,92.63942952721806,37
6,31.5,28.125343826741137,40
7,82.0,98.04748353773984,52
8,59.5,73.78850608842284,57
9,81.5,85.68757850809976,71
10,98.5,94.2746376012175,85
