,real_%top,predicted_%top,index
0,91.4,84.55795255221979,3
1,99.0,97.55766854360067,14
2,23.0,22.33803425620212,23
3,98.5,83.3761040242872,25
4,99.0,93.42317351926182,49
5,88.0,83.94063539815066,61
6,91.0,83.71680323679863,65
7,99.5,92.96778931374696,79
8,99.0,84.44731509987922,81
9,48.5,61.32048456296093,93
10,21.5,3.489521365322119,95
