,real_%top,predicted_%top,index
0,99.95,100.6716102544095,9
1,98.5,99.91011346247961,15
2,99.5,98.80034536362876,34
3,89.5,94.32932997895986,36
4,15.0,37.72464951974195,41
5,83.5,76.17481605409701,50
6,96.5,85.88175016883709,53
7,62.5,68.83658652747677,55
8,95.5,79.812506837499,58
9,40.0,8.051219058869677,89
