,real_%top,predicted_%top,index
0,93.8,97.31494466260048,8
1,99.3,97.31494466260048,16
2,96.5,78.81135952775098,27
3,99.5,90.57349895463632,47
4,62.0,85.01601849135635,54
5,98.0,94.78410522317887,57
6,98.0,90.57349895463632,62
7,79.0,86.99353543986336,71
8,22.0,21.070311069000688,99
9,6.5,21.072797637987254,102
