,real_%top,predicted_%top,index
0,99.95,97.45835700151937,10
1,57.0,86.73761168706899,29
2,10.0,20.173024201010787,32
3,99.5,91.13689663960315,38
4,98.5,79.70709035692737,45
5,62.0,86.73761168706899,55
6,97.0,91.13689663960315,67
7,98.0,95.26916352858396,75
8,45.5,20.173024201010787,89
9,66.5,91.13689663960315,99
