,real_%top,predicted_%top,index
0,92.15,88.91944814808551,0
1,98.0,97.55842601930465,13
2,99.9,95.42207265106205,17
3,71.0,73.58279868223468,18
4,34.5,39.91762103629417,24
5,21.5,15.617232611852856,29
6,98.5,92.03446764502337,44
7,74.5,83.24413190454372,68
8,81.0,82.78966645433329,73
9,45.0,72.92178313041302,91
