,real_%top,predicted_%top,index
0,71.0,75.66186613616675,19
1,97.5,97.51505466060333,20
2,51.5,88.05274905892978,23
3,64.0,81.67386412082755,33
4,95.5,79.02626731673342,59
5,68.5,87.6200022879945,60
6,8.0,22.45939520085345,64
7,63.0,60.063377369839195,88
8,20.0,3.969868876014999,95
9,9.0,16.38214487353325,98
