,real_%top,predicted_%top,index
0,92.15,89.54474038958297,0
1,98.0,95.7781048281688,13
2,99.9,96.44199029427897,17
3,71.0,77.93858505590259,18
4,34.5,64.50763640731235,24
5,21.5,20.525635618886866,29
6,98.5,94.94423543633322,44
7,74.5,84.38475133766259,68
8,81.0,84.10988383262261,73
9,45.0,62.176474771360986,91
