,real_%top,predicted_%top,index
0,71.0,76.30238760390239,19
1,97.5,95.45000651076002,20
2,51.5,87.19758947584593,23
3,64.0,81.50155363688786,33
4,95.5,79.90722884356708,59
5,68.5,87.19543926980539,60
6,8.0,21.850178655901487,64
7,63.0,68.49507807982471,88
8,20.0,3.3038702719887,95
9,9.0,14.26944193471607,98
