,real_%top,predicted_%top,index
0,99.7,64.88370253151976,7
1,54.0,78.08409102143433,31
2,82.0,83.11960080946183,39
3,15.0,12.437041828613598,42
4,99.5,98.59091881534813,49
5,96.5,99.1762825577906,61
6,85.0,97.3639173109266,65
7,78.0,81.82702120854255,73
8,96.0,86.85453194448266,79
9,39.5,48.76577859241038,93
