,real_%top,predicted_%top,index
0,91.4,86.14436553764439,3
1,99.0,97.97541199812076,14
2,23.0,16.215599751233327,23
3,98.5,81.79780429892968,25
4,99.0,90.89021571410038,49
5,88.0,82.820030857493,61
6,91.0,82.48242233339904,65
7,99.5,94.97168113739775,79
8,99.0,86.25215678645542,81
9,48.5,63.53322544820464,93
10,21.5,0.1848740520284906,95
