,real_%top,predicted_%top,index
0,92.0,88.48435786778187,2
1,99.95,99.85179264070908,8
2,99.95,90.73679668265258,12
3,34.5,44.588511174266465,25
4,23.5,9.459298617003228,34
5,89.5,97.41202469498533,37
6,31.5,18.39638119693967,40
7,82.0,96.66758003869953,52
8,59.5,76.94237500849157,57
9,81.5,86.00923367841797,71
10,98.5,93.57611109236798,85
