,real_%top,predicted_%top,index
0,91.4,78.96033859208363,3
1,99.0,97.36314256544253,14
2,23.0,21.00178755827731,23
3,98.5,92.81710078832565,25
4,99.0,92.81710078832565,49
5,88.0,92.81710078832565,61
6,91.0,78.96033859208363,65
7,99.5,97.36314256544253,79
8,99.0,80.8335889722262,81
9,48.5,72.62373135515276,93
10,21.5,21.187479526847955,95
