,real_%top,predicted_%top,index
0,92.0,80.78432268908179,2
1,99.95,97.1542493413006,8
2,99.95,80.78432268908179,12
3,34.5,28.002371240001242,25
4,23.5,19.93873080389795,34
5,89.5,82.87766542372395,37
6,31.5,19.984378952046097,40
7,82.0,82.87766542372395,52
8,59.5,81.51355363530091,57
9,81.5,65.98585716837266,71
10,98.5,97.1542493413006,85
