,real_%top,predicted_%top,index
0,7.0,25.819985537351364,10
1,99.95,94.85590381216478,11
2,97.5,89.64467427740004,19
3,99.0,85.0226531970673,26
4,94.0,97.42580941872721,35
5,99.5,99.64643784534913,37
6,31.5,15.036674649362652,39
7,59.5,66.98212361593235,56
8,96.5,92.01219212028424,60
9,95.5,99.01418820230403,85
