,real_%top,predicted_%top,index
0,99.95,94.90075582813999,9
1,98.5,96.33374439036984,15
2,99.5,99.46789583573414,34
3,89.5,99.07551704937755,36
4,15.0,29.99080894265865,41
5,83.5,69.67852737304047,50
6,96.5,98.91677025087809,53
7,62.5,55.72079379337023,55
8,95.5,88.27461520211453,58
9,40.0,32.04188692291026,89
