,real_%top,predicted_%top,index
0,92.0,77.4251214229967,1
1,99.95,94.85764454002377,7
2,86.5,94.0804056304899,21
3,10.0,21.522980161331667,31
4,97.0,78.50444018687503,43
5,99.5,95.22269399065499,45
6,82.0,94.07996242521736,51
7,68.5,92.83021768083128,59
8,78.0,95.10251009013525,76
9,45.5,21.47184920895071,88
10,5.0,21.232076481677982,101
