,real_%top,predicted_%top,index
0,99.95,92.45507618137118,5
1,98.45,78.8937722224045,6
2,99.0,97.76600104607215,15
3,99.3,97.76600104607215,17
4,99.5,91.59534456891761,35
5,36.5,25.301312372026793,43
6,97.0,77.22109660742382,44
7,99.0,75.21707338613615,82
8,98.5,92.01310501782343,83
9,48.5,69.47001849423069,94
10,6.5,20.155773165677598,103
