,real_%top,predicted_%top,index
0,98.45,86.93010806881017,5
1,99.7,93.4209804361437,6
2,70.5,86.01339546198274,20
3,57.0,79.2494615354928,28
4,54.0,80.26395322039433,30
5,23.5,19.87689024665378,33
6,36.5,22.47739697357558,42
7,97.5,91.85260479227858,67
8,95.5,91.1250561365056,69
9,98.5,92.66431486609322,83
