,real_%top,predicted_%top,index
0,91.85,83.68254,2
1,98.5,89.18218,15
2,88.0,89.19317,61
3,95.5,89.1894,69
4,79.0,89.14687,71
5,99.5,89.18002,79
6,98.5,89.17709,83
7,98.0,89.17867,86
8,44.5,37.59409,90
9,30.0,36.995758,96
