,real_%top,predicted_%top,index
0,98.45,91.924225,5
1,99.7,91.864784,6
2,70.5,91.91277,20
3,57.0,91.92015,28
4,54.0,90.29447,30
5,23.5,33.750927,33
6,36.5,92.65555,42
7,97.5,91.87855,67
8,95.5,91.84778,69
9,98.5,98.71484,83
