,real_%top,predicted_%top,index
0,98.45,94.877235,5
1,99.7,94.87963,6
2,70.5,94.84731,20
3,57.0,94.87324,28
4,54.0,91.90209,30
5,23.5,33.262917,33
6,36.5,33.28675,42
7,97.5,94.86518,67
8,95.5,94.857376,69
9,98.5,94.85158,83
