,real_%top,predicted_%top,index
0,98.45,99.97823094220158,5
1,99.7,101.93943360062278,6
2,70.5,80.87272382382739,20
3,57.0,63.414016843450966,28
4,54.0,62.866307674635706,30
5,23.5,22.635347286686894,33
6,36.5,29.965069596063444,42
7,97.5,96.58802885224054,67
8,95.5,96.51724285451924,69
9,98.5,93.02341391549471,83
