,real_%top,predicted_%top,index
0,91.85,75.66866160828879,3
1,98.5,97.82387598933616,16
2,88.0,97.92653842696232,62
3,95.5,100.41796683767296,70
4,79.0,74.03119836666778,72
5,99.5,96.02150784061894,80
6,98.5,89.54198696272861,84
7,98.0,95.49709262845913,87
8,44.5,63.481555558037826,91
9,30.0,8.98769918359076,97
