,real_%top,predicted_%top,index
0,99.95,95.78341800919159,9
1,98.5,95.88095600148571,15
2,99.5,102.32870473427268,34
3,89.5,96.94972736794509,36
4,15.0,31.049815335668207,41
5,83.5,78.06325885569902,50
6,96.5,90.4783632442511,53
7,62.5,77.94695018841058,55
8,95.5,76.79515951262465,58
9,40.0,6.981402908841275,89
