,real_%top,predicted_%top,index
0,98.0,96.94276646127308,14
1,86.5,84.54264023416066,22
2,23.0,20.829089453885928,24
3,98.5,89.32639344724778,47
4,96.5,89.98157218963182,53
5,98.0,89.44224455941897,58
6,97.5,81.5251616601937,68
7,97.0,100.29051876186068,78
8,21.0,32.016287826401054,81
9,95.5,93.27719252877091,86
