,real_%top,predicted_%top,index
0,7.0,34.043094326612376,11
1,99.75,102.63848229638054,13
2,99.9,98.74355479469757,18
3,98.5,75.54992595216525,26
4,94.0,89.15387343772457,36
5,99.5,75.54992595216525,41
6,99.5,78.03055300080523,46
7,96.5,100.68095655225395,54
8,62.5,67.18833009376408,56
9,21.5,16.31091500898709,96
10,22.0,21.894849318820008,100
