,real_%top,predicted_%top,index
0,91.85,85.12916666666668,2
1,99.75,85.12916666666668,12
2,51.5,95.36666666666665,22
3,64.0,85.12916666666668,32
4,96.5,95.36666666666665,52
5,97.0,95.36666666666665,66
6,99.0,94.27142857142844,75
7,97.0,95.36666666666665,77
8,39.5,50.250000000000036,92
9,30.0,12.500000000000036,96
10,11.0,18.333333333333343,100
