,real_%top,predicted_%top,index
0,91.4,79.42383333333332,3
1,99.0,98.66080476190474,14
2,23.0,25.621515873015877,23
3,98.5,91.85520952380953,25
4,99.0,93.89732619047616,49
5,88.0,82.67288293650795,61
6,91.0,95.38653769841268,65
7,99.5,96.93560357142859,79
8,99.0,91.94838214285716,81
9,48.5,47.727089285714285,93
10,21.5,20.11947222222222,95
