,real_%top,predicted_%top,index
0,92.0,82.63931666666667,2
1,99.95,97.01443948412704,8
2,99.95,89.82780853174603,12
3,34.5,25.238920634920635,25
4,23.5,17.368289682539686,34
5,89.5,86.28639523809527,37
6,31.5,20.799511904761903,40
7,82.0,85.5429166666667,52
8,59.5,64.01709545454545,57
9,81.5,83.58888928571427,71
10,98.5,96.39360952380952,85
