,real_%top,predicted_%top,index
0,92.15,85.86692131925889,0
1,98.0,94.91587722123347,13
2,99.9,97.09158657365708,17
3,71.0,69.4468338010011,18
4,34.5,44.98632829796437,24
5,21.5,13.016886189353258,29
6,98.5,95.0606000454022,44
7,74.5,88.52120985111037,68
8,81.0,81.8569059841193,73
9,45.0,58.178365003900865,91
