,real_%top,predicted_%top,index
0,71.0,73.46280868805704,19
1,97.5,94.67294242325156,20
2,51.5,85.59008322664107,23
3,64.0,79.9862693995531,33
4,95.5,80.14780056729775,59
5,68.5,87.85312161665968,60
6,8.0,24.0069537266631,64
7,63.0,65.08168381605404,88
8,20.0,6.6322733674358005,95
9,9.0,18.91613358406852,98
