,real_%top,predicted_%top,index
0,92.15,88.9216417910448,1
1,91.4,88.9216417910448,4
2,93.8,88.9216417910448,9
3,70.5,88.9216417910448,21
4,21.5,19.464285714285566,30
5,83.5,88.9216417910448,51
6,91.0,88.9216417910448,66
7,74.5,88.9216417910448,69
8,99.0,88.9216417910448,76
9,40.0,35.50000000000014,90
