,real_%top,predicted_%top,index
0,7.0,37.438213602851384,10
1,99.95,91.91326576070992,11
2,97.5,85.13253673653176,19
3,99.0,72.60945772110087,26
4,94.0,86.0346044435845,35
5,99.5,94.97946000926858,37
6,31.5,23.7635707538294,39
7,59.5,75.24737659186312,56
8,96.5,89.04259220302023,60
9,95.5,97.32132669526285,85
