,real_%top,predicted_%top,index
0,99.7,96.7962124757862,7
1,54.0,78.33349226813428,31
2,82.0,88.46106568230682,39
3,15.0,32.89354768261506,42
4,99.5,95.3114496537609,49
5,96.5,87.32506412769933,61
6,85.0,78.09544338453645,65
7,78.0,78.81496478314024,73
8,96.0,89.59688621909162,79
9,39.5,68.21387712958486,93
