,real_%top,predicted_%top,index
0,92.15,96.024254,0
1,98.0,96.03455,13
2,99.9,96.04183,17
3,71.0,96.50659,18
4,34.5,38.01756,24
5,21.5,11.874437,29
6,98.5,96.28021,44
7,74.5,96.35065,68
8,81.0,95.62739,73
9,45.0,44.27603,91
