,real_%top,predicted_%top,index
0,71.0,88.90096,18
1,97.5,88.91115,19
2,51.5,88.906204,22
3,64.0,88.904,32
4,95.5,88.90734,58
5,68.5,88.93162,59
6,8.0,88.61365,63
7,63.0,26.693693,87
8,20.0,26.614056,94
9,9.0,26.606825,97
