,real_%top,predicted_%top,index
0,92.15,88.80667,0
1,98.0,88.83578,13
2,99.9,88.92551,17
3,71.0,88.81524,18
4,34.5,88.686714,24
5,21.5,17.572517,29
6,98.5,88.59855,44
7,74.5,88.76537,68
8,81.0,98.69163,73
9,45.0,88.60557,91
