,real_%top,predicted_%top,index
0,92.15,85.9364404429773,0
1,98.0,95.07861980539415,13
2,99.9,97.0991844971213,17
3,71.0,69.67793703447333,18
4,34.5,44.936098430898525,24
5,21.5,13.196767978178357,29
6,98.5,94.86782871989348,44
7,74.5,88.44214325315112,68
8,81.0,81.8952520677397,73
9,45.0,58.203730742847604,91
