,real_%top,predicted_%top,index
0,99.95,81.14985,4
1,99.5,81.12318,40
2,99.5,81.11584,48
3,98.0,97.618095,74
4,96.0,97.61888,78
5,21.0,97.635254,80
6,98.5,97.609695,82
7,63.0,81.17304,87
8,44.5,81.20716,90
9,66.5,79.409134,98
