,real_%top,predicted_%top,index
0,99.95,86.61195,4
1,99.5,86.161156,40
2,99.5,86.17076,48
3,98.0,86.486336,74
4,96.0,86.50071,78
5,21.0,85.11131,80
6,98.5,86.510445,82
7,63.0,41.110622,87
8,44.5,41.083984,90
9,66.5,85.89814,98
