,real_%top,predicted_%top,index
0,99.95,87.6624,4
1,99.5,87.42794,40
2,99.5,87.4343,48
3,98.0,87.58956,74
4,96.0,87.601715,78
5,21.0,86.32956,80
6,98.5,87.61403,82
7,63.0,38.72593,87
8,44.5,38.722183,90
9,66.5,87.34598,98
