,real_%top,predicted_%top,index
0,92.15,77.7553,0
1,91.4,77.7784,3
2,93.8,77.73115,8
3,70.5,77.76539,20
4,21.5,16.029623,29
5,83.5,77.83343,50
6,91.0,77.88436,65
7,74.5,77.82877,68
8,99.0,77.74986,75
9,40.0,16.108255,89
