,real_%top,predicted_%top,index
0,92.15,87.73716,0
1,98.0,87.8517,13
2,99.9,87.970665,17
3,71.0,87.44577,18
4,34.5,39.695198,24
5,21.5,23.9209,29
6,98.5,87.75251,44
7,74.5,87.36909,68
8,81.0,87.23538,73
9,45.0,48.069134,91
