,real_%top,predicted_%top,index
0,92.15,88.83819,0
1,98.0,88.93511,13
2,99.9,89.0343,17
3,71.0,88.514336,18
4,34.5,40.866623,24
5,21.5,25.270554,29
6,98.5,88.89379,44
7,74.5,88.48339,68
8,81.0,88.66724,73
9,45.0,49.108616,91
