,real_%top,predicted_%top,index
0,92.15,80.20233,0
1,98.0,80.28527,13
2,99.9,80.300316,17
3,71.0,80.28548,18
4,34.5,78.51923,24
5,21.5,16.857584,29
6,98.5,80.16648,44
7,74.5,80.32845,68
8,81.0,92.84235,73
9,45.0,80.224625,91
