,real_%top,predicted_%top,index
0,71.0,95.856606,18
1,97.5,95.89102,19
2,51.5,95.880035,22
3,64.0,95.85841,32
4,95.5,95.875374,58
5,68.5,95.903366,59
6,8.0,95.60494,63
7,63.0,32.76226,87
8,20.0,32.413807,94
9,9.0,32.05178,97
