,real_%top,predicted_%top,index
0,82.0,86.7887485233318,38
1,98.5,99.390453370874,46
2,8.0,18.434187710190756,63
3,85.0,93.90374472800889,64
4,81.5,86.47287270811582,70
5,78.0,80.53201392818868,72
6,98.5,95.71917261782598,84
7,98.0,95.51980542874465,86
8,20.0,21.654519823860653,94
9,9.0,5.310331124064376,97
