,real_%top,predicted_%top,index
0,99.0,72.60236494944647,27
1,96.5,88.86085297639833,28
2,99.5,98.27398053410991,48
3,99.0,99.45912369920246,50
4,98.0,95.5436389786075,63
5,81.0,67.3914704822172,74
6,78.0,97.06921316553819,77
7,45.0,61.76507029423498,92
8,11.0,29.414565287495105,101
9,5.0,8.857250655895916,102
