,real_%top,predicted_%top,index
0,99.95,106.04614655697932,4
1,99.5,94.26380285451053,40
2,99.5,87.68515894533714,48
3,98.0,102.93298055754332,74
4,96.0,94.69406662215565,78
5,21.0,35.53598343528271,80
6,98.5,94.46797172266513,82
7,63.0,70.00528153645539,87
8,44.5,69.83250907015386,90
9,66.5,84.33031475572453,98
