,real_%top,predicted_%top,index
0,92.15,86.03542150647846,1
1,91.4,83.31774398434463,4
2,93.8,95.99636805681759,9
3,70.5,75.46485968057587,21
4,21.5,17.31675406696553,30
5,83.5,78.51688116649959,51
6,91.0,84.10523264427992,66
7,74.5,85.25307110037296,69
8,99.0,89.369275633088,76
9,40.0,11.212598210631242,90
