,real_%top,predicted_%top,index
0,91.85,87.77425832218162,3
1,98.5,100.05424503534776,16
2,88.0,97.90630415023449,62
3,95.5,95.49728540723542,70
4,79.0,81.66315583681266,72
5,99.5,96.03951553678067,80
6,98.5,93.80904569482028,84
7,98.0,96.39298104172975,87
8,44.5,63.218485329156316,91
9,30.0,8.990672478356272,97
