,real_%top,predicted_%top,index
0,98.45,98.2054102147311,5
1,99.7,89.21958614277287,6
2,70.5,89.6221108779194,20
3,57.0,66.08523101976887,28
4,54.0,73.20491848172274,30
5,23.5,22.182564773406096,33
6,36.5,36.82440046749241,42
7,97.5,90.91713299497287,67
8,95.5,92.5971059177597,69
9,98.5,92.75018044384699,83
