,real_%top,predicted_%top,index
0,99.95,98.78937546747,10
1,57.0,88.50774568367534,29
2,10.0,10.370536212707634,32
3,99.5,102.16039346789547,38
4,98.5,95.37166526679181,45
5,62.0,77.5489898482867,55
6,97.0,84.30567400079102,67
7,98.0,98.87566790887074,75
8,45.5,-17.872742394243673,89
9,66.5,93.96714155928726,99
