,real_%top,predicted_%top,index
0,93.8,96.81515040527013,8
1,99.3,97.61079810914218,16
2,96.5,81.03495523905343,27
3,99.5,91.93787274970799,47
4,62.0,74.69427531740368,54
5,98.0,90.05488898130722,57
6,98.0,85.10406325734436,62
7,79.0,84.44154730242278,71
8,22.0,10.018885928012253,99
9,6.5,17.970083775621262,102
