,real_%top,predicted_%top,index
0,92.15,74.3759494920456,0
1,98.0,98.92421320341163,13
2,99.9,98.92068607498453,17
3,71.0,78.59595197251578,18
4,34.5,23.58891800038198,24
5,21.5,25.165341121705104,29
6,98.5,89.9932901355997,44
7,74.5,95.57752448939948,68
8,81.0,74.46817001459794,73
9,45.0,71.28751701271936,91
