,real_%top,predicted_%top,index
0,71.0,83.55450482295481,19
1,97.5,97.95754715190854,20
2,51.5,93.42752553112742,23
3,64.0,73.37458277972027,33
4,95.5,88.30407836607831,59
5,68.5,90.44111471861468,60
6,8.0,21.828880968704492,64
7,63.0,62.150769047619015,88
8,20.0,21.62894975449387,95
9,9.0,18.886947985021518,98
