,real_%top,predicted_%top,index
0,98.45,90.12279375141536,5
1,99.7,90.94744095148644,6
2,70.5,89.36865747545302,20
3,57.0,79.96238574721392,28
4,54.0,84.81360355233367,30
5,23.5,21.562849737647937,33
6,36.5,23.847962052749413,42
7,97.5,91.27024128254301,67
8,95.5,91.27024128254301,69
9,98.5,93.75822498159582,83
