,real_%top,predicted_%top,index
0,91.85,74.35126857967832,3
1,98.5,96.85865452008699,16
2,88.0,86.11039624043329,62
3,95.5,92.63770501873239,70
4,79.0,73.37125049528593,72
5,99.5,94.2849263256421,80
6,98.5,94.04563585444664,84
7,98.0,94.32114656373734,87
8,44.5,77.18862409695954,91
9,30.0,22.096064831917506,97
