,real_%top,predicted_%top,index
0,98.0,98.36651951548336,14
1,86.5,87.92661040665617,22
2,23.0,16.01545905576285,24
3,98.5,99.42834924107194,47
4,96.5,95.77682008870188,53
5,98.0,97.65319898636083,58
6,97.5,94.23110932162858,68
7,97.0,94.66524703575442,78
8,21.0,28.56387347022688,81
9,95.5,97.84398121251988,86
