,real_%top,predicted_%top,index
0,91.4,77.30519821428572,3
1,99.0,99.06249285714283,14
2,23.0,28.58832142857143,23
3,98.5,95.13682500000003,25
4,99.0,96.13069999999999,49
5,88.0,89.41053928571428,61
6,91.0,91.85522619047619,65
7,99.5,93.8269761904762,79
8,99.0,91.29743392857145,81
9,48.5,55.15101904761902,93
10,21.5,20.17906944444444,95
