,real_%top,predicted_%top,index
0,92.0,81.90735119047616,2
1,99.95,94.95627857142856,8
2,99.95,93.41966130952386,12
3,34.5,28.53842857142856,25
4,23.5,18.676130952380955,34
5,89.5,87.46229761904759,37
6,31.5,21.507017857142852,40
7,82.0,85.10485833333333,52
8,59.5,62.23421190476191,57
9,81.5,86.75513333333335,71
10,98.5,97.39914761904764,85
