,real_%top,predicted_%top,index
0,7.0,23.919009871513936,11
1,99.75,93.92398875295457,13
2,99.9,96.99018190620656,18
3,98.5,88.10241951594163,26
4,94.0,84.29175992125994,36
5,99.5,88.85162443251198,41
6,99.5,93.35340255210477,46
7,96.5,92.03477689606144,54
8,62.5,75.59228249509137,56
9,21.5,20.331456899159495,96
10,22.0,20.331456899159495,100
