,real_%top,predicted_%top,index
0,91.85,68.886961005661,2
1,99.75,95.3502636002413,12
2,51.5,94.68224725360422,22
3,64.0,78.88125649089473,32
4,96.5,94.68911088996786,52
5,97.0,93.26983567053863,66
6,99.0,85.91715381889355,75
7,97.0,93.73541696628966,77
8,39.5,64.89892152692074,92
9,30.0,18.80723529895308,96
10,11.0,20.33544958466737,100
