,real_%top,predicted_%top,index
0,98.45,92.37801441405823,5
1,99.7,86.75595777090557,6
2,70.5,91.93368841575095,20
3,57.0,77.86436403926956,28
4,54.0,70.06681268376231,30
5,23.5,22.93017731043467,33
6,36.5,19.46383127452613,42
7,97.5,92.90085922370112,67
8,95.5,92.69300701202391,69
9,98.5,96.71986032509157,83
