,real_%top,predicted_%top,index
0,91.85,73.8836006058484,3
1,98.5,98.75471728887946,16
2,88.0,85.77971452616015,62
3,95.5,91.01712839741954,70
4,79.0,72.63605328650111,72
5,99.5,95.02591929875678,80
6,98.5,95.05223556859806,84
7,98.0,95.02879429875678,87
8,44.5,68.37065244151275,91
9,30.0,15.00228701812893,97
