,real_%top,predicted_%top,index
0,92.0,77.52620835185282,1
1,99.95,98.62845484747098,7
2,86.5,89.61382646893654,21
3,10.0,22.196978140737944,31
4,97.0,101.76931916904815,43
5,99.5,95.58941574994901,45
6,82.0,90.24528863536256,51
7,68.5,93.50762613042774,59
8,78.0,94.64210012600866,76
9,45.5,25.75926470582055,88
10,5.0,8.347431072452297,101
