,real_%top,predicted_%top,index
0,99.95,100.91083852074549,5
1,98.45,96.23102500149305,6
2,99.0,99.75286885866672,15
3,99.3,100.33926045951387,17
4,99.5,104.26628239582821,35
5,36.5,28.09371052393603,43
6,97.0,88.89840880188488,44
7,99.0,95.11556196474945,82
8,98.5,92.54791712302158,83
9,48.5,42.32944103698277,94
10,6.5,8.290902340046415,103
