,real_%top,predicted_%top,index
0,92.0,78.90305266881812,1
1,99.95,97.0740576855742,7
2,86.5,93.60879416599272,21
3,10.0,23.040499901242548,31
4,97.0,86.20483131398832,43
5,99.5,94.56380587385183,45
6,82.0,93.8318195572681,51
7,68.5,92.36675454205455,59
8,78.0,97.46949314083746,76
9,45.5,21.522493407736057,88
10,5.0,20.973254244121893,101
