,real_%top,predicted_%top,index
0,99.95,94.02411034142585,5
1,98.45,90.86475979328763,6
2,99.0,98.26303355024318,15
3,99.3,98.26303355024318,17
4,99.5,90.80158035163801,35
5,36.5,21.502741556645965,43
6,97.0,86.84724426194718,44
7,99.0,87.70201731165722,82
8,98.5,92.95011678751028,83
9,48.5,66.07271358016983,94
10,6.5,18.360402534556943,103
