,real_%top,predicted_%top,index
0,92.0,77.17427856475925,1
1,99.95,96.78937521003165,7
2,86.5,95.31257963314088,21
3,10.0,21.135799320334865,31
4,97.0,77.90783795936758,43
5,99.5,93.70379370631994,45
6,82.0,95.3194234215135,51
7,68.5,94.59413080283204,59
8,78.0,96.25880646465366,76
9,45.5,21.08988679535984,88
10,5.0,21.057727321153493,101
