,real_%top,predicted_%top,index
0,99.95,99.07064610670714,5
1,98.45,97.61846446894924,6
2,99.0,99.7417382068944,15
3,99.3,101.64084861844553,17
4,99.5,100.07849445036432,35
5,36.5,36.48609401170781,43
6,97.0,94.697375500508,44
7,99.0,92.33596015406208,82
8,98.5,94.51438963317793,83
9,48.5,44.96562897403705,94
10,6.5,5.694559631171005,103
