,real_%top,predicted_%top,index
0,92.0,82.83719833077943,1
1,99.95,99.69197350993272,7
2,86.5,84.59956645628525,21
3,10.0,22.683652876065796,31
4,97.0,94.27892102376595,43
5,99.5,93.8989155214067,45
6,82.0,100.93444625868518,51
7,68.5,93.53221374806547,59
8,78.0,97.80886842321661,76
9,45.5,19.07092721232952,88
10,5.0,13.885995031001425,101
