,real_%top,predicted_%top,index
0,99.95,96.95951979911351,4
1,99.5,92.20865676109607,40
2,99.5,93.67552836244197,48
3,98.0,97.4170089040148,74
4,96.0,97.11041223120945,78
5,21.0,21.409406633344034,80
6,98.5,97.3862782308258,82
7,63.0,75.73074223997804,87
8,44.5,75.62847028184042,90
9,66.5,95.38527444934782,98
