,real_%top,predicted_%top,index
0,99.95,106.84614327601479,5
1,98.45,91.73584162163628,6
2,99.0,98.34290445565344,15
3,99.3,98.3709810742386,17
4,99.5,106.5750670873867,35
5,36.5,20.60282559934937,43
6,97.0,93.75193609968996,44
7,99.0,95.6521145031315,82
8,98.5,93.5787715557431,83
9,48.5,44.62151617889342,94
10,6.5,5.755219082638569,103
