,real_%top,predicted_%top,index
0,92.0,88.74088320466058,1
1,99.95,96.54372263733406,7
2,86.5,88.01416915916812,21
3,10.0,22.655120918515504,31
4,97.0,94.15996019377103,43
5,99.5,99.77970522276037,45
6,82.0,88.21929639931867,51
7,68.5,91.8950062269477,59
8,78.0,94.78325590403544,76
9,45.5,21.37207465620033,88
10,5.0,8.415480218365705,101
