,real_%top,predicted_%top,index
0,99.95,95.20545665291807,9
1,98.5,97.47352364307,15
2,99.5,93.60179764383656,34
3,89.5,88.41274429826704,36
4,15.0,20.156272451910944,41
5,83.5,79.99369277764973,50
6,96.5,92.37746669207661,53
7,62.5,80.13444177295527,55
8,95.5,80.13466403422127,58
9,40.0,22.850304729682197,89
