,real_%top,predicted_%top,index
0,98.0,96.63692148061884,14
1,86.5,91.07344013570324,22
2,23.0,20.99784855670066,24
3,98.5,94.54270748110693,47
4,96.5,93.53693434469142,53
5,98.0,90.96292715170854,58
6,97.5,91.1446451252954,68
7,97.0,88.3297112439893,78
8,21.0,20.60043247278458,81
9,95.5,90.23126015024872,86
