,real_%top,predicted_%top,index
0,92.0,87.53201,1
1,99.95,87.750114,7
2,86.5,86.96207,21
3,10.0,16.579927,31
4,97.0,87.55067,43
5,99.5,87.644356,45
6,82.0,86.94706,51
7,68.5,86.924324,59
8,78.0,86.72435,76
9,45.5,53.543724,88
10,5.0,31.078615,101
