,real_%top,predicted_%top,index
0,92.0,87.53225,1
1,99.95,87.75028,7
2,86.5,86.962296,21
3,10.0,16.58128,31
4,97.0,87.55091,43
5,99.5,87.64456,45
6,82.0,86.9473,51
7,68.5,86.92458,59
8,78.0,86.724625,76
9,45.5,53.54393,88
10,5.0,31.082037,101
