,real_%top,predicted_%top,index
0,99.95,95.27905,4
1,98.45,94.79987,5
2,99.0,95.28865,14
3,99.3,95.290985,16
4,99.5,95.2793,34
5,36.5,37.76754,42
6,97.0,95.46811,43
7,99.0,95.47548,81
8,98.5,95.5245,82
9,48.5,36.719368,93
10,6.5,32.81023,102
