,real_%top,predicted_%top,index
0,91.85,92.00681418990091,2
1,99.75,97.3091290556082,12
2,51.5,96.64452742338908,22
3,64.0,74.60127585083907,32
4,96.5,97.20525337780705,52
5,97.0,77.25858372024345,66
6,99.0,97.71474178026811,75
7,97.0,98.11372013950593,77
8,39.5,48.24558484190548,92
9,30.0,9.135916286247127,96
10,11.0,9.57876464940253,100
