,real_%top,predicted_%top,index
0,82.0,92.58809988279279,38
1,98.5,91.7633757436158,46
2,8.0,24.382363533297735,63
3,85.0,77.8719645239079,64
4,81.5,84.21780102282641,70
5,78.0,81.3718141720353,72
6,98.5,93.81361425361695,84
7,98.0,94.27490063654645,86
8,20.0,5.279352117982157,94
9,9.0,17.48261923816142,97
