,real_%top,predicted_%top,index
0,99.0,73.22824378726628,27
1,96.5,80.82606148156455,28
2,99.5,91.21628731181347,48
3,99.0,89.30275211794918,50
4,98.0,87.27434091284697,63
5,81.0,84.84580801114554,74
6,78.0,97.75080439690382,77
7,45.0,65.57755967157432,92
8,11.0,20.35568906353535,101
9,5.0,22.164965584896507,102
