,real_%top,predicted_%top,index
0,93.8,99.93762277232214,8
1,99.3,99.02094349681914,16
2,96.5,94.08423654846456,27
3,99.5,100.53768231838563,47
4,62.0,58.033881900146774,54
5,98.0,95.50946106355673,57
6,98.0,88.06034202506487,62
7,79.0,81.4141881557786,71
8,22.0,18.4570989101028,99
9,6.5,6.880530429564687,102
