,real_%top,predicted_%top,index
0,99.95,93.82028928110937,10
1,57.0,62.11379596242912,29
2,10.0,21.50122451943724,32
3,99.5,97.10675052670757,38
4,98.5,101.40859313648029,45
5,62.0,60.349006166696526,55
6,97.0,74.56883611560777,67
7,98.0,96.35965109163067,75
8,45.5,24.4139190367447,89
9,66.5,58.16340157586036,99
