,real_%top,predicted_%top,index
0,99.95,100.78318478720621,4
1,99.5,85.27077249161837,40
2,99.5,98.56249647049968,48
3,98.0,96.57136781574575,74
4,96.0,98.82584626385943,78
5,21.0,13.344510388744407,80
6,98.5,96.7938367143458,82
7,63.0,49.81045485084635,87
8,44.5,48.97869471486839,90
9,66.5,47.010964150712574,98
