,real_%top,predicted_%top,index
0,93.8,97.00534396366685,8
1,99.3,97.33780342640783,16
2,96.5,82.35833277538482,27
3,99.5,93.01806586160369,47
4,62.0,72.6992401505032,54
5,98.0,89.9375650109697,57
6,98.0,83.61832677689709,62
7,79.0,83.4095325380126,71
8,22.0,10.097912959930596,99
9,6.5,17.881860971903407,102
