,real_%top,predicted_%top,index
0,99.95,98.13511094206352,10
1,57.0,85.88571284380015,29
2,10.0,11.378787262777678,32
3,99.5,99.25746113941833,38
4,98.5,93.85215901330834,45
5,62.0,75.42154646100559,55
6,97.0,82.2020233741071,67
7,98.0,99.7191389345153,75
8,45.5,-17.37165451978926,89
9,66.5,92.02842304982825,99
