,real_%top,predicted_%top,index
0,99.95,96.07909291929478,10
1,57.0,82.40103815073817,29
2,10.0,23.739081290033496,32
3,99.5,92.9082209912228,38
4,98.5,93.5304147261644,45
5,62.0,81.28933370934621,55
6,97.0,92.88099923739827,67
7,98.0,93.7528786173729,75
8,45.5,19.99329309212029,89
9,66.5,96.21305991818643,99
