,real_%top,predicted_%top,index
0,93.8,92.77030672681076,8
1,99.3,98.39550002232245,16
2,96.5,94.1640438090504,27
3,99.5,95.98786106409935,47
4,62.0,79.58013923917714,54
5,98.0,90.34292652342069,57
6,98.0,85.93294110854964,62
7,79.0,82.28133559304257,71
8,22.0,19.978241723081698,99
9,6.5,18.798832408540033,102
