,real_%top,predicted_%top,index
0,98.45,85.87098719805883,5
1,99.7,89.38014801349566,6
2,70.5,86.25444779440262,20
3,57.0,81.38184453313005,28
4,54.0,82.0743054019933,30
5,23.5,19.081137297018945,33
6,36.5,21.330688205540245,42
7,97.5,96.11675058701518,67
8,95.5,95.62753359983567,69
9,98.5,95.74857848611089,83
