,real_%top,predicted_%top,index
0,91.85,78.97658230392591,3
1,98.5,98.1350871281487,16
2,88.0,92.26491588077259,62
3,95.5,94.64177952094124,70
4,79.0,73.04604302431046,72
5,99.5,92.63881777614222,80
6,98.5,92.35674902299994,84
7,98.0,92.69482908835943,87
8,44.5,76.73378712850018,91
9,30.0,21.865257569238437,97
