,real_%top,predicted_%top,index
0,99.7,96.88575878783621,7
1,54.0,79.12098398305102,31
2,82.0,88.39140782304422,39
3,15.0,31.714055777982992,42
4,99.5,91.96725207864138,49
5,96.5,86.41444416082082,61
6,85.0,78.56646564398928,65
7,78.0,80.60708309429047,73
8,96.0,90.53968634445003,79
9,39.5,67.46944161858056,93
