,real_%top,predicted_%top,index
0,7.0,42.27142853372521,10
1,99.95,95.00190769425845,11
2,97.5,86.2915035885133,19
3,99.0,78.03819453808842,26
4,94.0,87.77012744324294,35
5,99.5,93.30629922049133,37
6,31.5,27.26325676959128,39
7,59.5,76.92677410253069,56
8,96.5,85.57833253928449,60
9,95.5,94.83923550156032,85
