,real_%top,predicted_%top,index
0,92.0,84.72083680554822,1
1,99.95,105.63923014599946,7
2,86.5,84.92321500892147,21
3,10.0,9.929828136166293,31
4,97.0,85.2532655675568,43
5,99.5,94.88321285313543,45
6,82.0,98.59678207313449,51
7,68.5,88.70501530764952,59
8,78.0,99.46645161952043,76
9,45.5,-11.095796324971673,88
10,5.0,22.63966023427885,101
