,real_%top,predicted_%top,index
0,99.95,103.34663412039423,5
1,98.45,88.96420614069653,6
2,99.0,98.6977860367322,15
3,99.3,98.85827715600814,17
4,99.5,100.58935892043931,35
5,36.5,42.722260966231474,43
6,97.0,83.6659480621042,44
7,99.0,82.85604385231623,82
8,98.5,91.54560989947717,83
9,48.5,64.6835659191914,94
10,6.5,21.20053477320093,103
