,real_%top,predicted_%top,index
0,91.4,91.95944025971909,3
1,99.0,99.08224996205345,14
2,23.0,22.567017898042366,23
3,98.5,84.09215932765211,25
4,99.0,94.44433125894697,49
5,88.0,76.81684379177588,61
6,91.0,85.98994816468317,65
7,99.5,98.52026843459049,79
8,99.0,94.51668923655254,81
9,48.5,44.01581476331226,93
10,21.5,10.731210572734026,95
