,real_%top,predicted_%top,index
0,92.0,81.09659107461908,2
1,99.95,96.76936800190651,8
2,99.95,103.15760040010606,12
3,34.5,21.88498407160166,25
4,23.5,22.155142776762798,34
5,89.5,84.3740759984224,37
6,31.5,19.992514468847506,40
7,82.0,89.04296204924341,52
8,59.5,65.40523278314527,57
9,81.5,87.22162841515022,71
10,98.5,95.10782709798711,85
