,real_%top,predicted_%top,index
0,99.95,109.2515299477291,5
1,98.45,94.76366674492483,6
2,99.0,101.30790144924696,15
3,99.3,101.15799480732647,17
4,99.5,98.41418253035029,35
5,36.5,62.05999055170241,43
6,97.0,84.86713641426991,44
7,99.0,89.84415748270783,82
8,98.5,96.02537373354683,83
9,48.5,60.539666737327416,94
10,6.5,17.192038862668383,103
