,real_%top,predicted_%top,index
0,99.95,98.40403214285715,10
1,57.0,81.8467976190476,29
2,10.0,23.05537698412698,32
3,99.5,94.87861607142858,38
4,98.5,93.60975674603176,45
5,62.0,80.93628571428572,55
6,97.0,90.6733726190476,67
7,98.0,96.02313630952386,75
8,45.5,21.719375,89
9,66.5,88.94375952380953,99
