,real_%top,predicted_%top,index
0,93.8,88.40234761904763,8
1,99.3,98.95696428571434,16
2,96.5,93.98536904761906,27
3,99.5,98.6608273809524,47
4,62.0,74.6082488095238,54
5,98.0,91.17857142857144,57
6,98.0,88.26774166666668,62
7,79.0,83.8179630952381,71
8,22.0,19.83425,99
9,6.5,9.689857142857143,102
