,real_%top,predicted_%top,index
0,93.8,100.05231099609212,8
1,99.3,99.23979111079973,16
2,96.5,88.62182259751616,27
3,99.5,98.63505633995038,47
4,62.0,59.79653365042797,54
5,98.0,94.6354898730236,57
6,98.0,87.86551848806356,62
7,79.0,77.9075430202526,71
8,22.0,19.884715380104634,99
9,6.5,7.480952458466171,102
