,real_%top,predicted_%top,index
0,99.95,93.85419993493832,9
1,98.5,97.40682978782787,15
2,99.5,99.33501256008473,34
3,89.5,77.9581008951101,36
4,15.0,30.954760798292757,41
5,83.5,70.25745227563526,50
6,96.5,97.11600065005699,53
7,62.5,54.22673545961951,55
8,95.5,88.12685886399667,58
9,40.0,44.31441216945918,89
