,real_%top,predicted_%top,index
0,7.0,24.96833424839045,10
1,99.95,102.50714433540357,11
2,97.5,92.70091266985602,19
3,99.0,88.1027530222059,26
4,94.0,87.11573843064696,35
5,99.5,82.09817851655106,37
6,31.5,27.012440601856092,39
7,59.5,67.782728846018,56
8,96.5,82.60630106637869,60
9,95.5,98.34889192604037,85
