,real_%top,predicted_%top,index
0,99.7,90.65361960726558,7
1,54.0,67.57177143931892,31
2,82.0,90.0326326892188,39
3,15.0,6.508903489473647,42
4,99.5,102.60518759754092,49
5,96.5,87.45613402246191,61
6,85.0,88.79431083300119,65
7,78.0,80.27180484140916,73
8,96.0,89.88392324097902,79
9,39.5,45.53392881149441,93
