,real_%top,predicted_%top,index
0,71.0,79.32680387914014,19
1,97.5,95.69150168616596,20
2,51.5,90.1162576523552,23
3,64.0,58.06204366596566,33
4,95.5,83.996774438366,59
5,68.5,91.97871219466558,60
6,8.0,19.820028489333666,64
7,63.0,44.58837676426543,88
8,20.0,21.939916306552693,95
9,9.0,8.291658852850649,98
