,real_%top,predicted_%top,index
0,92.15,91.454835530829,0
1,98.0,99.62521923427241,13
2,99.9,98.88736408720685,17
3,71.0,83.61247304955691,18
4,34.5,33.01185563051286,24
5,21.5,21.11568168343927,29
6,98.5,94.50367491997045,44
7,74.5,97.00235892823196,68
8,81.0,80.37048946218952,73
9,45.0,44.79269340073924,91
