,real_%top,predicted_%top,index
0,92.15,72.59146844932027,1
1,91.4,77.80448638987647,4
2,93.8,91.75847779422378,9
3,70.5,89.08109570703208,21
4,21.5,22.91109843669402,30
5,83.5,76.24223705587715,51
6,91.0,91.66616135600515,66
7,74.5,96.29307808817858,69
8,99.0,88.12196164603371,76
9,40.0,21.727550276520866,90
