,real_%top,predicted_%top,index
0,99.95,93.75481343481722,4
1,99.5,95.12387219685199,40
2,99.5,96.02533256679251,48
3,98.0,89.12572460861074,74
4,96.0,95.85581630261937,78
5,21.0,21.640088546257672,80
6,98.5,90.1780598608091,82
7,63.0,76.82521786831589,87
8,44.5,76.77138464320768,90
9,66.5,96.70169379946894,98
