,real_%top,predicted_%top,index
0,93.8,95.2230769230769,8
1,99.3,95.2230769230769,16
2,96.5,82.04583333333319,27
3,99.5,95.2230769230769,47
4,62.0,85.84333333333325,54
5,98.0,94.17499999999998,57
6,98.0,95.2230769230769,62
7,79.0,85.84333333333325,71
8,22.0,20.75000000000002,99
9,6.5,14.93750000000001,102
