,real_%top,predicted_%top,index
0,99.95,97.66874034768608,10
1,57.0,71.21864199738843,29
2,10.0,24.99555566717435,32
3,99.5,77.7080223818001,38
4,98.5,96.51776915853405,45
5,62.0,81.32129029863005,55
6,97.0,97.44952103410176,67
7,98.0,98.99647190435057,75
8,45.5,12.678453506698167,89
9,66.5,89.65136307985689,99
