,real_%top,predicted_%top,index
0,91.85,87.929452257948,2
1,99.75,100.18005408796901,12
2,51.5,96.28298745652043,22
3,64.0,55.819634941324175,32
4,96.5,94.70658262610516,52
5,97.0,76.60563537671754,66
6,99.0,89.47761179977435,75
7,97.0,97.12825766735672,77
8,39.5,47.20565962555721,92
9,30.0,10.96483725715203,96
10,11.0,10.749071740198085,100
