,real_%top,predicted_%top,index
0,92.15,65.45057908683434,1
1,91.4,78.09186769067738,4
2,93.8,98.33895918293292,9
3,70.5,98.28551665692467,21
4,21.5,20.0372132596452,30
5,83.5,82.73671225077001,51
6,91.0,78.09186769067738,66
7,74.5,91.11726759915835,69
8,99.0,98.11808474809277,76
9,40.0,24.186495653789716,90
