,real_%top,predicted_%top,index
0,99.95,94.50055904476432,4
1,99.5,91.93358725613061,40
2,99.5,91.93358725613061,48
3,98.0,94.50055904476432,74
4,96.0,97.10707851542821,78
5,21.0,20.396469479834753,80
6,98.5,79.00639717008684,82
7,63.0,72.86071166281958,87
8,44.5,72.86071166281958,90
9,66.5,91.93358725613061,98
