,real_%top,predicted_%top,index
0,71.0,88.9216417910448,19
1,97.5,88.9216417910448,20
2,51.5,88.9216417910448,23
3,64.0,88.9216417910448,33
4,95.5,88.9216417910448,59
5,68.5,88.9216417910448,60
6,8.0,19.464285714285396,64
7,63.0,88.92164179104488,88
8,20.0,19.464285714285566,95
9,9.0,19.464285714285566,98
