,real_%top,predicted_%top,index
0,92.15,84.70735086581139,0
1,98.0,99.30993577962646,13
2,99.9,99.30993577962646,17
3,71.0,79.95493999137686,18
4,34.5,48.24198965502003,24
5,21.5,16.078877774756634,29
6,98.5,91.24971699966255,44
7,74.5,88.47377528129152,68
8,81.0,81.9743116776204,73
9,45.0,69.70601729054691,91
