,real_%top,predicted_%top,index
0,7.0,37.13796090627261,10
1,99.95,100.76482948466726,11
2,97.5,82.41850427903924,19
3,99.0,86.10686016222786,26
4,94.0,82.41850427903924,35
5,99.5,86.23701260932307,37
6,31.5,22.479991583833296,39
7,59.5,76.56800351188348,56
8,96.5,88.02352850273499,60
9,95.5,95.81446136781753,85
