,real_%top,predicted_%top,index
0,82.0,80.30443265235864,38
1,98.5,101.28093111622807,46
2,8.0,23.59872738642433,63
3,85.0,97.76376793708344,64
4,81.5,90.79769162040479,70
5,78.0,80.2478083032527,72
6,98.5,99.27448020260043,84
7,98.0,95.78172931842792,86
8,20.0,22.590328746100283,94
9,9.0,4.185132922868065,97
