,real_%top,predicted_%top,index
0,99.0,80.88476666862765,27
1,96.5,87.80372447555587,28
2,99.5,99.60589824525843,48
3,99.0,95.28791318837267,50
4,98.0,90.92894851940368,63
5,81.0,77.7444985630845,74
6,78.0,90.10103762553705,77
7,45.0,61.39767714452297,92
8,11.0,24.983809608243067,101
9,5.0,6.5932638079073564,102
