,real_%top,predicted_%top,index
0,91.4,79.00310359953549,3
1,99.0,97.25385725465287,14
2,23.0,21.10010761932054,23
3,98.5,90.15036443437127,25
4,99.0,90.15036443437127,49
5,88.0,90.15036443437127,61
6,91.0,79.00310359953549,65
7,99.5,97.25385725465287,79
8,99.0,82.42125127442723,81
9,48.5,69.96121162854323,93
10,21.5,21.11500139221431,95
