,real_%top,predicted_%top,index
0,92.0,74.49622831573116,2
1,99.95,96.53848072859574,8
2,99.95,74.49622831573116,12
3,34.5,40.914044601261985,25
4,23.5,19.302186468800954,34
5,89.5,81.5855840478884,37
6,31.5,19.344175196659247,40
7,82.0,81.5855840478884,52
8,59.5,82.35954613962083,57
9,81.5,68.88850457976315,71
10,98.5,96.53848072859574,85
