,real_%top,predicted_%top,index
0,71.0,69.87081682432479,19
1,97.5,91.31728703482216,20
2,51.5,82.10907095842994,23
3,64.0,79.3342800351414,33
4,95.5,80.66354683423634,59
5,68.5,88.60667617132799,60
6,8.0,27.686149526690954,64
7,63.0,64.07901254580328,88
8,20.0,-0.6333847794333849,95
9,9.0,11.730725861815515,98
