,real_%top,predicted_%top,index
0,92.15,87.61819406961337,0
1,98.0,95.2551549287093,13
2,99.9,98.31363283302093,17
3,71.0,78.69077488902155,18
4,34.5,44.77785144054278,24
5,21.5,17.879658768556794,29
6,98.5,93.07072678282896,44
7,74.5,88.16244484297935,68
8,81.0,81.95818760450882,73
9,45.0,72.74557844420708,91
