,real_%top,predicted_%top,index
0,99.95,101.46286126828565,10
1,57.0,61.57048216305155,29
2,10.0,21.66710644685429,32
3,99.5,87.7072582437485,38
4,98.5,90.9013984333962,45
5,62.0,59.62246365560455,55
6,97.0,74.49999994463441,67
7,98.0,100.92088993686939,75
8,45.5,25.442455655277932,89
9,66.5,60.95145869366406,99
