,real_%top,predicted_%top,index
0,99.95,94.39827586206894,9
1,98.5,94.39827586206894,15
2,99.5,94.42499999999998,34
3,89.5,84.61785714285713,36
4,15.0,15.666666666666687,41
5,83.5,84.61785714285713,50
6,96.5,82.36363636363635,53
7,62.5,82.36363636363635,55
8,95.5,94.42499999999998,58
9,40.0,45.50000000000002,89
