,real_%top,predicted_%top,index
0,98.0,98.25770265483723,14
1,86.5,89.47769734787178,22
2,23.0,23.26299975112846,24
3,98.5,99.243248865093,47
4,96.5,99.63302732946677,53
5,98.0,85.05594214760646,58
6,97.5,96.98270084911253,68
7,97.0,97.74742422165735,78
8,21.0,5.261649387105807,81
9,95.5,98.33483791872837,86
