,real_%top,predicted_%top,index
0,92.15,84.73345468260719,0
1,98.0,100.0501865224606,13
2,99.9,99.10281316352938,17
3,71.0,72.53966445951681,18
4,34.5,38.229526247875896,24
5,21.5,14.618603054297495,29
6,98.5,90.3564359677736,44
7,74.5,87.18220340764252,68
8,81.0,79.87690696026837,73
9,45.0,68.05630100069797,91
