,real_%top,predicted_%top,index
0,71.0,76.56519446061371,19
1,97.5,95.04122843407606,20
2,51.5,85.12252632180403,23
3,64.0,80.21670577133808,33
4,95.5,82.51523982336994,59
5,68.5,86.77219923228543,60
6,8.0,27.606662445621737,64
7,63.0,65.49062032041688,88
8,20.0,3.8031614201752575,95
9,9.0,20.043046585065113,98
