,real_%top,predicted_%top,index
0,99.95,98.07014624529732,10
1,57.0,87.22985773459942,29
2,10.0,19.160698839706864,32
3,99.5,93.51306925220209,38
4,98.5,75.64868519329626,45
5,62.0,87.22985773459942,55
6,97.0,93.51306925220209,67
7,98.0,97.43923707568156,75
8,45.5,19.160698839706864,89
9,66.5,93.51306925220209,99
