,real_%top,predicted_%top,index
0,93.8,97.58875584037719,8
1,99.3,97.58875584037719,16
2,96.5,77.24192517118794,27
3,99.5,90.89916539335147,47
4,62.0,85.56772962609774,54
5,98.0,94.52004273811465,57
6,98.0,90.89916539335147,62
7,79.0,85.35571860828533,71
8,22.0,22.025134375436313,99
9,6.5,21.966095442637084,102
