,real_%top,predicted_%top,index
0,99.0,83.29369129280411,27
1,96.5,92.55727099924943,28
2,99.5,93.89750904739206,48
3,99.0,93.63856769707573,50
4,98.0,90.007752865099,63
5,81.0,72.85258927823502,74
6,78.0,92.73927751864443,77
7,45.0,77.18862409695954,92
8,11.0,22.096064831917506,101
9,5.0,21.57828577763845,102
