,real_%top,predicted_%top,index
0,82.0,90.28695115938042,38
1,98.5,96.97423637071468,46
2,8.0,21.562849737647937,63
3,85.0,84.04201701652045,64
4,81.5,81.18249499321752,70
5,78.0,80.26550027657593,72
6,98.5,93.78094373159581,84
7,98.0,93.9170384285655,86
8,20.0,21.562849737647937,94
9,9.0,21.562849737647937,97
