,real_%top,predicted_%top,index
0,92.0,83.40860176384143,1
1,99.95,103.59809827272929,7
2,86.5,85.98917363699097,21
3,10.0,18.120905041005358,31
4,97.0,87.41436550758058,43
5,99.5,95.7589431331114,45
6,82.0,98.84619953205637,51
7,68.5,87.61017900357672,59
8,78.0,97.72576135293241,76
9,45.5,-15.910191964291798,88
10,5.0,18.664045652130184,101
