,real_%top,predicted_%top,index
0,99.95,104.00346140919743,5
1,98.45,91.02934845622504,6
2,99.0,96.98992076874922,15
3,99.3,96.99624959566447,17
4,99.5,98.61449654669397,35
5,36.5,55.692187345413224,43
6,97.0,83.32268482110845,44
7,99.0,85.79229449455545,82
8,98.5,93.63098567850044,83
9,48.5,63.8584512565963,94
10,6.5,19.500101150782797,103
