,real_%top,predicted_%top,index
0,99.95,97.37433907683751,9
1,98.5,97.37433907683751,15
2,99.5,94.9820555709149,34
3,89.5,82.30815066640812,36
4,15.0,20.458800335549437,41
5,83.5,82.30815066640812,50
6,96.5,82.1977084341177,53
7,62.5,83.27409380474641,55
8,95.5,94.9820555709149,58
9,40.0,25.297030666429432,89
