,real_%top,predicted_%top,index
0,98.0,97.56205649617306,14
1,86.5,82.79147254025624,22
2,23.0,21.274436126737772,24
3,98.5,89.8348946540022,47
4,96.5,89.8348946540022,53
5,98.0,95.7191754503276,58
6,97.5,89.8348946540022,68
7,97.0,97.56205649617306,78
8,21.0,21.241279949581596,81
9,95.5,97.56205649617306,86
