,real_%top,predicted_%top,index
0,91.85,83.5848544712197,2
1,99.75,95.84382528309143,12
2,51.5,85.75473444861274,22
3,64.0,79.00222799876347,32
4,96.5,93.91401236887229,52
5,97.0,85.6754341904879,66
6,99.0,86.97497027282354,75
7,97.0,95.2269195427227,77
8,39.5,69.34851497912277,92
9,30.0,13.166417322254048,96
10,11.0,10.37462441625685,100
