,real_%top,predicted_%top,index
0,7.0,42.31441328348204,11
1,99.75,97.02212521921716,13
2,99.9,97.07184293116907,18
3,98.5,87.91125795732239,26
4,94.0,85.39062080362838,36
5,99.5,96.09970137995495,41
6,99.5,95.9536687438174,46
7,96.5,94.86332166893807,54
8,62.5,68.656155315661,56
9,21.5,-4.444183381859716,96
10,22.0,3.145971525090019,100
