,real_%top,predicted_%top,index
0,99.7,90.90700246405606,7
1,54.0,62.631279935879675,31
2,82.0,90.12804400536461,39
3,15.0,18.06084378913489,42
4,99.5,98.69306892379754,49
5,96.5,93.7002865937771,61
6,85.0,90.2635063031308,65
7,78.0,78.43227933672429,73
8,96.0,88.89105617280224,79
9,39.5,48.96942060979314,93
