,real_%top,predicted_%top,index
0,7.0,40.39439414339525,10
1,99.95,99.04453834143656,11
2,97.5,96.19750586347325,19
3,99.0,90.70808782845296,26
4,94.0,98.45687709567422,35
5,99.5,86.22031189477379,37
6,31.5,22.218293613513136,39
7,59.5,64.08870934787859,56
8,96.5,88.59256890112914,60
9,95.5,97.965652320612,85
