,real_%top,predicted_%top,index
0,92.0,88.22662107516369,2
1,99.95,103.08119565649112,8
2,99.95,88.47329152839042,12
3,34.5,46.2635098595417,25
4,23.5,10.46277835471598,34
5,89.5,96.94381308456205,37
6,31.5,20.359284644121146,40
7,82.0,95.88780904200934,52
8,59.5,76.21731901259815,57
9,81.5,87.78666672576327,71
10,98.5,93.37969436640418,85
