,real_%top,predicted_%top,index
0,91.4,85.60795690336589,3
1,99.0,97.68216069752884,14
2,23.0,16.827560070695156,23
3,98.5,79.92840061027772,25
4,99.0,91.28893151445678,49
5,88.0,82.94629316601197,61
6,91.0,82.82496297851027,65
7,99.5,93.31756203361678,79
8,99.0,83.70404955726895,81
9,48.5,64.67877259974664,93
10,21.5,2.041737590633417,95
