,real_%top,predicted_%top,index
0,91.85,76.49545912698409,3
1,98.5,98.56310595238098,16
2,88.0,84.63889047619048,62
3,95.5,93.2670476190476,70
4,79.0,87.29216071428573,72
5,99.5,96.76148095238095,80
6,98.5,95.19732261904761,84
7,98.0,96.66381428571431,87
8,44.5,60.84266865079365,91
9,30.0,18.847152777777776,97
