,real_%top,predicted_%top,index
0,99.7,97.52077514549154,7
1,54.0,59.54941516743158,31
2,82.0,87.28593889027445,39
3,15.0,27.233474718577074,42
4,99.5,87.28593889027445,49
5,96.5,97.94181256193804,61
6,85.0,82.57541556217056,65
7,78.0,76.94205403826837,73
8,96.0,97.04068332878586,79
9,39.5,46.73623818411837,93
