,real_%top,predicted_%top,index
0,7.0,14.687500000000025,10
1,99.95,82.53846153846152,11
2,97.5,98.32499999999999,19
3,99.0,82.53846153846152,26
4,94.0,98.32499999999999,35
5,99.5,93.7642857142857,37
6,31.5,14.687500000000025,39
7,59.5,87.36785714285713,56
8,96.5,93.7642857142857,60
9,95.5,93.7642857142857,85
