,real_%top,predicted_%top,index
0,92.15,92.34214861569997,1
1,91.4,93.00391852196033,4
2,93.8,65.68488088038971,9
3,70.5,92.43084363946335,21
4,21.5,16.121098380840294,30
5,83.5,71.8418694134199,51
6,91.0,100.09402799700521,66
7,74.5,97.02781260431873,69
8,99.0,98.27753937578872,76
9,40.0,46.617119422607196,90
