,real_%top,predicted_%top,index
0,99.95,104.13296658413023,4
1,99.5,103.3713619753449,40
2,99.5,98.61013307729617,48
3,98.0,99.42579733973753,74
4,96.0,92.84094385209309,78
5,21.0,24.929671547710363,80
6,98.5,95.39156061200981,82
7,63.0,43.737222554172014,87
8,44.5,43.47842891791354,90
9,66.5,49.065372908824514,98
