,real_%top,predicted_%top,index
0,7.0,20.043514736488998,11
1,99.75,93.19676249832247,13
2,99.9,98.50522255869132,18
3,98.5,95.77764994303081,26
4,94.0,87.74100773739508,36
5,99.5,94.45649363406199,41
6,99.5,95.87054549192636,46
7,96.5,95.46011843287434,54
8,62.5,63.08104805052403,56
9,21.5,22.30105398890326,96
10,22.0,20.948544429018696,100
