,real_%top,predicted_%top,index
0,91.85,71.54787058946172,2
1,99.75,92.42095783522466,12
2,51.5,92.03355613276045,22
3,64.0,79.57000094382954,32
4,96.5,97.89571165413963,52
5,97.0,90.81966498501501,66
6,99.0,90.0478457389016,75
7,97.0,88.17496112678167,77
8,39.5,65.24988509925747,92
9,30.0,14.780628339797458,96
10,11.0,22.47537821492234,100
