,real_%top,predicted_%top,index
0,99.95,93.77760528782868,4
1,99.5,96.78004678865736,40
2,99.5,97.48322144724646,48
3,98.0,92.67665514113827,74
4,96.0,86.90405567967399,78
5,21.0,20.286755872040594,80
6,98.5,91.80593652086964,82
7,63.0,79.43222025612745,87
8,44.5,79.65051626645561,90
9,66.5,97.57358002146493,98
