,real_%top,predicted_%top,index
0,92.15,77.58323247050798,1
1,91.4,75.86895150485526,4
2,93.8,94.27064347062708,9
3,70.5,82.90766931721016,21
4,21.5,22.10355388876203,30
5,83.5,76.07368049645191,51
6,91.0,94.11235870072046,66
7,74.5,97.44691766189739,69
8,99.0,77.06359651502224,76
9,40.0,22.43967751513566,90
