,real_%top,predicted_%top,index
0,99.95,95.46980976404134,4
1,99.5,94.83312058641468,40
2,99.5,96.31341794566964,48
3,98.0,91.69826117067103,74
4,96.0,93.3596134198708,78
5,21.0,21.603746648269162,80
6,98.5,93.16591102728351,82
7,63.0,80.95279028570302,87
8,44.5,80.96792464422597,90
9,66.5,95.92350976266518,98
