,real_%top,predicted_%top,index
0,92.15,76.96097182539683,1
1,91.4,75.55826349206347,4
2,93.8,92.33548690476192,9
3,70.5,92.09894404761911,21
4,21.5,21.72751587301588,30
5,83.5,73.51297499999998,51
6,91.0,91.491,66
7,74.5,96.0369761904762,69
8,99.0,96.1425880952381,76
9,40.0,33.428916666666666,90
