,real_%top,predicted_%top,index
0,99.95,97.91090892857144,4
1,99.5,97.90575833333334,40
2,99.5,96.73659047619044,48
3,98.0,95.22927738095237,74
4,96.0,92.21063273809523,78
5,21.0,17.514535714285714,80
6,98.5,95.93180595238093,82
7,63.0,55.049263690476174,87
8,44.5,55.072888690476184,90
9,66.5,81.73302976190475,98
