,real_%top,predicted_%top,index
0,98.45,88.465324,5
1,99.7,88.491234,6
2,70.5,88.250084,20
3,57.0,88.531204,28
4,54.0,75.29109,30
5,23.5,20.20593,33
6,36.5,20.112795,42
7,97.5,88.350746,67
8,95.5,88.306175,69
9,98.5,88.26708,83
