,real_%top,predicted_%top,index
0,98.45,80.29416,5
1,99.7,80.27336,6
2,70.5,80.29806,20
3,57.0,80.2887,28
4,54.0,80.25358,30
5,23.5,16.971027,33
6,36.5,78.52146,42
7,97.5,80.30125,67
8,95.5,80.28641,69
9,98.5,92.86106,83
