,real_%top,predicted_%top,index
0,98.45,88.46535,5
1,99.7,88.49126,6
2,70.5,88.2501,20
3,57.0,88.53123,28
4,54.0,75.2911,30
5,23.5,20.205921,33
6,36.5,20.112791,42
7,97.5,88.35076,67
8,95.5,88.3062,69
9,98.5,88.267105,83
