,real_%top,predicted_%top,index
0,91.85,66.18618,2
1,98.5,79.96662,15
2,88.0,79.899086,61
3,95.5,79.88279,69
4,79.0,79.3322,71
5,99.5,79.30035,79
6,98.5,79.25874,83
7,98.0,79.274376,86
8,44.5,41.198193,90
9,30.0,41.159557,96
