,real_%top,predicted_%top,index
0,98.0,86.27575757575758,14
1,86.5,86.27575757575758,22
2,23.0,16.57142857142854,24
3,98.5,86.27575757575758,47
4,96.5,86.27575757575758,53
5,98.0,86.27575757575758,58
6,97.5,86.27575757575758,68
7,97.0,86.27575757575758,78
8,21.0,16.5714285714284,81
9,95.5,86.27575757575758,86
