,real_%top,predicted_%top,index
0,71.0,77.4928138074416,19
1,97.5,89.79429517104123,20
2,51.5,77.30610597800406,23
3,64.0,55.28927669417594,33
4,95.5,89.5835375329055,59
5,68.5,90.26700705805692,60
6,8.0,18.49368962112749,64
7,63.0,45.28310117280137,88
8,20.0,22.49756577773048,95
9,9.0,5.0962273545226635,98
