,real_%top,predicted_%top,index
0,92.15,92.98509719969036,0
1,98.0,99.53653118187351,13
2,99.9,97.74465576015034,17
3,71.0,85.5681433557399,18
4,34.5,12.32978767632067,24
5,21.5,18.302705683877342,29
6,98.5,94.43540553458958,44
7,74.5,97.18011774237085,68
8,81.0,59.33690067256075,73
9,45.0,46.29192478724544,91
