,real_%top,predicted_%top,index
0,99.0,87.35909090909094,27
1,96.5,87.35909090909094,28
2,99.5,87.35909090909094,48
3,99.0,87.35909090909094,50
4,98.0,87.35909090909094,63
5,81.0,87.35909090909094,74
6,78.0,87.35909090909094,77
7,45.0,87.35909090909101,92
8,11.0,18.57142857142847,101
9,5.0,18.57142857142847,102
