,real_%top,predicted_%top,index
0,82.0,88.78693731281763,38
1,98.5,88.78693731281763,46
2,8.0,30.109850202382958,63
3,85.0,88.79764918429872,64
4,81.5,79.79535271719854,70
5,78.0,72.45449933415068,72
6,98.5,94.67687792887115,84
7,98.0,94.67687792887115,86
8,20.0,3.1457976284214055,94
9,9.0,13.066814436203146,97
