,real_%top,predicted_%top,index
0,92.0,83.99357641550745,1
1,99.95,103.88939359752035,7
2,86.5,81.7899683308454,21
3,10.0,11.30555751401073,31
4,97.0,84.14318285404751,43
5,99.5,93.18691712370591,45
6,82.0,98.2839203245911,51
7,68.5,87.83071650511717,59
8,78.0,96.63324910849433,76
9,45.5,-11.804453868208256,88
10,5.0,16.877397972245504,101
