,real_%top,predicted_%top,index
0,99.95,103.33852317859191,5
1,98.45,89.39700290011994,6
2,99.0,96.18341712964545,15
3,99.3,96.2037526662186,17
4,99.5,100.56130901853889,35
5,36.5,70.9593350989539,43
6,97.0,84.00490705462413,44
7,99.0,84.14058539915419,82
8,98.5,92.56376411617094,83
9,48.5,62.44686787063892,94
10,6.5,19.816799759198304,103
