,real_%top,predicted_%top,index
0,98.0,101.48021849557487,14
1,86.5,83.28659119990394,22
2,23.0,18.28902103857527,24
3,98.5,99.60425427375118,47
4,96.5,74.78181455462875,53
5,98.0,87.37221278287747,58
6,97.5,95.8458653160047,68
7,97.0,95.44553457350578,78
8,21.0,6.241351894343628,81
9,95.5,96.97689172486699,86
