,real_%top,predicted_%top,index
0,99.95,93.77142325902815,9
1,98.5,97.3743600239461,15
2,99.5,105.95821920249588,34
3,89.5,86.36579341670863,36
4,15.0,31.486012321576347,41
5,83.5,72.93543517540262,50
6,96.5,99.65939993456284,53
7,62.5,55.17364999881749,55
8,95.5,85.61851577810869,58
9,40.0,41.41449429634313,89
