,real_%top,predicted_%top,index
0,92.0,74.98463295965662,2
1,99.95,93.36673067594046,8
2,99.95,82.6394465203943,12
3,34.5,19.950416789619013,25
4,23.5,19.365359138936366,34
5,89.5,91.07071772394356,37
6,31.5,19.224869628446854,40
7,82.0,90.43135182021811,52
8,59.5,73.49357223017712,57
9,81.5,77.09557210173035,71
10,98.5,91.87107722584447,85
