,real_%top,predicted_%top,index
0,91.4,80.80757242492305,3
1,99.0,97.4530538038564,14
2,23.0,20.081331802119767,23
3,98.5,93.47328070764635,25
4,99.0,95.50694828728716,49
5,88.0,85.80392965844581,61
6,91.0,90.19492793631767,65
7,99.5,93.47125009855999,79
8,99.0,76.24208769024527,81
9,48.5,70.88714102181265,93
10,21.5,20.081331802119767,95
