,real_%top,predicted_%top,index
0,92.15,77.09609742026645,1
1,91.4,73.51533574068785,4
2,93.8,89.58389552559407,9
3,70.5,84.46525425231407,21
4,21.5,21.14781803086834,30
5,83.5,74.07347982438193,51
6,91.0,91.49938650185503,66
7,74.5,96.85734768765244,69
8,99.0,81.93365575928614,76
9,40.0,21.14781803086834,90
