,real_%top,predicted_%top,index
0,99.95,94.16876627183214,4
1,99.5,96.68935156564098,40
2,99.5,96.7734855712552,48
3,98.0,91.19213395602657,74
4,96.0,89.73713306129223,78
5,21.0,21.523242449921195,80
6,98.5,91.38737494440912,82
7,63.0,80.74157929722057,87
8,44.5,80.88427049491175,90
9,66.5,97.25227370703297,98
