,real_%top,predicted_%top,index
0,92.15,72.66947718253968,0
1,98.0,96.46728954080189,13
2,99.9,97.78277671669792,17
3,71.0,81.56554307440925,18
4,34.5,22.61542563604696,24
5,21.5,22.38842340216973,29
6,98.5,90.04077232522384,44
7,74.5,96.39255577110796,68
8,81.0,78.32174220526205,73
9,45.0,66.76911187064569,91
