,real_%top,predicted_%top,index
0,71.0,82.59140307906966,19
1,97.5,95.14453610445933,20
2,51.5,94.93267835387657,23
3,64.0,80.0455102854254,33
4,95.5,85.14806006792486,59
5,68.5,90.47246855225096,60
6,8.0,22.48752922881212,64
7,63.0,65.53537843692253,88
8,20.0,22.84755303833593,95
9,9.0,20.281132889040787,98
