,real_%top,predicted_%top,index
0,93.8,94.78034208794986,8
1,99.3,99.49488374533303,16
2,96.5,76.99905644875412,27
3,99.5,92.18929171255755,47
4,62.0,77.89014252354077,54
5,98.0,88.33015675312902,57
6,98.0,88.82252269120437,62
7,79.0,83.46735462986645,71
8,22.0,9.566571774482654,99
9,6.5,19.69459584560836,102
