,real_%top,predicted_%top,index
0,99.95,100.73013136969107,10
1,57.0,87.02186475590815,29
2,10.0,12.623157450001642,32
3,99.5,96.62876855796902,38
4,98.5,94.82360058849353,45
5,62.0,79.13603798850014,55
6,97.0,84.6173264880284,67
7,98.0,97.68217801708528,75
8,45.5,-13.756052623416437,89
9,66.5,92.18592972298273,99
