,real_%top,predicted_%top,index
0,7.0,44.34931464751999,10
1,99.95,90.88844947297028,11
2,97.5,86.7218454886443,19
3,99.0,72.18528447020779,26
4,94.0,87.57479661571648,35
5,99.5,96.48464015793114,37
6,31.5,34.78481111837922,39
7,59.5,71.83042094278903,56
8,96.5,88.72235037971366,60
9,95.5,95.10785417488027,85
