,real_%top,predicted_%top,index
0,99.7,98.85418565273396,7
1,54.0,82.71407181444881,31
2,82.0,91.41621407097723,39
3,15.0,31.337137216644727,42
4,99.5,91.97406830957331,49
5,96.5,87.40648522261317,61
6,85.0,75.97249212883469,65
7,78.0,85.71396718682749,73
8,96.0,94.4161094433559,79
9,39.5,65.46786770648819,93
