,real_%top,predicted_%top,index
0,7.0,15.879925,10
1,99.95,89.81598,11
2,97.5,90.164185,19
3,99.0,89.87423,26
4,94.0,90.17991,35
5,99.5,90.28781,37
6,31.5,15.866171,39
7,59.5,89.9721,56
8,96.5,90.16655,60
9,95.5,97.39411,85
