,real_%top,predicted_%top,index
0,7.0,90.887665,10
1,99.95,91.62958,11
2,97.5,91.38802,19
3,99.0,91.38819,26
4,94.0,91.380035,35
5,99.5,91.384926,37
6,31.5,10.872212,39
7,59.5,91.38355,56
8,96.5,91.402145,60
9,95.5,91.76952,85
