,real_%top,predicted_%top,index
0,99.7,86.62803,6
1,54.0,75.319176,30
2,82.0,86.754295,38
3,15.0,86.7272,41
4,99.5,86.85769,48
5,96.5,86.756165,60
6,85.0,86.5744,64
7,78.0,74.774704,72
8,96.0,86.417694,78
9,39.5,35.934402,92
