,real_%top,predicted_%top,index
0,93.8,99.92568774802739,8
1,99.3,99.03158629743396,16
2,96.5,91.79228282839323,27
3,99.5,98.43443789033344,47
4,62.0,56.31641352250179,54
5,98.0,93.47643870023938,57
6,98.0,87.91872338866914,62
7,79.0,80.83934407672,71
8,22.0,14.40978752290955,99
9,6.5,5.6122879893496105,102
