,real_%top,predicted_%top,index
0,99.95,95.94208067075283,10
1,57.0,65.85226072519892,29
2,10.0,20.381123034972276,32
3,99.5,97.2521369128036,38
4,98.5,97.91518865252024,45
5,62.0,64.01575827728871,55
6,97.0,95.82572082226909,67
7,98.0,92.74791391319312,75
8,45.5,20.584402123215483,89
9,66.5,89.9151380981434,99
