,real_%top,predicted_%top,index
0,98.45,93.3515625,5
1,99.7,100.0,6
2,70.5,80.421875,20
3,57.0,84.03125,28
4,54.0,85.7265625,30
5,23.5,17.2890625,33
6,36.5,55.0546875,42
7,97.5,82.828125,67
8,95.5,84.0859375,69
9,98.5,90.8125,83
