,real_%top,predicted_%top,index
0,98.45,93.33599942349662,5
1,99.7,99.9837334322585,6
2,70.5,80.41030572328043,20
3,57.0,84.01919083155428,28
4,54.0,85.7185149100226,30
5,23.5,17.27236704298906,33
6,36.5,55.04695567042706,42
7,97.5,82.81566407852742,67
8,95.5,84.07326514281557,69
9,98.5,90.80081929198992,83
