,real_%top,predicted_%top,index
0,91.4,89.38368873399254,3
1,99.0,99.04878850166926,14
2,23.0,20.924520674970843,23
3,98.5,88.29319235751456,25
4,99.0,92.70188140627566,49
5,88.0,96.24702253185181,61
6,91.0,90.59358669356283,65
7,99.5,95.66284712462988,79
8,99.0,94.44973097342276,81
9,48.5,45.437704867439805,93
10,21.5,17.113991046122642,95
