,real_%top,predicted_%top,index
0,99.95,100.1215137313148,10
1,57.0,61.63829537317947,29
2,10.0,17.698524114518722,32
3,99.5,97.51222283603572,38
4,98.5,95.1624677599318,45
5,62.0,58.18158372027985,55
6,97.0,74.50000277091964,67
7,98.0,92.48062480333964,75
8,45.5,13.338785161742,89
9,66.5,49.45947722377647,99
