,real_%top,predicted_%top,index
0,93.8,88.34701471186712,8
1,99.3,99.61076464677274,16
2,96.5,98.79977146395517,27
3,99.5,99.30124200078957,47
4,62.0,56.34740964740168,54
5,98.0,92.10444899555117,57
6,98.0,97.6156728682078,62
7,79.0,76.35489083522538,71
8,22.0,18.872825834862567,99
9,6.5,5.387373512252166,102
