,real_%top,predicted_%top,index
0,99.95,93.55370370370368,9
1,98.5,93.55370370370368,15
2,99.5,94.42499999999998,34
3,89.5,82.61785714285713,36
4,15.0,14.75000000000002,41
5,83.5,82.61785714285713,50
6,96.5,82.93749999999994,53
7,62.5,82.93749999999994,55
8,95.5,94.42499999999998,58
9,40.0,45.50000000000004,89
