,real_%top,predicted_%top,index
0,98.0,104.82672989681726,14
1,86.5,67.75249465701121,22
2,23.0,15.065029437023476,24
3,98.5,99.24568086247591,47
4,96.5,102.21020619740055,53
5,98.0,95.44484963528146,58
6,97.5,96.99171252060628,68
7,97.0,97.76506978031759,78
8,21.0,2.290223357541601,81
9,95.5,98.25222105654402,86
