,real_%top,predicted_%top,index
0,7.0,18.576674603174602,10
1,99.95,94.0767029761905,11
2,97.5,93.79557341269842,19
3,99.0,87.48595714285715,26
4,94.0,90.5145619047619,35
5,99.5,93.19427341269841,37
6,31.5,21.577869047619043,39
7,59.5,67.37431349206351,56
8,96.5,90.94954404761906,60
9,95.5,98.03928452380953,85
