,real_%top,predicted_%top,index
0,99.7,90.2890547619048,7
1,54.0,70.75369404761904,31
2,82.0,87.65105317460316,39
3,15.0,16.97394047619047,42
4,99.5,97.9538829365079,49
5,96.5,92.02652202380952,61
6,85.0,89.92703968253966,65
7,78.0,80.73760595238096,73
8,96.0,92.88521071428573,79
9,39.5,57.328123412698424,93
