,real_%top,predicted_%top,index
0,93.8,96.02154464083208,8
1,99.3,96.99468018367239,16
2,96.5,83.05086357407768,27
3,99.5,92.93221100736534,47
4,62.0,72.97501576491499,54
5,98.0,90.73312174648079,57
6,98.0,83.2299382618241,62
7,79.0,83.57334946764081,71
8,22.0,9.766516945852928,99
9,6.5,17.53162340161792,102
