,real_%top,predicted_%top,index
0,91.4,74.881584,3
1,99.0,75.004265,14
2,23.0,42.506298,23
3,98.5,85.5115,25
4,99.0,76.04011,49
5,88.0,85.500786,61
6,91.0,85.40839,65
7,99.5,85.12831,79
8,99.0,84.99406,81
9,48.5,44.27525,93
10,21.5,14.87383,95
