,real_%top,predicted_%top,index
0,92.0,78.72745,1
1,99.95,78.73842,7
2,99.95,78.731476,11
3,34.5,31.733088,24
4,23.5,31.384356,33
5,89.5,78.989235,36
6,31.5,31.400433,39
7,82.0,79.07807,51
8,59.5,79.25024,56
9,81.5,78.70062,70
10,98.5,78.68455,84
