,real_%top,predicted_%top,index
0,91.4,74.88159,3
1,99.0,75.00429,14
2,23.0,42.506306,23
3,98.5,85.51148,25
4,99.0,76.04013,49
5,88.0,85.50077,61
6,91.0,85.40839,65
7,99.5,85.12828,79
8,99.0,84.99403,81
9,48.5,44.275257,93
10,21.5,14.873838,95
