,real_%top,predicted_%top,index
0,91.4,91.88882,3
1,99.0,92.04424,14
2,23.0,21.510489,23
3,98.5,92.03147,25
4,99.0,92.045876,49
5,88.0,91.87539,61
6,91.0,91.24475,65
7,99.5,98.84294,79
8,99.0,98.78523,81
9,48.5,91.254814,93
10,21.5,15.73226,95
