,real_%top,predicted_%top,index
0,92.15,71.71636428571428,0
1,98.0,98.32380436507941,13
2,99.9,98.74815476190476,17
3,71.0,80.34413333333332,18
4,34.5,29.070571428571427,24
5,21.5,23.143446428571437,29
6,98.5,93.13074523809524,44
7,74.5,96.73691428571428,68
8,81.0,75.70635873015873,73
9,45.0,56.55062499999999,91
