,real_%top,predicted_%top,index
0,71.0,81.04106626984128,19
1,97.5,95.29396646825397,20
2,51.5,89.16347142857144,23
3,64.0,62.893315476190466,33
4,95.5,87.44985952380954,59
5,68.5,88.87838095238098,60
6,8.0,22.961809523809528,64
7,63.0,54.31627380952381,88
8,20.0,17.103422619047613,95
9,9.0,16.489523809523806,98
