,real_%top,predicted_%top,index
0,92.0,80.00250238095236,1
1,99.95,97.3743595238095,7
2,86.5,96.10455813492064,21
3,10.0,23.823547619047616,31
4,97.0,87.81077619047618,43
5,99.5,96.7703369047619,45
6,82.0,96.07380813492065,51
7,68.5,93.5915511904762,59
8,78.0,97.16146051587305,76
9,45.5,23.273668650793653,88
10,5.0,9.901178571428572,101
