,real_%top,predicted_%top,index
0,99.95,96.90990773809521,5
1,98.45,92.67845535714285,6
2,99.0,98.02269404761905,15
3,99.3,98.04961071428573,17
4,99.5,96.07456309523808,35
5,36.5,16.7497619047619,43
6,97.0,84.66216547619045,44
7,99.0,90.43892023809524,82
8,98.5,92.70056785714286,83
9,48.5,48.63223015873015,94
10,6.5,11.245595238095236,103
