,real_%top,predicted_%top,index
0,99.7,95.8538507244905,7
1,54.0,79.58904271609347,31
2,82.0,89.1313245766874,39
3,15.0,31.73253011602337,42
4,99.5,92.91484624878638,49
5,96.5,88.22335466091128,61
6,85.0,80.0721542481615,65
7,78.0,80.89155692126852,73
8,96.0,91.10774410706749,79
9,39.5,63.945009322932385,93
