,real_%top,predicted_%top,index
0,7.0,43.94042504117261,10
1,99.95,93.51283716945915,11
2,97.5,84.01841393514066,19
3,99.0,73.11238317536353,26
4,94.0,83.70054488441093,35
5,99.5,91.20684792135955,37
6,31.5,25.254423370433308,39
7,59.5,74.58125341869038,56
8,96.5,86.24743752249107,60
9,95.5,95.61519468624489,85
