,real_%top,predicted_%top,index
0,92.15,92.81260547744466,0
1,98.0,96.4918412661166,13
2,99.9,97.86365459046058,17
3,71.0,71.9948144675253,18
4,34.5,26.97344656294473,24
5,21.5,18.26060185284522,29
6,98.5,95.92959870047348,44
7,74.5,96.8696763104719,68
8,81.0,79.81411154796045,73
9,45.0,45.736645986431135,91
