,real_%top,predicted_%top,index
0,99.95,99.43924993455079,5
1,98.45,98.38628078947978,6
2,99.0,98.25453464975944,15
3,99.3,98.86904139985558,17
4,99.5,99.58685982232122,35
5,36.5,23.350934341272122,43
6,97.0,73.75207727948724,44
7,99.0,96.1871900759334,82
8,98.5,96.64579877968004,83
9,48.5,39.313543397644054,94
10,6.5,5.108166921219546,103
