,real_%top,predicted_%top,index
0,71.0,82.84412678571432,19
1,97.5,95.04363214285715,20
2,51.5,90.03729563492065,23
3,64.0,66.80035357142859,33
4,95.5,87.25970833333336,59
5,68.5,89.79609166666668,60
6,8.0,22.594428571428576,64
7,63.0,54.42869285714286,88
8,20.0,20.845686507936506,95
9,9.0,14.22376388888889,98
