,real_%top,predicted_%top,index
0,92.15,83.29095714285711,0
1,98.0,98.73473492063488,13
2,99.9,98.65580952380945,17
3,71.0,75.54494523809522,18
4,34.5,28.290136904761912,24
5,21.5,23.995101190476188,29
6,98.5,92.61883750000003,44
7,74.5,97.06925,68
8,81.0,78.04162142857142,73
9,45.0,52.75610714285716,91
