,real_%top,predicted_%top,index
0,99.95,95.54941891394013,9
1,98.5,95.66011388807509,15
2,99.5,102.8775104799722,34
3,89.5,96.86656256142145,36
4,15.0,31.163035446945756,41
5,83.5,79.33453452878142,50
6,96.5,90.94907185851255,53
7,62.5,78.3402849979823,55
8,95.5,78.00084562160207,58
9,40.0,7.609219195571924,89
