,real_%top,predicted_%top,index
0,98.45,91.19196066217754,5
1,99.7,98.30681195682689,6
2,70.5,80.88570710909984,20
3,57.0,85.57240056876081,28
4,54.0,90.09115064315232,30
5,23.5,20.909782729612303,33
6,36.5,43.36600415767271,42
7,97.5,82.46899884749962,67
8,95.5,82.36469958298136,69
9,98.5,92.5128291176034,83
