,real_%top,predicted_%top,index
0,91.85,86.78515539415051,3
1,98.5,96.2725651766982,16
2,88.0,82.68820481097268,62
3,95.5,82.63240914667739,70
4,79.0,83.8897606965632,72
5,99.5,94.3191420535508,80
6,98.5,92.08731548173932,84
7,98.0,93.4822070891215,87
8,44.5,66.34079937838754,91
9,30.0,15.980569046853873,97
