,real_%top,predicted_%top,index
0,92.0,88.34185162886631,1
1,99.95,92.6911108945232,7
2,86.5,88.7594866176406,21
3,10.0,20.440584637739843,31
4,97.0,80.39892904558134,43
5,99.5,98.49638683803748,45
6,82.0,90.1861369452334,51
7,68.5,87.84555304779651,59
8,78.0,100.08970258810356,76
9,45.5,26.95490301047462,88
10,5.0,6.79331640780674,101
