,real_%top,predicted_%top,index
0,99.95,101.46165876109661,5
1,98.45,86.3134731901964,6
2,99.0,98.63400243388779,15
3,99.3,98.63400243388779,17
4,99.5,105.8124997716336,35
5,36.5,19.20548343838202,43
6,97.0,99.4963667429788,44
7,99.0,95.35207234887856,82
8,98.5,95.90753685924783,83
9,48.5,46.39278075444918,94
10,6.5,5.882659314372143,103
