,real_%top,predicted_%top,index
0,99.95,84.57842,4
1,98.45,84.57811,5
2,99.0,84.597984,14
3,99.3,84.61351,16
4,99.5,84.59341,34
5,36.5,28.9801,42
6,97.0,84.59594,43
7,99.0,84.52468,81
8,98.5,84.57066,82
9,48.5,29.372967,93
10,6.5,29.08055,102
