,real_%top,predicted_%top,index
0,92.0,75.81189,1
1,99.95,75.805244,7
2,86.5,75.83131,21
3,10.0,56.79066,31
4,97.0,75.84414,43
5,99.5,75.849304,45
6,82.0,86.649796,51
7,68.5,75.846954,59
8,78.0,87.407394,76
9,45.5,69.18251,88
10,5.0,66.51749,101
