,real_%top,predicted_%top,index
0,92.0,88.19725,1
1,99.95,88.12365,7
2,86.5,88.58821,21
3,10.0,18.952866,31
4,97.0,88.19234,43
5,99.5,88.246666,45
6,82.0,88.67578,51
7,68.5,88.61977,59
8,78.0,88.71107,76
9,45.5,42.361023,88
10,5.0,28.190554,101
