,real_%top,predicted_%top,index
0,92.0,88.19724,1
1,99.95,88.123634,7
2,86.5,88.5882,21
3,10.0,18.95287,31
4,97.0,88.19233,43
5,99.5,88.24666,45
6,82.0,88.67578,51
7,68.5,88.61976,59
8,78.0,88.71106,76
9,45.5,42.361023,88
10,5.0,28.19056,101
