,real_%top,predicted_%top,index
0,7.0,14.33996395096789,11
1,99.75,104.04829925949429,13
2,99.9,94.74339668659164,18
3,98.5,82.18173264507939,26
4,94.0,88.76865617968478,36
5,99.5,96.5704641917287,41
6,99.5,96.88564690708152,46
7,96.5,81.95074105812115,54
8,62.5,52.8721229956638,56
9,21.5,12.808586284988365,96
10,22.0,23.47076948175636,100
