,real_%top,predicted_%top,index
0,91.85,84.37774236358382,2
1,99.75,99.47452802867001,12
2,51.5,91.75914835726361,22
3,64.0,57.95531233314255,32
4,96.5,98.56505624797539,52
5,97.0,74.84288338622358,66
6,99.0,97.265086601973,75
7,97.0,98.62816204731136,77
8,39.5,44.40045069754691,92
9,30.0,25.79080754857136,96
10,11.0,24.462834996276865,100
