,real_%top,predicted_%top,index
0,99.95,100.36683396777573,4
1,99.5,85.35095523899624,40
2,99.5,98.74331838786601,48
3,98.0,96.92665471554152,74
4,96.0,98.86617462230149,78
5,21.0,32.53629938720133,80
6,98.5,97.0630014260739,82
7,63.0,45.55203263583939,87
8,44.5,45.56845210314526,90
9,66.5,45.148828363481634,98
