,real_%top,predicted_%top,index
0,99.95,98.21059894314413,5
1,98.45,101.02799752587025,6
2,99.0,98.82678132406681,15
3,99.3,99.96460235487983,17
4,99.5,98.27977703646212,35
5,36.5,18.12049213662759,43
6,97.0,75.32004085375448,44
7,99.0,93.38490726702122,82
8,98.5,95.96345279347094,83
9,48.5,39.511870509996236,94
10,6.5,5.470667466614451,103
