,real_%top,predicted_%top,index
0,92.0,92.7199598454491,1
1,99.95,99.90814625760814,7
2,86.5,96.94192150387313,21
3,10.0,21.895307694489365,31
4,97.0,73.20916538931245,43
5,99.5,98.93636332813118,45
6,82.0,90.96354230466656,51
7,68.5,93.29644193338854,59
8,78.0,97.07331166627591,76
9,45.5,22.423196242393942,88
10,5.0,11.128133858991395,101
