,real_%top,predicted_%top,index
0,92.15,94.43420585750022,0
1,98.0,99.26847609183022,13
2,99.9,96.83007287525896,17
3,71.0,86.18548168946398,18
4,34.5,3.665559773005403,24
5,21.5,20.519544876459523,29
6,98.5,97.0758314530268,44
7,74.5,97.10062102157389,68
8,81.0,76.92451291123957,73
9,45.0,45.8933974687865,91
