,real_%top,predicted_%top,index
0,71.0,86.44211440386198,19
1,97.5,90.95886549368458,20
2,51.5,81.2832543013158,23
3,64.0,55.57944586124964,33
4,95.5,90.88088598159815,59
5,68.5,89.51230014062128,60
6,8.0,19.961821465136463,64
7,63.0,58.64128025554359,88
8,20.0,24.093746234665677,95
9,9.0,4.103406223470234,98
