,real_%top,predicted_%top,index
0,98.0,85.95729,13
1,86.5,86.01124,21
2,23.0,31.53225,23
3,98.5,85.9379,46
4,96.5,85.957016,52
5,98.0,85.94648,57
6,97.5,85.94073,67
7,97.0,85.90054,77
8,21.0,85.17232,80
9,95.5,85.881386,85
