,real_%top,predicted_%top,index
0,99.95,90.60578,9
1,98.5,90.59137,15
2,99.5,90.58397,34
3,89.5,90.586914,36
4,15.0,90.171646,41
5,83.5,90.63679,50
6,96.5,90.9211,53
7,62.5,89.84996,55
8,95.5,90.729866,58
9,40.0,42.564137,89
