,real_%top,predicted_%top,index
0,99.95,87.30448,9
1,98.5,87.29576,15
2,99.5,87.29738,34
3,89.5,87.275635,36
4,15.0,18.453798,41
5,83.5,96.51739,50
6,96.5,96.38701,53
7,62.5,78.601746,55
8,95.5,87.281624,58
9,40.0,76.03463,89
