,real_%top,predicted_%top,index
0,98.0,96.92442204947827,14
1,86.5,90.1840920554935,22
2,23.0,21.05375331788487,24
3,98.5,95.02849802395318,47
4,96.5,89.04975664480641,53
5,98.0,90.64949669762423,58
6,97.5,91.13871957070705,68
7,97.0,92.41243622470361,78
8,21.0,20.445810399691958,81
9,95.5,92.86132254879621,86
