,real_%top,predicted_%top,index
0,99.95,91.9738773133569,9
1,98.5,97.8221347639697,15
2,99.5,94.86459197452876,34
3,89.5,90.61319670577004,36
4,15.0,20.89211117357015,41
5,83.5,80.56458190975692,50
6,96.5,93.18055916069221,53
7,62.5,72.09764579448327,55
8,95.5,85.28568247071557,58
9,40.0,24.260629190275672,89
