,real_%top,predicted_%top,index
0,92.0,79.10746088309482,1
1,99.95,96.49511640388117,7
2,86.5,95.37132876087014,21
3,10.0,21.145704504323508,31
4,97.0,88.00694022781481,43
5,99.5,94.02100903799969,45
6,82.0,95.51669835385884,51
7,68.5,93.35226941316373,59
8,78.0,97.22034322491236,76
9,45.5,21.084857517976523,88
10,5.0,19.01301220560915,101
