,real_%top,predicted_%top,index
0,99.95,95.3590692050596,5
1,98.45,89.75078820419557,6
2,99.0,97.4217042575308,15
3,99.3,97.3580693368959,17
4,99.5,93.48077013701165,35
5,36.5,18.576597541347542,43
6,97.0,85.21988757149497,44
7,99.0,84.25425262776442,82
8,98.5,92.07312661627586,83
9,48.5,70.59153976995225,94
10,6.5,17.690958763458763,103
