,real_%top,predicted_%top,index
0,91.85,91.14285201167398,3
1,98.5,98.0572119695811,16
2,88.0,82.68580030563334,62
3,95.5,97.03969249279022,70
4,79.0,80.24011057151031,72
5,99.5,97.16854092555712,80
6,98.5,97.572403685843,84
7,98.0,95.49994935933094,87
8,44.5,59.96034256896399,91
9,30.0,21.69296693943512,97
