,real_%top,predicted_%top,index
0,98.45,98.97252073848021,5
1,99.7,92.6665478409453,6
2,70.5,95.271090453252,20
3,57.0,63.244788569691934,28
4,54.0,66.48478764609834,30
5,23.5,21.129266043226483,33
6,36.5,20.645856527501795,42
7,97.5,96.97928315755946,67
8,95.5,97.28190742383468,69
9,98.5,91.1768783518233,83
