,real_%top,predicted_%top,index
0,92.15,93.75536679785492,0
1,98.0,99.85199292980161,13
2,99.9,99.03907903603853,17
3,71.0,86.89860385761585,18
4,34.5,22.330721540120205,24
5,21.5,23.082742220858858,29
6,98.5,96.07649311367258,44
7,74.5,97.00106331560804,68
8,81.0,77.4066186593644,73
9,45.0,44.56062527223679,91
