,real_%top,predicted_%top,index
0,71.0,88.74701674963522,19
1,97.5,98.29955383248164,20
2,51.5,93.07843581102739,23
3,64.0,59.029427186214825,33
4,95.5,86.584165162078,59
5,68.5,84.58417596426962,60
6,8.0,16.00926639242961,64
7,63.0,48.68494072944788,88
8,20.0,21.319872157993434,95
9,9.0,5.085640241473817,98
