,real_%top,predicted_%top,index
0,98.45,89.2424,5
1,99.7,89.22683,6
2,70.5,89.57987,20
3,57.0,89.25082,28
4,54.0,89.24584,30
5,23.5,16.752045,33
6,36.5,17.280895,42
7,97.5,89.526855,67
8,95.5,89.63971,69
9,98.5,89.34567,83
