,real_%top,predicted_%top,index
0,91.85,51.037483,2
1,98.5,93.23482,15
2,88.0,93.23072,61
3,95.5,93.275955,69
4,79.0,93.30571,71
5,99.5,93.290054,79
6,98.5,93.276634,83
7,98.0,93.27951,86
8,44.5,28.95408,90
9,30.0,28.221306,96
