,real_%top,predicted_%top,index
0,98.45,89.24241,5
1,99.7,89.226845,6
2,70.5,89.57989,20
3,57.0,89.250824,28
4,54.0,89.24586,30
5,23.5,16.752043,33
6,36.5,17.280888,42
7,97.5,89.52686,67
8,95.5,89.639725,69
9,98.5,89.34568,83
