,real_%top,predicted_%top,index
0,82.0,90.7596051965537,38
1,98.5,90.7596051965537,46
2,8.0,21.58030861244065,63
3,85.0,84.83099344057749,64
4,81.5,68.36039962204592,70
5,78.0,68.36039962204592,72
6,98.5,97.92196968187656,84
7,98.0,97.92196968187656,86
8,20.0,21.584828814460852,94
9,9.0,21.58030861244065,97
