,real_%top,predicted_%top,index
0,99.0,83.1967909321784,27
1,96.5,77.79737710479819,28
2,99.5,89.43804113342422,48
3,99.0,89.43804113342422,50
4,98.0,89.43804113342422,63
5,81.0,77.79737710479819,74
6,78.0,84.15758796747735,77
7,45.0,74.22049645973266,92
8,11.0,22.41674320274392,101
9,5.0,22.058700490826208,102
