,real_%top,predicted_%top,index
0,99.95,97.74032994869366,9
1,98.5,97.75335418544897,15
2,99.5,99.9148217662138,34
3,89.5,95.08922158292214,36
4,15.0,32.64492574618123,41
5,83.5,76.71143555721837,50
6,96.5,86.89048934687906,53
7,62.5,71.51046266499603,55
8,95.5,80.3014140197511,58
9,40.0,4.212491849680731,89
