,real_%top,predicted_%top,index
0,92.15,86.11643122447968,0
1,98.0,97.90163773706442,13
2,99.9,99.02958187304287,17
3,71.0,71.79228411516634,18
4,34.5,39.78256053170928,24
5,21.5,16.148001186713117,29
6,98.5,89.64108406601032,44
7,74.5,88.0025497433617,68
8,81.0,80.3761372755647,73
9,45.0,68.98289068861084,91
