,real_%top,predicted_%top,index
0,71.0,76.05144372216199,19
1,97.5,94.74004648204364,20
2,51.5,86.61674973090591,23
3,64.0,81.68905347362482,33
4,95.5,82.65753193071392,59
5,68.5,89.86451912883597,60
6,8.0,25.578891239165145,64
7,63.0,65.06207779721893,88
8,20.0,5.58941135197351,95
9,9.0,18.530173999046582,98
