,real_%top,predicted_%top,index
0,99.95,106.87167700533091,4
1,99.5,91.26839469536269,40
2,99.5,88.40716353051872,48
3,98.0,103.05980691572378,74
4,96.0,94.74229255344557,78
5,21.0,36.97329521979326,80
6,98.5,95.0074481446243,82
7,63.0,67.28230549174694,87
8,44.5,67.20716204701367,90
9,66.5,79.00044060383681,98
