,real_%top,predicted_%top,index
0,92.15,88.02522549331648,1
1,91.4,84.59196294114368,4
2,93.8,95.71596035428463,9
3,70.5,78.98712130390277,21
4,21.5,19.989401615289538,30
5,83.5,79.24283864129953,51
6,91.0,85.63155172461593,66
7,74.5,88.70868019950535,69
8,99.0,85.9802659485123,76
9,40.0,8.183364298055494,90
