,real_%top,predicted_%top,index
0,99.95,99.36595375670072,9
1,98.5,99.36595375670072,15
2,99.5,86.92514005564021,34
3,89.5,81.9878526304053,36
4,15.0,30.04323701004055,41
5,83.5,92.35571446071862,50
6,96.5,108.15415069611032,53
7,62.5,68.39904993289366,55
8,95.5,80.97812345999206,58
9,40.0,5.301410613291793,89
