,real_%top,predicted_%top,index
0,92.15,87.15149703482136,0
1,98.0,95.37991841431001,13
2,99.9,97.40381533860347,17
3,71.0,72.03073940768478,18
4,34.5,27.422228632890764,24
5,21.5,19.546176602029178,29
6,98.5,94.3464745560918,44
7,74.5,87.14019308051431,68
8,81.0,81.28611329075238,73
9,45.0,62.38639118063895,91
