,real_%top,predicted_%top,index
0,71.0,74.58864830747993,19
1,97.5,94.71547201648646,20
2,51.5,86.03100808262728,23
3,64.0,80.90445539748751,33
4,95.5,78.59775431658902,59
5,68.5,86.32172876763116,60
6,8.0,23.174515006453362,64
7,63.0,64.40275871402453,88
8,20.0,5.351886228007658,95
9,9.0,16.854740571033474,98
