,real_%top,predicted_%top,index
0,92.0,80.45983740426237,1
1,99.95,96.46721706565495,7
2,86.5,93.93303346514597,21
3,10.0,25.110366353697046,31
4,97.0,88.5351890942391,43
5,99.5,97.5136071754634,45
6,82.0,81.77785245266429,51
7,68.5,89.97519631410258,59
8,78.0,95.8977837084484,76
9,45.5,23.971463409419098,88
10,5.0,16.904135313538372,101
