,real_%top,predicted_%top,index
0,99.95,96.46972508304603,5
1,98.45,92.28181464022087,6
2,99.0,97.85250209292339,15
3,99.3,97.85250209292339,17
4,99.5,94.11043911582696,35
5,36.5,22.298571017707776,43
6,97.0,88.8716880815671,44
7,99.0,91.71110298276926,82
8,98.5,95.11958469497047,83
9,48.5,60.36823779553779,94
10,6.5,16.398755766292528,103
