,real_%top,predicted_%top,index
0,99.95,95.23993309439312,10
1,57.0,82.96347503019855,29
2,10.0,22.762196183696766,32
3,99.5,91.63313885190102,38
4,98.5,94.0212698246198,45
5,62.0,81.17628203569306,55
6,97.0,95.35764339883545,67
7,98.0,93.35377031866912,75
8,45.5,16.522497764060844,89
9,66.5,90.45435746554574,99
