,real_%top,predicted_%top,index
0,99.95,98.71203806921065,4
1,99.5,98.40998149489404,40
2,99.5,98.1222383437641,48
3,98.0,96.39503969144462,74
4,96.0,87.09133152395849,78
5,21.0,17.36882461574374,80
6,98.5,96.75873179517419,82
7,63.0,72.52847194928611,87
8,44.5,72.29095084539001,90
9,66.5,98.74970725974235,98
