,real_%top,predicted_%top,index
0,92.15,69.48960393462745,1
1,91.4,73.21158882714506,4
2,93.8,79.79023839053102,9
3,70.5,94.98161004719829,21
4,21.5,24.490828408111494,30
5,83.5,76.84360685911311,51
6,91.0,91.14050272929686,66
7,74.5,94.41563379748906,69
8,99.0,91.51699722872587,76
9,40.0,23.884850233508324,90
