,real_%top,predicted_%top,index
0,91.4,94.38219881161481,3
1,99.0,99.53309645333253,14
2,23.0,2.5595939673048225,23
3,98.5,79.82440203487548,25
4,99.0,95.026009965777,49
5,88.0,78.60236207953827,61
6,91.0,81.6301324219443,65
7,99.5,99.32109311700903,79
8,99.0,96.05992669077835,81
9,48.5,44.259931824587184,93
10,21.5,10.519824780042446,95
