,real_%top,predicted_%top,index
0,92.0,90.9558716855753,2
1,99.95,86.32561137775575,8
2,99.95,106.4869891419351,12
3,34.5,26.156607369423124,25
4,23.5,20.383914844057603,34
5,89.5,75.5484455002307,37
6,31.5,30.0229139850893,40
7,82.0,82.76450037304694,52
8,59.5,65.65561477481772,57
9,81.5,92.07806910288129,71
10,98.5,96.93896172886217,85
