,real_%top,predicted_%top,index
0,99.95,87.42499999999998,5
1,98.45,87.42499999999998,6
2,99.0,87.42499999999998,15
3,99.3,87.42499999999998,17
4,99.5,87.42499999999998,35
5,36.5,37.250000000000036,43
6,97.0,87.42499999999998,44
7,99.0,87.42499999999998,82
8,98.5,87.42499999999998,83
9,48.5,87.42500000000005,94
10,6.5,19.343750000000085,103
