,real_%top,predicted_%top,index
0,92.0,93.2579652711948,1
1,99.95,100.89498193176247,7
2,86.5,78.5999959487554,21
3,10.0,6.277124405905667,31
4,97.0,86.10686016222786,43
5,99.5,86.23701260932307,45
6,82.0,86.10686016222786,51
7,68.5,80.38651184216731,59
8,78.0,88.17744470724985,76
9,45.5,-10.640901894981042,88
10,5.0,17.89435147800019,101
