,real_%top,predicted_%top,index
0,7.0,13.905191230306198,11
1,99.75,102.24861190525834,13
2,99.9,98.5036074986689,18
3,98.5,98.09030483056667,26
4,94.0,89.87609991048247,36
5,99.5,99.03836179797591,41
6,99.5,98.83524636110205,46
7,96.5,97.13575056254282,54
8,62.5,57.02257932941691,56
9,21.5,10.058624769482638,96
10,22.0,20.745407259652524,100
