,real_%top,predicted_%top,index
0,91.85,59.550916066555644,2
1,99.75,97.91941323359896,12
2,51.5,96.90839979210796,22
3,64.0,63.749376227305994,32
4,96.5,99.01339488655552,52
5,97.0,95.2477949646486,66
6,99.0,91.84020790951777,75
7,97.0,97.92776399692424,77
8,39.5,48.626990751742895,92
9,30.0,8.06141715147402,96
10,11.0,30.057602375787635,100
