,real_%top,predicted_%top,index
0,98.45,101.7854037429333,5
1,99.7,93.66241438075643,6
2,70.5,89.62877090510511,20
3,57.0,65.73840479669705,28
4,54.0,67.40321883752333,30
5,23.5,11.631629615704632,33
6,36.5,20.494524987708896,42
7,97.5,99.82221659548033,67
8,95.5,100.61106100934987,69
9,98.5,95.57089638654782,83
