,real_%top,predicted_%top,index
0,92.15,80.62539003968163,0
1,98.0,96.48147060379962,13
2,99.9,96.53937970181964,17
3,71.0,77.39378872631656,18
4,34.5,22.38987610340806,24
5,21.5,20.77272713531504,29
6,98.5,92.62750660645074,44
7,74.5,94.24669574971887,68
8,81.0,73.10306798802934,73
9,45.0,82.49667737128534,91
