,real_%top,predicted_%top,index
0,99.0,72.84362715500166,27
1,96.5,79.06809337965498,28
2,99.5,92.86083833924717,48
3,99.0,91.16489614190642,50
4,98.0,85.8408476901814,63
5,81.0,87.33064741264307,74
6,78.0,97.91561755066651,77
7,45.0,55.991382399742754,92
8,11.0,21.932753265325275,101
9,5.0,23.54850559838181,102
