,real_%top,predicted_%top,index
0,99.95,96.53756509961212,9
1,98.5,96.32869386107299,15
2,99.5,101.62869280573788,34
3,89.5,96.48910957670125,36
4,15.0,31.646036777316752,41
5,83.5,79.21648233006346,50
6,96.5,89.42955494379515,53
7,62.5,75.63634901072521,55
8,95.5,78.55108754618806,58
9,40.0,6.928689795086839,89
