,real_%top,predicted_%top,index
0,99.95,96.578125,9
1,98.5,96.359375,15
2,99.5,101.671875,34
3,89.5,96.546875,36
4,15.0,31.671875,41
5,83.5,79.265625,50
6,96.5,89.484375,53
7,62.5,75.703125,55
8,95.5,78.609375,58
9,40.0,6.984375,89
