,real_%top,predicted_%top,index
0,82.0,90.92795065834774,38
1,98.5,90.92795065834774,46
2,8.0,23.118341853297448,63
3,85.0,84.05914556427724,64
4,81.5,67.9098714866293,70
5,78.0,67.9098714866293,72
6,98.5,97.43565693120675,84
7,98.0,97.43565693120675,86
8,20.0,23.07815896559691,94
9,9.0,23.118341853297448,97
