,real_%top,predicted_%top,index
0,99.0,81.1528645160653,27
1,96.5,77.82957815544998,28
2,99.5,90.2913930496751,48
3,99.0,90.2913930496751,50
4,98.0,90.2913930496751,63
5,81.0,77.82957815544998,74
6,78.0,81.18021444787553,77
7,45.0,73.8801355987539,92
8,11.0,22.62015888733777,101
9,5.0,22.51149243859044,102
