,real_%top,predicted_%top,index
0,91.85,83.77727272727272,2
1,99.75,83.77727272727272,12
2,51.5,95.74615384615383,22
3,64.0,83.77727272727272,32
4,96.5,95.74615384615383,52
5,97.0,95.74615384615383,66
6,99.0,94.59999999999998,75
7,97.0,95.74615384615383,77
8,39.5,50.250000000000036,92
9,30.0,15.571428571428584,96
10,11.0,18.333333333333343,100
