,real_%top,predicted_%top,index
0,7.0,37.26905556233777,11
1,99.75,100.30786078679985,13
2,99.9,98.76143281089405,18
3,98.5,83.12304153711423,26
4,94.0,89.1589459969667,36
5,99.5,83.12304153711423,41
6,99.5,85.28957546822437,46
7,96.5,95.94510484702677,54
8,62.5,53.287108607948426,56
9,21.5,14.779803820196364,96
10,22.0,20.260126163916368,100
