,real_%top,predicted_%top,index
0,99.7,97.85539794066324,7
1,54.0,83.37108077107214,31
2,82.0,93.05529084492218,39
3,15.0,31.7221706227186,42
4,99.5,96.78339061976575,49
5,96.5,89.2336712426746,61
6,85.0,76.92635427411851,65
7,78.0,82.5128755181933,73
8,96.0,92.19708559204334,79
9,39.5,65.09232791001952,93
