,real_%top,predicted_%top,index
0,7.0,43.088009414857616,10
1,99.95,91.8312335534674,11
2,97.5,85.23940825762456,19
3,99.0,71.4216314814565,26
4,94.0,86.27611209421312,35
5,99.5,94.15573491574278,37
6,31.5,30.467740642814796,39
7,59.5,73.4661722152973,56
8,96.5,89.43249350500788,60
9,95.5,95.70452826858934,85
