,real_%top,predicted_%top,index
0,99.0,88.55787579916114,27
1,96.5,98.02081835993954,28
2,99.5,100.4292877304803,48
3,99.0,96.1640128871725,50
4,98.0,96.22586818249789,63
5,81.0,77.55995962697995,74
6,78.0,96.20064791331019,77
7,45.0,46.10841887153276,92
8,11.0,27.85474007957558,101
9,5.0,4.5564733946417215,102
