,real_%top,predicted_%top,index
0,82.0,90.91830361409181,38
1,98.5,100.93890431891765,46
2,8.0,19.207031272228352,63
3,85.0,88.06329743682532,64
4,81.5,81.34601454712083,70
5,78.0,79.08335434940625,72
6,98.5,97.77281539135643,84
7,98.0,95.50000113240108,86
8,20.0,18.44889806181019,94
9,9.0,5.9845578365751235,97
