,real_%top,predicted_%top,index
0,91.85,86.23386038660689,2
1,99.75,97.3356343893293,12
2,51.5,86.2773539699861,22
3,64.0,82.07191121386272,32
4,96.5,95.18653153164412,52
5,97.0,85.20732456999129,66
6,99.0,89.01026583042038,75
7,97.0,102.07260633194774,77
8,39.5,60.05037623602901,92
9,30.0,17.471670524642676,96
10,11.0,18.89527782581135,100
