,real_%top,predicted_%top,index
0,92.15,84.44417543054749,1
1,91.4,83.34016713461938,4
2,93.8,94.1377628181278,9
3,70.5,77.18133771182617,21
4,21.5,16.176389845757512,30
5,83.5,78.49397653138624,51
6,91.0,84.88840436321256,66
7,74.5,85.1076609617642,69
8,99.0,88.69258705284506,76
9,40.0,10.523666475987511,90
