,real_%top,predicted_%top,index
0,99.95,108.4760202047247,4
1,99.5,96.85303337219355,40
2,99.5,87.53236524459751,48
3,98.0,102.42799082856777,74
4,96.0,91.57727262422421,78
5,21.0,39.07361464261664,80
6,98.5,98.52770606992269,82
7,63.0,70.37427620725943,87
8,44.5,70.1294909837064,90
9,66.5,86.18965387593735,98
