,real_%top,predicted_%top,index
0,7.0,91.73626,10
1,99.75,92.13091,12
2,99.9,92.11639,17
3,98.5,92.10972,25
4,94.0,92.07242,35
5,99.5,92.11602,40
6,99.5,92.11705,45
7,96.5,92.12988,53
8,62.5,88.49005,55
9,21.5,32.51806,95
10,22.0,33.093597,99
