,real_%top,predicted_%top,index
0,91.85,45.396862,2
1,99.75,79.6219,12
2,51.5,79.84799,22
3,64.0,79.780876,32
4,96.5,89.7662,52
5,97.0,79.82778,66
6,99.0,87.16715,75
7,97.0,87.1975,77
8,39.5,79.656494,92
9,30.0,17.386448,96
10,11.0,65.97907,100
