,real_%top,predicted_%top,index
0,91.85,81.749214,2
1,99.75,82.70971,12
2,51.5,82.382355,22
3,64.0,82.69303,32
4,96.5,82.38305,52
5,97.0,82.35768,66
6,99.0,82.11664,75
7,97.0,82.20615,77
8,39.5,54.486156,92
9,30.0,25.725449,96
10,11.0,26.801374,100
