,real_%top,predicted_%top,index
0,82.0,94.99615384615383,38
1,98.5,94.99615384615383,46
2,8.0,16.85714285714288,63
3,85.0,83.97812499999998,64
4,81.5,82.9730769230769,70
5,78.0,82.9730769230769,72
6,98.5,94.99615384615383,84
7,98.0,94.99615384615383,86
8,20.0,21.750000000000043,94
9,9.0,16.85714285714288,97
