,real_%top,predicted_%top,index
0,99.0,96.56456966633438,27
1,96.5,98.53620066800212,28
2,99.5,98.46446650285078,48
3,99.0,98.46446650285078,50
4,98.0,92.04702654138414,63
5,81.0,79.47740251122018,74
6,78.0,79.6513547505151,77
7,45.0,44.0165624362716,92
8,11.0,21.139674389429203,101
9,5.0,20.387988416675153,102
