,real_%top,predicted_%top,index
0,7.0,39.97460575156935,10
1,99.95,87.89251217395491,11
2,97.5,82.57467721578736,19
3,99.0,65.3356165284674,26
4,94.0,86.29254349387601,35
5,99.5,97.461768271444,37
6,31.5,30.388886106970823,39
7,59.5,72.28349980591545,56
8,96.5,92.60994583950308,60
9,95.5,92.91122572403536,85
