,real_%top,predicted_%top,index
0,99.7,98.47263318942295,7
1,54.0,86.48819836457751,31
2,82.0,92.77533094017996,39
3,15.0,29.020607457427005,42
4,99.5,93.41286610352743,49
5,96.5,90.22642691660366,61
6,85.0,79.58389250978315,65
7,78.0,87.66014301422774,73
8,96.0,93.9472755898302,79
9,39.5,66.67011818748831,93
