,real_%top,predicted_%top,index
0,98.45,97.53384456823525,5
1,99.7,90.41236468245525,6
2,70.5,94.41404172731482,20
3,57.0,64.69363377668607,28
4,54.0,64.0890125563461,30
5,23.5,16.018043253507894,33
6,36.5,14.351279218893362,42
7,97.5,97.97622021053517,67
8,95.5,98.0630637584748,69
9,98.5,96.255085035622,83
