,real_%top,predicted_%top,index
0,91.85,89.13281703504155,3
1,98.5,98.52920778224608,16
2,88.0,78.61834169336937,62
3,95.5,98.05392844352038,70
4,79.0,76.18063536329352,72
5,99.5,96.55405088229644,80
6,98.5,90.3213262344127,84
7,98.0,95.4999986454146,87
8,44.5,45.24918798758377,91
9,30.0,21.51522894306316,97
