,real_%top,predicted_%top,index
0,93.8,96.46231910586444,8
1,99.3,95.74090020756591,16
2,96.5,80.46752354744969,27
3,99.5,91.94128541027624,47
4,62.0,75.28233108481317,54
5,98.0,91.7749014695912,57
6,98.0,87.11967326847486,62
7,79.0,84.21304130116395,71
8,22.0,9.675485822649875,99
9,6.5,17.071693032265784,102
