,real_%top,predicted_%top,index
0,99.95,100.53091770009775,10
1,57.0,84.20417057450359,29
2,10.0,7.690192800263176,32
3,99.5,96.7108646689254,38
4,98.5,91.84825225261793,45
5,62.0,76.22842698913281,55
6,97.0,83.02338644135085,67
7,98.0,101.94201300974477,75
8,45.5,-13.434190488167445,89
9,66.5,96.35808040007322,99
