,real_%top,predicted_%top,index
0,91.85,86.21153846153845,3
1,98.5,86.21153846153845,16
2,88.0,86.21153846153845,62
3,95.5,86.21153846153845,70
4,79.0,86.21153846153845,72
5,99.5,86.21153846153845,80
6,98.5,86.21153846153845,84
7,98.0,86.21153846153845,87
8,44.5,86.21153846153852,91
9,30.0,17.13333333333344,97
