,real_%top,predicted_%top,index
0,98.45,93.50522195153715,5
1,99.7,88.7374739353374,6
2,70.5,87.00279257537453,20
3,57.0,82.23504455917478,28
4,54.0,82.59029030258725,30
5,23.5,14.30921551220655,33
6,36.5,34.499999999999844,42
7,97.5,85.32279843692734,67
8,95.5,85.32279843692734,69
9,98.5,95.22655147480745,83
