,real_%top,predicted_%top,index
0,91.4,82.44642857142856,3
1,99.0,93.51666666666665,14
2,23.0,16.00000000000002,23
3,98.5,93.51666666666665,25
4,99.0,93.51666666666665,49
5,88.0,93.51666666666665,61
6,91.0,82.44642857142856,65
7,99.5,93.51666666666665,79
8,99.0,82.56499999999998,81
9,48.5,48.00000000000004,93
10,21.5,17.25000000000004,95
