,real_%top,predicted_%top,index
0,99.0,80.7635595238095,27
1,96.5,89.87755357142855,28
2,99.5,98.36274999999999,48
3,99.0,95.48596785714288,50
4,98.0,89.4489123015873,63
5,81.0,75.37035178571426,74
6,78.0,97.20106547619045,77
7,45.0,54.06893650793651,92
8,11.0,21.974999999999994,101
9,5.0,10.865904761904766,102
