,real_%top,predicted_%top,index
0,82.0,87.62526666666665,38
1,98.5,97.31524285714288,46
2,8.0,21.02470238095238,63
3,85.0,90.22150238095239,64
4,81.5,74.96771071428572,70
5,78.0,72.00776547619049,72
6,98.5,93.50621428571431,84
7,98.0,94.02674404761905,86
8,20.0,19.957142857142856,94
9,9.0,11.99702380952381,97
