,real_%top,predicted_%top,index
0,99.0,83.0523505161158,27
1,96.5,88.59714053468522,28
2,99.5,98.78635816372869,48
3,99.0,100.03677115302173,50
4,98.0,95.34227888935483,63
5,81.0,78.69761521237953,74
6,78.0,91.03185947656327,77
7,45.0,44.20223980071231,92
8,11.0,30.938487890513805,101
9,5.0,8.908666207467224,102
