,real_%top,predicted_%top,index
0,82.0,82.60214545718307,38
1,98.5,99.49680146816706,46
2,8.0,15.005534224252184,63
3,85.0,97.19525489664652,64
4,81.5,78.97616913864253,70
5,78.0,75.15466832284332,72
6,98.5,98.51977261224216,84
7,98.0,95.54573267617613,86
8,20.0,21.44626071815524,94
9,9.0,7.641522389381462,97
