,real_%top,predicted_%top,index
0,91.85,73.14108,2
1,99.75,92.9081,12
2,51.5,92.898415,22
3,64.0,92.88996,32
4,96.5,92.905334,52
5,97.0,92.90208,66
6,99.0,92.87726,75
7,97.0,92.88825,77
8,39.5,50.807304,92
9,30.0,18.261383,96
10,11.0,21.181993,100
