,real_%top,predicted_%top,index
0,91.85,33.27031,2
1,99.75,85.46495,12
2,51.5,83.51738,22
3,64.0,85.43249,32
4,96.5,97.793106,52
5,97.0,85.35089,66
6,99.0,98.21238,75
7,97.0,98.19468,77
8,39.5,85.48498,92
9,30.0,12.432757,96
10,11.0,54.507603,100
