,real_%top,predicted_%top,index
0,7.0,86.16237,10
1,99.75,86.5076,12
2,99.9,86.47201,17
3,98.5,86.43438,25
4,94.0,86.44744,35
5,99.5,86.47083,40
6,99.5,86.47128,45
7,96.5,86.48451,53
8,62.5,71.586914,55
9,21.5,33.512238,95
10,22.0,33.46152,99
