,real_%top,predicted_%top,index
0,91.85,71.03472,2
1,99.75,92.00529,12
2,51.5,92.73795,22
3,64.0,92.12383,32
4,96.5,92.75387,52
5,97.0,92.739876,66
6,99.0,92.72875,75
7,97.0,92.73552,77
8,39.5,39.60124,92
9,30.0,18.729591,96
10,11.0,20.43815,100
