,real_%top,predicted_%top,index
0,91.4,92.14559390042427,3
1,99.0,99.40255934002838,14
2,23.0,12.504463476501035,23
3,98.5,56.145414878661676,25
4,99.0,97.07809709286514,49
5,88.0,84.07143748889895,61
6,91.0,86.57588453819362,65
7,99.5,96.77029909491247,79
8,99.0,97.56809714314487,81
9,48.5,43.03387089287558,93
10,21.5,14.196667612570005,95
