,real_%top,predicted_%top,index
0,92.15,76.97779666640758,0
1,98.0,98.27340113383248,13
2,99.9,99.05433026497779,17
3,71.0,87.52461646839474,18
4,34.5,36.44980471391584,24
5,21.5,18.0106623846147,29
6,98.5,96.6772044254395,44
7,74.5,97.71623833436814,68
8,81.0,78.31020037563502,73
9,45.0,47.032377092969185,91
