,real_%top,predicted_%top,index
0,71.0,86.34247371361161,19
1,97.5,92.07100419623279,20
2,51.5,84.0803962441481,23
3,64.0,50.33539298304561,33
4,95.5,82.04233245422012,59
5,68.5,90.12208802607006,60
6,8.0,31.023810433343446,64
7,63.0,44.22478178026314,88
8,20.0,21.618269911021326,95
9,9.0,30.017554810229772,98
