,real_%top,predicted_%top,index
0,7.0,17.124716728431363,10
1,99.95,102.57434589063887,11
2,97.5,83.32019686595643,19
3,99.0,82.04374726243479,26
4,94.0,93.39542196337719,35
5,99.5,99.15460974766201,37
6,31.5,31.319178199617966,39
7,59.5,63.44827775697867,56
8,96.5,93.26657066539775,60
9,95.5,98.70280722076738,85
