,real_%top,predicted_%top,index
0,92.15,65.19384775641026,1
1,91.4,85.01622828213455,4
2,93.8,95.23993309439312,9
3,70.5,91.1937665097158,21
4,21.5,22.762196183696766,30
5,83.5,82.47359829929057,51
6,91.0,92.22144178460427,66
7,74.5,95.35764339883545,69
8,99.0,92.6110757707334,76
9,40.0,18.193512410525493,90
