,real_%top,predicted_%top,index
0,99.95,96.77510313070363,4
1,99.5,91.25236041923581,40
2,99.5,94.05502634656828,48
3,98.0,93.06535698269741,74
4,96.0,95.49098390430521,78
5,21.0,23.228430832475915,80
6,98.5,93.23552689611732,82
7,63.0,71.56662286186034,87
8,44.5,71.4522417291042,90
9,66.5,96.91114159888319,98
