,real_%top,predicted_%top,index
0,99.95,96.90286705062655,5
1,98.45,88.86463396950698,6
2,99.0,97.43444330553992,15
3,99.3,97.43444330553992,17
4,99.5,95.34324100074764,35
5,36.5,19.961830293807502,43
6,97.0,85.77711808041242,44
7,99.0,90.98482011773915,82
8,98.5,95.17698298820206,83
9,48.5,62.56029678426151,94
10,6.5,16.171687341876392,103
