,real_%top,predicted_%top,index
0,92.0,76.78859255109569,1
1,99.95,96.37802851656859,7
2,86.5,94.29930739463497,21
3,10.0,24.488873286435787,31
4,97.0,89.30635095256052,43
5,99.5,96.51682551182479,45
6,82.0,78.32750243588107,51
7,68.5,91.65423069275064,59
8,78.0,96.31940217127212,76
9,45.5,23.735252684815187,88
10,5.0,17.244954607892108,101
