,real_%top,predicted_%top,index
0,92.15,93.51646630172611,1
1,91.4,93.82913561376006,4
2,93.8,89.83500424700281,9
3,70.5,94.70980435674419,21
4,21.5,22.44165431108801,30
5,83.5,69.47593412166638,51
6,91.0,84.49338849145981,66
7,74.5,95.36726295290664,69
8,99.0,95.34205077116809,76
9,40.0,47.253126152623125,90
