,real_%top,predicted_%top,index
0,99.95,106.15493657000847,4
1,99.5,101.90101464543187,40
2,99.5,98.49999995815841,48
3,98.0,96.22592634406861,74
4,96.0,85.1347734004217,78
5,21.0,30.196627690408473,80
6,98.5,96.0684263682674,82
7,63.0,47.23153841520814,87
8,44.5,44.70197608309349,90
9,66.5,54.78018004234257,98
