,real_%top,predicted_%top,index
0,99.0,69.67249187509216,27
1,96.5,77.3927822026668,28
2,99.5,88.44932798334082,48
3,99.0,86.60237277367219,50
4,98.0,83.74654496515426,63
5,81.0,86.14818787421433,74
6,78.0,99.14225516692744,77
7,45.0,63.98253006834235,92
8,11.0,20.69607485683285,101
9,5.0,21.230172281196616,102
