,real_%top,predicted_%top,index
0,82.0,94.1345369154402,38
1,98.5,92.83630929385292,46
2,8.0,25.535048311120207,63
3,85.0,76.74814111602922,64
4,81.5,83.96109441558505,70
5,78.0,81.7506318612974,72
6,98.5,92.99001010715767,84
7,98.0,93.71613742092683,86
8,20.0,4.846396073297896,94
9,9.0,17.637159472989424,97
