,real_%top,predicted_%top,index
0,7.0,43.62962508963871,10
1,99.95,93.27557846045735,11
2,97.5,85.77113495522993,19
3,99.0,75.46165018622278,26
4,94.0,84.53203826648293,35
5,99.5,91.50599286479351,37
6,31.5,25.602650787512907,39
7,59.5,76.03881279610572,56
8,96.5,86.91754979895715,60
9,95.5,96.66364926852033,85
