,real_%top,predicted_%top,index
0,99.7,96.77269411598166,7
1,54.0,80.22800285049003,31
2,82.0,90.57836471646347,39
3,15.0,35.72309768228648,42
4,99.5,94.04865430478118,49
5,96.5,88.91432784853389,61
6,85.0,80.22827844003943,65
7,78.0,79.93093011161277,73
8,96.0,91.02862799046567,79
9,39.5,64.30712414857928,93
