,real_%top,predicted_%top,index
0,82.0,85.93661547315064,38
1,98.5,85.93661547315064,46
2,8.0,34.772036839317444,63
3,85.0,88.84117544256013,64
4,81.5,80.91637882309897,70
5,78.0,77.57224183660296,72
6,98.5,94.66709721782064,84
7,98.0,94.66709721782064,86
8,20.0,8.165121088100364,94
9,9.0,17.33226668458147,97
