,real_%top,predicted_%top,index
0,99.0,88.28307692307695,27
1,96.5,88.28307692307695,28
2,99.5,88.28307692307695,48
3,99.0,88.28307692307695,50
4,98.0,88.28307692307695,63
5,81.0,88.28307692307695,74
6,78.0,88.28307692307695,77
7,45.0,88.28307692307702,92
8,11.0,19.999999999999986,101
9,5.0,19.999999999999986,102
