,real_%top,predicted_%top,index
0,99.95,95.32932099120268,9
1,98.5,96.20504562190656,15
2,99.5,101.565423286986,34
3,89.5,95.15098862764593,36
4,15.0,30.954535648168807,41
5,83.5,76.56266339423391,50
6,96.5,89.72446348807219,53
7,62.5,76.0072850106148,55
8,95.5,78.6337798277634,58
9,40.0,5.4176330415414355,89
