,real_%top,predicted_%top,index
0,98.0,96.66341485523824,14
1,86.5,88.21277954949092,22
2,23.0,25.005071220434644,24
3,98.5,91.71945967492879,47
4,96.5,90.09754164664068,53
5,98.0,92.8244212346267,58
6,97.5,83.39714497911102,68
7,97.0,102.1494662278347,78
8,21.0,34.058327025787015,81
9,95.5,94.32737028539559,86
