,real_%top,predicted_%top,index
0,99.95,98.27296996773688,9
1,98.5,98.27296996773688,15
2,99.5,87.00279257537453,34
3,89.5,82.23504455917478,36
4,15.0,28.61245956080554,41
5,83.5,91.32345255858678,50
6,96.5,104.73252054121103,53
7,62.5,76.14254814794033,55
8,95.5,80.55505042072761,58
9,40.0,0.922472913553591,89
