,real_%top,predicted_%top,index
0,98.0,86.21153846153845,14
1,86.5,86.21153846153845,22
2,23.0,17.13333333333344,24
3,98.5,86.21153846153845,47
4,96.5,86.21153846153845,53
5,98.0,86.21153846153845,58
6,97.5,86.21153846153845,68
7,97.0,86.21153846153845,78
8,21.0,17.133333333333297,81
9,95.5,86.21153846153845,86
