,real_%top,predicted_%top,index
0,99.95,97.47539839165405,9
1,98.5,97.3056671593458,15
2,99.5,104.29668311235329,34
3,89.5,98.24255123020389,36
4,15.0,29.91456691947257,41
5,83.5,83.17621633792852,50
6,96.5,95.63191432174717,53
7,62.5,71.95504849698693,55
8,95.5,79.75320849427246,58
9,40.0,-3.586979941508531,89
