,real_%top,predicted_%top,index
0,91.4,76.43823463071871,3
1,99.0,97.6049960171201,14
2,23.0,21.278449231281847,23
3,98.5,89.9763722337889,25
4,99.0,94.98748629174457,49
5,88.0,89.52237920632531,61
6,91.0,90.38795488766627,65
7,99.5,94.17363677718694,79
8,99.0,75.83251134385044,81
9,48.5,69.63894386126626,93
10,21.5,20.86596772866746,95
