,real_%top,predicted_%top,index
0,99.95,102.5029949229257,9
1,98.5,99.07500825388122,15
2,99.5,103.44115607958922,34
3,89.5,83.20441517469696,36
4,15.0,7.242892410012509,41
5,83.5,68.66982673388004,50
6,96.5,95.52801281395075,53
7,62.5,55.55854677667322,55
8,95.5,94.00473205044564,58
9,40.0,45.1129813154425,89
