,real_%top,predicted_%top,index
0,98.0,99.61682257272516,14
1,86.5,85.45310507385761,22
2,23.0,24.051494375039603,24
3,98.5,99.41932741003116,47
4,96.5,98.28943596671549,53
5,98.0,89.33198918565333,58
6,97.5,95.74730797475993,68
7,97.0,97.83461475686315,78
8,21.0,10.88279670954266,81
9,95.5,97.72665236690702,86
