,real_%top,predicted_%top,index
0,99.95,94.47867287210336,10
1,57.0,82.6781937513875,29
2,10.0,20.93168255274138,32
3,99.5,91.91831713723366,38
4,98.5,94.29700058364836,45
5,62.0,82.25090479381728,55
6,97.0,92.44423473422005,67
7,98.0,94.83866773088022,75
8,45.5,20.17855953686836,89
9,66.5,90.57602120155168,99
