,real_%top,predicted_%top,index
0,93.8,94.60571749683925,8
1,99.3,97.84048482290842,16
2,96.5,91.83633559754871,27
3,99.5,94.76489019052842,47
4,62.0,75.22778150346379,54
5,98.0,91.78768066745346,57
6,98.0,88.22090922601436,62
7,79.0,77.81368825922526,71
8,22.0,21.390806628205823,99
9,6.5,19.91128743906163,102
