,real_%top,predicted_%top,index
0,71.0,88.40942,18
1,97.5,88.63822,19
2,51.5,88.581474,22
3,64.0,88.42243,32
4,95.5,88.52306,58
5,68.5,88.50493,59
6,8.0,88.34505,63
7,63.0,26.93134,87
8,20.0,25.194927,94
9,9.0,24.475664,97
