,real_%top,predicted_%top,index
0,92.15,85.59433,0
1,98.0,85.60323,13
2,99.9,85.6393,17
3,71.0,85.817665,18
4,34.5,35.947903,24
5,21.5,21.787485,29
6,98.5,85.56,44
7,74.5,85.7969,68
8,81.0,85.59134,73
9,45.0,45.132,91
