,real_%top,predicted_%top,index
0,92.15,84.16265,0
1,98.0,84.31597,13
2,99.9,84.27813,17
3,71.0,84.21919,18
4,34.5,81.20198,24
5,21.5,14.252062,29
6,98.5,84.2282,44
7,74.5,84.35926,68
8,81.0,97.184906,73
9,45.0,84.24221,91
