,real_%top,predicted_%top,index
0,71.0,84.70571,18
1,97.5,84.756355,19
2,51.5,84.712074,22
3,64.0,84.68101,32
4,95.5,84.6962,58
5,68.5,84.56624,59
6,8.0,84.650826,63
7,63.0,38.39296,87
8,20.0,38.437656,94
9,9.0,38.457672,97
