,real_%top,predicted_%top,index
0,92.15,93.35178,0
1,98.0,93.35541,13
2,99.9,93.3626,17
3,71.0,93.35953,18
4,34.5,93.31005,24
5,21.5,28.597876,29
6,98.5,93.31137,44
7,74.5,93.36132,68
8,81.0,99.079216,73
9,45.0,93.304565,91
