,real_%top,predicted_%top,index
0,92.15,84.64685,0
1,98.0,84.64245,13
2,99.9,84.63003,17
3,71.0,86.71648,18
4,34.5,38.64247,24
5,21.5,26.149296,29
6,98.5,85.01331,44
7,74.5,86.41695,68
8,81.0,84.740265,73
9,45.0,41.61822,91
