,real_%top,predicted_%top,index
0,99.95,85.7730769230769,5
1,98.45,85.7730769230769,6
2,99.0,85.7730769230769,15
3,99.3,85.7730769230769,17
4,99.5,85.7730769230769,35
5,36.5,37.25000000000007,43
6,97.0,85.7730769230769,44
7,99.0,85.7730769230769,82
8,98.5,85.7730769230769,83
9,48.5,85.77307692307697,94
10,6.5,19.57142857142867,103
