,real_%top,predicted_%top,index
0,7.0,40.16664959548242,10
1,99.95,90.94389166755332,11
2,97.5,87.31415408534049,19
3,99.0,70.44039253493627,26
4,94.0,84.38746121866082,35
5,99.5,97.63457599378921,37
6,31.5,31.88827464230733,39
7,59.5,72.19934772822067,56
8,96.5,92.2522956288496,60
9,95.5,94.0738579506487,85
