,real_%top,predicted_%top,index
0,7.0,23.30143128473058,11
1,99.75,95.48130447579383,13
2,99.9,97.80740589410593,18
3,98.5,87.22036628591997,26
4,94.0,87.2049125013875,36
5,99.5,87.25261402625154,41
6,99.5,90.89698970751473,46
7,96.5,91.8895735304728,54
8,62.5,67.4383938880564,56
9,21.5,21.83506293013196,96
10,22.0,21.83506293013196,100
