,real_%top,predicted_%top,index
0,91.85,71.16231448865676,2
1,99.75,95.18265179779368,12
2,51.5,94.29801680852907,22
3,64.0,77.40964714064958,32
4,96.5,94.1060041822664,52
5,97.0,93.1180268939394,66
6,99.0,85.3451067340511,75
7,97.0,93.90382432185548,77
8,39.5,67.48682763919084,92
9,30.0,17.890577692345502,96
10,11.0,18.18358295097576,100
