,real_%top,predicted_%top,index
0,98.0,99.2615646825397,14
1,86.5,89.76648293650797,22
2,23.0,29.96652380952381,24
3,98.5,98.50381031746032,47
4,96.5,94.756875,53
5,98.0,93.34241547619047,58
6,97.5,93.68675000000002,68
7,97.0,96.21975476190474,78
8,21.0,22.054916666666667,81
9,95.5,96.95399285714285,86
