,real_%top,predicted_%top,index
0,99.95,96.45706587301585,9
1,98.5,98.81500158730155,15
2,99.5,96.03774285714289,34
3,89.5,83.08965753968258,36
4,15.0,20.468863095238095,41
5,83.5,75.24482023809523,50
6,96.5,91.87251488095238,53
7,62.5,66.6898988095238,55
8,95.5,85.29446547619051,58
9,40.0,30.998,89
