,real_%top,predicted_%top,index
0,7.0,21.153578222259338,11
1,99.75,94.16405547709225,13
2,99.9,97.53696645785868,18
3,98.5,94.10811913916218,26
4,94.0,78.23686086782945,36
5,99.5,94.4709643714153,41
6,99.5,95.21535331478188,46
7,96.5,90.29561751477294,54
8,62.5,80.05782997602755,56
9,21.5,21.024903979835095,96
10,22.0,21.024903979835095,100
