,real_%top,predicted_%top,index
0,91.85,80.51622359130172,2
1,99.75,94.2685611922663,12
2,51.5,96.2705203427806,22
3,64.0,76.7620529160619,32
4,96.5,96.33057047647044,52
5,97.0,91.35456690703933,66
6,99.0,78.04146435536428,75
7,97.0,94.43583080071566,77
8,39.5,72.86549841757409,92
9,30.0,22.133571775642316,96
10,11.0,22.133571775642316,100
