,real_%top,predicted_%top,index
0,98.45,93.72266166175419,5
1,99.7,89.0950009911088,6
2,70.5,87.93061386493284,20
3,57.0,83.30295319428747,28
4,54.0,80.42152509959375,30
5,23.5,13.181949670487626,33
6,36.5,71.2596059649472,42
7,97.5,86.88747479485623,67
8,95.5,86.88747479485623,69
9,98.5,95.7691448222087,83
