,real_%top,predicted_%top,index
0,91.4,86.69308166866482,3
1,99.0,99.23782416069672,14
2,23.0,16.25809550192139,23
3,98.5,78.33985404078267,25
4,99.0,89.79432757326575,49
5,88.0,83.40070870765116,61
6,91.0,82.87530913067802,65
7,99.5,94.90498212684038,79
8,99.0,85.32271495863041,81
9,48.5,62.491501198253864,93
10,21.5,-0.12546884427517568,95
