,real_%top,predicted_%top,index
0,92.0,86.25896260395724,2
1,99.95,101.9769607395197,8
2,99.95,89.71821079043414,12
3,34.5,43.48543660837006,25
4,23.5,18.818725151893233,34
5,89.5,94.70068442590104,37
6,31.5,29.412344074875328,40
7,82.0,97.10722299977564,52
8,59.5,74.24724318357013,57
9,81.5,86.19713478419365,71
10,98.5,94.39827188481523,85
