,real_%top,predicted_%top,index
0,93.8,99.66267992701407,8
1,99.3,99.66267992701407,16
2,96.5,90.56000941448427,27
3,99.5,89.29131829178648,47
4,62.0,78.91774528785177,54
5,98.0,83.20114882847996,57
6,98.0,87.48455236910813,62
7,79.0,87.80639505007196,71
8,22.0,16.20076279467139,99
9,6.5,17.708119003636597,102
