,real_%top,predicted_%top,index
0,99.95,89.18134328358207,10
1,57.0,89.18134328358207,29
2,10.0,18.34615384615391,32
3,99.5,89.18134328358207,38
4,98.5,89.18134328358207,45
5,62.0,89.18134328358207,55
6,97.0,89.18134328358207,67
7,98.0,89.18134328358207,75
8,45.5,18.34615384615391,89
9,66.5,89.18134328358207,99
