,real_%top,predicted_%top,index
0,99.95,88.09696969696968,5
1,98.45,88.09696969696968,6
2,99.0,88.09696969696968,15
3,99.3,88.09696969696968,17
4,99.5,88.09696969696968,35
5,36.5,37.2500000000001,43
6,97.0,88.09696969696968,44
7,99.0,88.09696969696968,82
8,98.5,88.09696969696968,83
9,48.5,88.09696969696975,94
10,6.5,20.535714285714306,103
