,real_%top,predicted_%top,index
0,99.95,98.39927462565308,9
1,98.5,97.96082299521481,15
2,99.5,100.70699501291163,34
3,89.5,81.93259033616117,36
4,15.0,30.71318849353221,41
5,83.5,72.15828975286809,50
6,96.5,91.65916207645104,53
7,62.5,53.48279182011784,55
8,95.5,87.03188023935944,58
9,40.0,40.50868235333604,89
