,real_%top,predicted_%top,index
0,99.95,98.4903112359921,9
1,98.5,98.61972630992936,15
2,99.5,99.14891037096102,34
3,89.5,79.86784400663122,36
4,15.0,8.455771045951655,41
5,83.5,71.16155546102335,50
6,96.5,94.05314892583851,53
7,62.5,56.1672569208972,55
8,95.5,85.9253067975934,58
9,40.0,35.525627204525584,89
