,real_%top,predicted_%top,index
0,98.0,99.43092218065264,14
1,86.5,95.33461401016869,22
2,23.0,32.29092325223738,24
3,98.5,99.46170691674055,47
4,96.5,98.87160260078886,53
5,98.0,97.11464502407901,58
6,97.5,95.65343145022835,68
7,97.0,86.40494284040187,78
8,21.0,31.890449777139565,81
9,95.5,98.49476595822398,86
