,real_%top,predicted_%top,index
0,91.4,84.01401547811336,3
1,99.0,98.89726534939925,14
2,23.0,18.352877605771667,23
3,98.5,84.2695075958118,25
4,99.0,93.260795863436,49
5,88.0,84.11637381995641,61
6,91.0,84.09000629524931,65
7,99.5,94.2355609311163,79
8,99.0,84.99419712788949,81
9,48.5,69.5186641532006,93
10,21.5,0.6046696696390086,95
