,real_%top,predicted_%top,index
0,92.0,85.05719066303703,2
1,99.95,101.48936291289374,8
2,99.95,88.49933440770447,12
3,34.5,44.320133324858645,25
4,23.5,18.134420475353394,34
5,89.5,96.76214990627457,37
6,31.5,30.101065378274583,40
7,82.0,97.98027244644346,52
8,59.5,74.79142269618623,57
9,81.5,83.98287879751203,71
10,98.5,92.77508234176638,85
