,real_%top,predicted_%top,index
0,91.85,88.83077260100117,2
1,99.75,101.78344148109302,12
2,51.5,81.12299307560977,22
3,64.0,57.998661148077666,32
4,96.5,98.35150329324455,52
5,97.0,97.29621857915666,66
6,99.0,99.60042558634237,75
7,97.0,98.82882913519462,77
8,39.5,48.31531270142995,92
9,30.0,26.958510813243596,96
10,11.0,23.61379880409827,100
