,real_%top,predicted_%top,index
0,7.0,11.249484309158765,11
1,99.75,100.7591927322163,13
2,99.9,98.71592335082272,18
3,98.5,93.96180209848609,26
4,94.0,77.17063189235968,36
5,99.5,98.3650422861031,41
6,99.5,97.50400003799518,46
7,96.5,97.07182545265063,54
8,62.5,56.52847380846076,56
9,21.5,12.06318098717365,96
10,22.0,17.20856275277889,100
