,real_%top,predicted_%top,index
0,98.0,97.45835700151937,14
1,86.5,86.73761168706899,22
2,23.0,20.068617454979037,24
3,98.5,91.13689663960315,47
4,96.5,91.13689663960315,53
5,98.0,95.21480240969194,58
6,97.5,91.13689663960315,68
7,97.0,97.45835700151937,78
8,21.0,20.08432115868274,81
9,95.5,97.45835700151937,86
