,real_%top,predicted_%top,index
0,99.95,97.31494466260048,9
1,98.5,97.31494466260048,15
2,99.5,94.78410522317887,34
3,89.5,85.01601849135635,36
4,15.0,21.072797637987254,41
5,83.5,85.01601849135635,50
6,96.5,78.81135952775098,53
7,62.5,80.72390096295557,55
8,95.5,94.78410522317887,58
9,40.0,25.975970839686948,89
