,real_%top,predicted_%top,index
0,91.4,86.95975,3
1,99.0,87.01267,14
2,23.0,41.7489,23
3,98.5,87.11094,25
4,99.0,87.149315,49
5,88.0,87.090515,61
6,91.0,87.03198,65
7,99.5,86.99346,79
8,99.0,86.94076,81
9,48.5,46.487747,93
10,21.5,12.427392,95
