,real_%top,predicted_%top,index
0,91.4,77.94057,3
1,99.0,78.01575,14
2,23.0,22.794008,23
3,98.5,78.00766,25
4,99.0,78.011024,49
5,88.0,77.965836,61
6,91.0,77.646706,65
7,99.5,94.659386,79
8,99.0,94.55411,81
9,48.5,77.65654,93
10,21.5,10.008056,95
