,real_%top,predicted_%top,index
0,99.7,89.74848484848484,7
1,54.0,89.74848484848484,31
2,82.0,89.74848484848484,39
3,15.0,19.92857142857129,42
4,99.5,89.74848484848484,49
5,96.5,89.74848484848484,61
6,85.0,89.74848484848484,65
7,78.0,89.74848484848484,73
8,96.0,89.74848484848484,79
9,39.5,89.7484848484849,93
