,real_%top,predicted_%top,index
0,7.0,42.806372343169755,10
1,99.95,100.32776098180359,11
2,97.5,82.89972127694614,19
3,99.0,86.2829866848739,26
4,94.0,82.89972127694614,35
5,99.5,87.36503692224564,37
6,31.5,28.76159804624018,39
7,59.5,74.87459829692901,56
8,96.5,88.27054523282753,60
9,95.5,95.59420233084386,85
