,real_%top,predicted_%top,index
0,92.0,87.28436779193507,2
1,99.95,102.09928276076536,8
2,99.95,89.9987947989023,12
3,34.5,47.15971137967284,25
4,23.5,11.826634043409243,34
5,89.5,97.00152968170399,37
6,31.5,21.1379581982104,40
7,82.0,96.71562351337198,52
8,59.5,78.0808469509154,57
9,81.5,86.27325890752346,71
10,98.5,93.42055547479218,85
