,real_%top,predicted_%top,index
0,91.4,87.63571950916291,3
1,99.0,98.02498375686201,14
2,23.0,17.53169934540992,23
3,98.5,80.27124361277144,25
4,99.0,91.01185400565649,49
5,88.0,84.16324013301713,61
6,91.0,82.66881319182889,65
7,99.5,93.53052607126222,79
8,99.0,85.56626849666829,81
9,48.5,64.50691895820118,93
10,21.5,2.0210317158069557,95
