,real_%top,predicted_%top,index
0,91.85,87.16756339973307,3
1,98.5,99.03444752170805,16
2,88.0,97.16783545373669,62
3,95.5,96.63821548017236,70
4,79.0,80.24530172262762,72
5,99.5,96.52219196374486,80
6,98.5,96.98728970838262,84
7,98.0,96.98728970838262,87
8,44.5,63.32995997855781,91
9,30.0,8.932923045396494,97
