,real_%top,predicted_%top,index
0,98.45,97.49285714285715,5
1,99.7,84.79666666666657,6
2,70.5,97.49285714285715,20
3,57.0,84.79666666666657,28
4,54.0,85.58750000000009,30
5,23.5,15.750000000000027,33
6,36.5,34.49999999999984,42
7,97.5,95.36666666666665,67
8,95.5,95.36666666666665,69
9,98.5,95.36666666666665,83
