,real_%top,predicted_%top,index
0,92.0,71.89186752557598,2
1,99.95,92.19204688600935,8
2,99.95,81.41571740371214,12
3,34.5,25.46350614759301,25
4,23.5,18.57213618885713,34
5,89.5,90.70472244297856,37
6,31.5,18.713493331714268,40
7,82.0,90.93259555848731,52
8,59.5,71.25410486601332,57
9,81.5,70.45016738931731,71
10,98.5,95.77157574226372,85
