,real_%top,predicted_%top,index
0,91.4,76.47510436696442,3
1,99.0,97.83764183696881,14
2,23.0,21.309287610641512,23
3,98.5,93.88668461472547,25
4,99.0,95.16746461661428,49
5,88.0,87.60475499785322,61
6,91.0,91.71288503023699,65
7,99.5,93.81837658854121,79
8,99.0,80.95769090104459,81
9,48.5,78.14251924903388,93
10,21.5,21.309287610641512,95
