,real_%top,predicted_%top,index
0,93.8,95.37592406767496,8
1,99.3,97.64484213808566,16
2,96.5,81.0014546498177,27
3,99.5,92.52699322432522,47
4,62.0,75.62657411889418,54
5,98.0,90.17871827264007,57
6,98.0,86.34483472934556,62
7,79.0,85.12965116709864,71
8,22.0,10.368190243964932,99
9,6.5,18.40160888543285,102
