,real_%top,predicted_%top,index
0,99.95,99.8535411086533,10
1,57.0,89.25958830827706,29
2,10.0,10.319094329631639,32
3,99.5,99.7220080086456,38
4,98.5,95.44586060766268,45
5,62.0,78.64315961602104,55
6,97.0,84.46612702262813,67
7,98.0,99.16419896781312,75
8,45.5,-16.860098975853305,89
9,66.5,94.6466404881932,99
