,real_%top,predicted_%top,index
0,98.45,99.77155273080949,5
1,99.7,56.71492815824005,6
2,70.5,97.48451424845517,20
3,57.0,66.71694111969039,28
4,54.0,67.5973368659665,30
5,23.5,19.447650864483517,33
6,36.5,15.150005633330299,42
7,97.5,97.7712643304394,67
8,95.5,98.04785293483654,69
9,98.5,98.28275031498501,83
