,real_%top,predicted_%top,index
0,91.85,58.27602990444221,3
1,98.5,98.22193011564543,16
2,88.0,86.09267452105517,62
3,95.5,98.13392928369892,70
4,79.0,81.16562813993367,72
5,99.5,96.65236563511309,80
6,98.5,98.5173201198599,84
7,98.0,95.5265282295997,87
8,44.5,48.58879916521454,91
9,30.0,5.925690639918281,97
