,real_%top,predicted_%top,index
0,99.0,83.954961255143,27
1,96.5,92.16982179051003,28
2,99.5,99.30952220683727,48
3,99.0,96.43581143124543,50
4,98.0,92.60659533975813,63
5,81.0,77.13127938299938,74
6,78.0,87.79730795788869,77
7,45.0,61.17448400999746,92
8,11.0,25.75835309675904,101
9,5.0,7.930898106826815,102
