,real_%top,predicted_%top,index
0,82.0,89.52754808605299,38
1,98.5,100.34816899973461,46
2,8.0,22.0157097312478,63
3,85.0,89.83686437000922,64
4,81.5,94.1116529403193,70
5,78.0,82.42172555383264,72
6,98.5,98.45688330857669,84
7,98.0,95.50000643273162,86
8,20.0,15.004334879725791,94
9,9.0,2.0988536185589464,97
