,real_%top,predicted_%top,index
0,7.0,23.092524862712587,10
1,99.95,101.63653416971839,11
2,97.5,97.80438571440304,19
3,99.0,91.66617124294731,26
4,94.0,86.93949561804924,35
5,99.5,86.00949663387688,37
6,31.5,24.49643582294757,39
7,59.5,67.82411715340531,56
8,96.5,82.68309098873146,60
9,95.5,101.33480510472417,85
