,real_%top,predicted_%top,index
0,99.7,95.81962671608848,7
1,54.0,59.824269452637665,31
2,82.0,90.2564271839085,39
3,15.0,13.574049328557962,42
4,99.5,98.60698716438567,49
5,96.5,89.20245227282432,61
6,85.0,92.55854454296166,65
7,78.0,77.10139673997084,73
8,96.0,93.8830943449036,79
9,39.5,49.262502226921335,93
