,real_%top,predicted_%top,index
0,99.95,93.86600128661416,9
1,98.5,97.15997636110762,15
2,99.5,100.7699665431663,34
3,89.5,82.76648730444612,36
4,15.0,31.58355550073802,41
5,83.5,74.97485666577587,50
6,96.5,98.70496429809286,53
7,62.5,56.959519716448526,55
8,95.5,90.30342772555193,58
9,40.0,43.857818075383705,89
