,real_%top,predicted_%top,index
0,99.95,98.78271591973561,10
1,57.0,78.5216350748538,29
2,10.0,25.310698670202346,32
3,99.5,85.92299643382506,38
4,98.5,89.46611567255201,45
5,62.0,87.48329217204368,55
6,97.0,92.8319410055631,67
7,98.0,97.52127687161692,75
8,45.5,23.44514749751883,89
9,66.5,98.76684480560289,99
