,real_%top,predicted_%top,index
0,92.15,84.46734032046344,0
1,98.0,98.35032233239956,13
2,99.9,98.35032233239956,17
3,71.0,83.30295319428747,18
4,34.5,71.2596059649472,24
5,21.5,17.80961034113298,29
6,98.5,93.59540542033787,44
7,74.5,86.88747479485623,68
8,81.0,81.88616281027258,73
9,45.0,61.29866857063092,91
