,real_%top,predicted_%top,index
0,71.0,88.79166666666669,19
1,97.5,88.79166666666669,20
2,51.5,88.79166666666669,23
3,64.0,88.79166666666669,33
4,95.5,88.79166666666669,59
5,68.5,88.79166666666669,60
6,8.0,18.85714285714272,64
7,63.0,88.79166666666676,88
8,20.0,18.857142857142833,95
9,9.0,18.857142857142833,98
