,real_%top,predicted_%top,index
0,99.95,100.82668945373986,10
1,57.0,66.80308438162645,29
2,10.0,21.736607766709454,32
3,99.5,92.4971826706239,38
4,98.5,90.4540717222342,45
5,62.0,62.95105686962929,55
6,97.0,74.7797469788798,67
7,98.0,92.93265587949416,75
8,45.5,20.5380371217698,89
9,66.5,71.97669303182384,99
