,real_%top,predicted_%top,index
0,93.8,79.34543171129683,8
1,99.3,99.20681780961013,16
2,96.5,95.67692168847597,27
3,99.5,99.50686937139251,47
4,62.0,55.62818263132325,54
5,98.0,95.30527821834102,57
6,98.0,94.67476160274626,62
7,79.0,76.96259021548805,71
8,22.0,19.354159117111514,99
9,6.5,5.299258951370961,102
