,real_%top,predicted_%top,index
0,99.0,73.26143294606892,27
1,96.5,79.93367448000389,28
2,99.5,89.74375273740098,48
3,99.0,87.44348485988517,50
4,98.0,85.9848525750096,63
5,81.0,83.54683378594424,74
6,78.0,97.66734659638313,77
7,45.0,68.31744615742058,92
8,11.0,17.90375424997879,101
9,5.0,20.118380043950722,102
