,real_%top,predicted_%top,index
0,82.0,93.76503740639649,38
1,98.5,91.57198402876797,46
2,8.0,21.654102343615463,63
3,85.0,78.41241987438329,64
4,81.5,85.87171624301094,70
5,78.0,84.03013165341669,72
6,98.5,91.04644057974451,84
7,98.0,92.71713901126529,86
8,20.0,7.014910212188752,94
9,9.0,16.857056626508665,97
