,real_%top,predicted_%top,index
0,99.95,98.72910660110591,10
1,57.0,76.5840848202225,29
2,10.0,20.89639793564518,32
3,99.5,92.05242243002185,38
4,98.5,94.84884959071445,45
5,62.0,85.3867039942873,55
6,97.0,96.73976253622016,67
7,98.0,98.27516838506206,75
8,45.5,21.652931034113276,89
9,66.5,101.74488093333247,99
