,real_%top,predicted_%top,index
0,93.8,96.16620081903613,8
1,99.3,99.90717237606057,16
2,96.5,91.11494268766961,27
3,99.5,98.84222216826022,47
4,62.0,62.61583921695631,54
5,98.0,96.3146427509907,57
6,98.0,95.39639088030239,62
7,79.0,78.53527303066755,71
8,22.0,19.67132859972496,99
9,6.5,4.880866935305459,102
