,real_%top,predicted_%top,index
0,99.95,104.79446652323044,5
1,98.45,80.06680847963959,6
2,99.0,99.05556461166974,15
3,99.3,99.47489887722807,17
4,99.5,101.13541417643528,35
5,36.5,21.155042864805505,43
6,97.0,87.9910009817211,44
7,99.0,87.63601705187091,82
8,98.5,91.3179993161307,83
9,48.5,44.97589520193693,94
10,6.5,4.825782313144412,103
