,real_%top,predicted_%top,index
0,92.0,92.86594229023625,1
1,99.95,89.34354924045164,7
2,86.5,94.21632576012237,21
3,10.0,19.72845612224701,31
4,97.0,84.83848942219103,43
5,99.5,98.35597480604997,45
6,82.0,93.03457141673115,51
7,68.5,91.58340504544653,59
8,78.0,96.6881740189687,76
9,45.5,20.45146869320283,88
10,5.0,6.550424025651721,101
