,real_%top,predicted_%top,index
0,7.0,18.192307692307637,11
1,99.75,85.55984848484847,13
2,99.9,85.55984848484847,18
3,98.5,85.55984848484847,26
4,94.0,85.55984848484847,36
5,99.5,85.55984848484847,41
6,99.5,85.55984848484847,46
7,96.5,85.55984848484847,54
8,62.5,85.55984848484847,56
9,21.5,18.19230769230778,96
10,22.0,18.19230769230778,100
