,real_%top,predicted_%top,index
0,91.85,81.8495928043674,2
1,99.75,105.2898151416226,12
2,51.5,91.86242748087513,22
3,64.0,77.05056520517037,32
4,96.5,102.23028931118844,52
5,97.0,85.91541088522698,66
6,99.0,90.21128355716414,75
7,97.0,95.14857098239906,77
8,39.5,61.66383809416685,92
9,30.0,16.51120833601773,96
10,11.0,22.43506972093961,100
