,real_%top,predicted_%top,index
0,99.95,100.1120789966201,5
1,98.45,98.13273743858994,6
2,99.0,98.92575939816909,15
3,99.3,99.97259590134327,17
4,99.5,99.32440753155767,35
5,36.5,22.449199026107983,43
6,97.0,76.41061850219134,44
7,99.0,101.40014972427984,82
8,98.5,98.85981718678289,83
9,48.5,39.42567685298131,94
10,6.5,5.232351119292737,103
