,real_%top,predicted_%top,index
0,92.0,89.99971690892545,1
1,99.95,101.25153018091541,7
2,86.5,96.37761703588856,21
3,10.0,22.579067200277922,31
4,97.0,71.94267797852031,43
5,99.5,99.26520294907863,45
6,82.0,93.54720469798217,51
7,68.5,93.81919085287846,59
8,78.0,97.13422625457767,76
9,45.5,23.767886700267052,88
10,5.0,8.789770034287573,101
