,real_%top,predicted_%top,index
0,98.45,88.15167776752132,5
1,99.7,94.25310894713914,6
2,70.5,86.8195412957574,20
3,57.0,81.20139196554425,28
4,54.0,81.84197211360838,30
5,23.5,21.113435765810838,33
6,36.5,23.71313764221996,42
7,97.5,89.2680498300553,67
8,95.5,89.09620590768114,69
9,98.5,93.78120915056186,83
