,real_%top,predicted_%top,index
0,71.0,69.69852195185285,19
1,97.5,88.91735192475792,20
2,51.5,82.71610409877063,23
3,64.0,80.59139202683912,33
4,95.5,80.90015456892884,59
5,68.5,88.15656727785338,60
6,8.0,25.922522275304317,64
7,63.0,66.9754344073518,88
8,20.0,9.228149533823654,95
9,9.0,22.24573168074143,98
