,real_%top,predicted_%top,index
0,92.15,86.5966564588828,0
1,98.0,96.97176410931941,13
2,99.9,96.06316971870068,17
3,71.0,71.86826184711518,18
4,34.5,42.98568302277119,24
5,21.5,18.32695703745668,29
6,98.5,91.84424042910747,44
7,74.5,85.27304492589053,68
8,81.0,82.78090047210014,73
9,45.0,65.69045020262092,91
