,real_%top,predicted_%top,index
0,98.45,98.63114992960425,5
1,99.7,93.37366577498237,6
2,70.5,92.96409032415963,20
3,57.0,61.61392369598668,28
4,54.0,63.32161812975036,30
5,23.5,17.899207834438027,33
6,36.5,21.70962959610223,42
7,97.5,93.83538200709768,67
8,95.5,94.48582470273614,69
9,98.5,91.51260686411266,83
