,real_%top,predicted_%top,index
0,91.85,83.16560952380952,2
1,99.75,97.0521702380953,12
2,51.5,92.90960833333334,22
3,64.0,76.59043571428572,32
4,96.5,96.52963214285717,52
5,97.0,86.81118571428571,66
6,99.0,93.67166706349207,75
7,97.0,97.33002261904763,77
8,39.5,51.572286507936504,92
9,30.0,24.603952380952375,96
10,11.0,23.991619047619047,100
