,real_%top,predicted_%top,index
0,7.0,22.734083333333334,11
1,99.75,97.33091527777779,13
2,99.9,98.2437053571428,18
3,98.5,86.47954166666665,26
4,94.0,87.21837261904763,36
5,99.5,91.42845833333331,41
6,99.5,95.73051666666663,46
7,96.5,91.42702976190475,54
8,62.5,64.66705853174604,56
9,21.5,13.709369047619044,96
10,22.0,13.888494047619043,100
