,real_%top,predicted_%top,index
0,99.95,94.24340009413962,9
1,98.5,97.03951520847556,15
2,99.5,93.7206647440586,34
3,89.5,92.41698868052598,36
4,15.0,22.222414601370016,41
5,83.5,78.05980730870107,50
6,96.5,91.10730657561811,53
7,62.5,73.8524923075522,55
8,95.5,78.56477684359196,58
9,40.0,23.46079092475839,89
