,real_%top,predicted_%top,index
0,99.95,95.01419409695984,9
1,98.5,98.11601718528837,15
2,99.5,90.39757239561705,34
3,89.5,88.69886052680346,36
4,15.0,20.642295350274235,41
5,83.5,77.73698479926755,50
6,96.5,90.74541213769874,53
7,62.5,75.03519020124664,55
8,95.5,77.39698164582752,58
9,40.0,22.331339993131383,89
