,real_%top,predicted_%top,index
0,98.0,97.23548118005348,14
1,86.5,89.20457798724829,22
2,23.0,22.703210677922424,24
3,98.5,95.28360376578857,47
4,96.5,94.20410542851646,53
5,98.0,90.35484811852844,58
6,97.5,91.58668040275238,68
7,97.0,88.75018721250825,78
8,21.0,22.205811432431076,81
9,95.5,93.82646633249844,86
