,real_%top,predicted_%top,index
0,91.85,88.52729721439901,2
1,99.75,98.50280799205663,12
2,51.5,82.64025423396161,22
3,64.0,80.16875743445821,32
4,96.5,89.72668309752561,52
5,97.0,84.50753776778187,66
6,99.0,87.30633103174604,75
7,97.0,99.04351091150818,77
8,39.5,67.2838081066921,92
9,30.0,16.433271809278096,96
10,11.0,17.712455656154972,100
