,real_%top,predicted_%top,index
0,82.0,90.02232761535431,38
1,98.5,95.1447604271264,46
2,8.0,22.728345377134875,63
3,85.0,80.96654397396341,64
4,81.5,77.66840834479359,70
5,78.0,73.09031885544493,72
6,98.5,92.74321894887825,84
7,98.0,93.04971774114881,86
8,20.0,22.63151204380154,94
9,9.0,22.63151204380154,97
