,real_%top,predicted_%top,index
0,99.0,82.02279971892786,27
1,96.5,92.76398622282424,28
2,99.5,97.107880530596,48
3,99.0,96.95551988633832,50
4,98.0,92.00001508645838,63
5,81.0,69.74976451346426,74
6,78.0,94.96181461824216,77
7,45.0,72.20488487590146,92
8,11.0,21.499516693243805,101
9,5.0,21.27418335991047,102
