,real_%top,predicted_%top,index
0,98.45,95.56526785714284,5
1,99.7,88.65212142857143,6
2,70.5,94.84889285714284,20
3,57.0,78.30922380952381,28
4,54.0,76.02708690476192,30
5,23.5,20.639761904761908,33
6,36.5,16.666142857142862,42
7,97.5,88.1688214285714,67
8,95.5,88.29873809523811,69
9,98.5,95.82233452380952,83
