,real_%top,predicted_%top,index
0,91.85,80.21498035714284,3
1,98.5,98.57635773809523,16
2,88.0,84.46018452380953,62
3,95.5,91.67372023809523,70
4,79.0,79.31419166666669,72
5,99.5,94.30309404761906,80
6,98.5,94.44018690476189,84
7,98.0,95.35592261904759,87
8,44.5,61.09920436507939,91
9,30.0,14.224803571428572,97
