,real_%top,predicted_%top,index
0,98.45,94.69017712478816,5
1,99.7,99.70865899326384,6
2,70.5,76.16201951674446,20
3,57.0,84.08376931309112,28
4,54.0,83.794827088153,30
5,23.5,22.551658006285322,33
6,36.5,59.73906986930252,42
7,97.5,83.67955673406045,67
8,95.5,84.12772646763725,69
9,98.5,91.95283938651623,83
