,real_%top,predicted_%top,index
0,91.85,91.76095729934507,3
1,98.5,97.14306808175877,16
2,88.0,82.95450642211797,62
3,95.5,82.40443196323655,70
4,79.0,82.96051152396281,72
5,99.5,92.23644935823116,80
6,98.5,93.45901489744908,84
7,98.0,92.69491143543787,87
8,44.5,69.40370307563201,91
9,30.0,14.844033274638917,97
