,real_%top,predicted_%top,index
0,92.0,75.67062643853376,2
1,99.95,92.9005124293753,8
2,99.95,83.81461629145451,12
3,34.5,21.968920471194533,25
4,23.5,20.377329421377475,34
5,89.5,90.8701235243072,37
6,31.5,20.533217121912234,40
7,82.0,90.69383761249499,52
8,59.5,74.51987570999674,57
9,81.5,80.30549362933017,71
10,98.5,96.53443604551994,85
