,real_%top,predicted_%top,index
0,91.4,78.40695871622837,3
1,99.0,97.93052883530812,14
2,23.0,21.00184110292742,23
3,98.5,95.65199729721148,25
4,99.0,96.06487141075257,49
5,88.0,90.05667274292654,61
6,91.0,91.78046624652184,65
7,99.5,92.05201769339061,79
8,99.0,75.57100701917233,81
9,48.5,74.79223099832356,93
10,21.5,21.00184110292742,95
