,real_%top,predicted_%top,index
0,92.15,78.58636117888206,0
1,98.0,97.82094154843173,13
2,99.9,97.96682456125225,17
3,71.0,77.28136515635883,18
4,34.5,22.24013810729921,24
5,21.5,20.48354022968663,29
6,98.5,93.86296515736643,44
7,74.5,96.82341158008117,68
8,81.0,72.84045581187634,73
9,45.0,71.4158753094539,91
