,real_%top,predicted_%top,index
0,82.0,91.65625,38
1,98.5,90.40625,46
2,8.0,23.15625,63
3,85.0,77.59375,64
4,81.5,86.375,70
5,78.0,85.4375,72
6,98.5,93.03125,84
7,98.0,93.75,86
8,20.0,5.21875,94
9,9.0,15.90625,97
