,real_%top,predicted_%top,index
0,82.0,91.57809213160718,38
1,98.5,90.33405055541091,46
2,8.0,23.06821340905131,63
3,85.0,77.54697612051883,64
4,81.5,86.29472725068916,70
5,78.0,85.3875834874192,72
6,98.5,92.94382808371454,84
7,98.0,93.63964794836669,86
8,20.0,5.137737366779163,94
9,9.0,15.822599371385564,97
