,real_%top,predicted_%top,index
0,7.0,30.237330959100035,11
1,99.75,97.48438969613339,13
2,99.9,96.56044074304558,18
3,98.5,81.54425943522469,26
4,94.0,91.7097719643411,36
5,99.5,95.05912560211654,41
6,99.5,95.01345643308639,46
7,96.5,89.17002116616223,54
8,62.5,74.63127765684276,56
9,21.5,3.7023099055049755,96
10,22.0,6.690797217391747,100
