,real_%top,predicted_%top,index
0,91.4,77.88972586193023,3
1,99.0,96.82560361607148,14
2,23.0,20.0409479822609,23
3,98.5,90.66896254806672,25
4,99.0,90.66896254806672,49
5,88.0,90.66896254806672,61
6,91.0,77.88972586193023,65
7,99.5,96.82560361607148,79
8,99.0,84.23724096883808,81
9,48.5,70.38844789739308,93
10,21.5,20.10178917783004,95
