,real_%top,predicted_%top,index
0,92.0,79.9639457381434,2
1,99.95,97.09674817010331,8
2,99.95,79.9639457381434,12
3,34.5,29.521034217852744,25
4,23.5,18.829170484025397,34
5,89.5,82.81462485384493,37
6,31.5,18.829170484025397,40
7,82.0,82.81462485384493,52
8,59.5,83.45203294379287,57
9,81.5,66.47511713647621,71
10,98.5,97.09674817010331,85
