,real_%top,predicted_%top,index
0,99.95,99.58460869472812,9
1,98.5,98.7542795357184,15
2,99.5,103.0757791283407,34
3,89.5,92.36626161710615,36
4,15.0,31.62933190682471,41
5,83.5,81.39584817037273,50
6,96.5,95.12010500437464,53
7,62.5,70.2789552634159,55
8,95.5,79.56769082963153,58
9,40.0,-3.605863714731001,89
