,real_%top,predicted_%top,index
0,98.0,101.33724380613829,14
1,86.5,82.26035465414522,22
2,23.0,19.072973902246048,24
3,98.5,91.79998646074496,47
4,96.5,95.5349898544431,53
5,98.0,89.9165379322884,58
6,97.5,86.0428230802634,68
7,97.0,96.84920551781502,78
8,21.0,37.12136501100163,81
9,95.5,96.58847509236818,86
