,real_%top,predicted_%top,index
0,7.0,88.32234,10
1,99.95,88.34546,11
2,97.5,87.74801,19
3,99.0,87.73361,26
4,94.0,88.126495,35
5,99.5,88.16031,37
6,31.5,21.44322,39
7,59.5,87.69554,56
8,96.5,87.839294,60
9,95.5,88.13177,85
