,real_%top,predicted_%top,index
0,99.7,87.03745,6
1,54.0,85.734245,30
2,82.0,87.027794,38
3,15.0,86.13876,41
4,99.5,87.02161,48
5,96.5,87.05032,60
6,85.0,87.08333,64
7,78.0,85.668175,72
8,96.0,87.081055,78
9,39.5,17.364815,92
