,real_%top,predicted_%top,index
0,92.0,90.25054186501434,1
1,99.95,98.58015379843374,7
2,86.5,83.47547659971751,21
3,10.0,10.402238499786947,31
4,97.0,90.72826608498266,43
5,99.5,91.8050885331369,45
6,82.0,90.72826608498266,51
7,68.5,78.21824600335538,59
8,78.0,87.77815947179413,76
9,45.5,-17.777037219994597,88
10,5.0,16.824708646403607,101
