,real_%top,predicted_%top,index
0,99.95,86.43828124999999,5
1,98.45,86.43828124999999,6
2,99.0,86.43828124999999,15
3,99.3,86.43828124999999,17
4,99.5,86.43828124999999,35
5,36.5,37.25000000000008,43
6,97.0,86.43828124999999,44
7,99.0,86.43828124999999,82
8,98.5,86.43828124999999,83
9,48.5,86.43828125000006,94
10,6.5,18.406250000000014,103
