,real_%top,predicted_%top,index
0,91.4,85.06397002387578,3
1,99.0,96.02203152398741,14
2,23.0,18.397649606444247,23
3,98.5,82.57658594027757,25
4,99.0,88.7990521312346,49
5,88.0,84.67704485598263,61
6,91.0,85.14912720732866,65
7,99.5,93.87487537959899,79
8,99.0,84.25633411753506,81
9,48.5,69.58585162914592,93
10,21.5,5.227583335534135,95
