,real_%top,predicted_%top,index
0,92.0,82.30532321337745,2
1,99.95,101.90006822246397,8
2,99.95,85.89345786237631,12
3,34.5,27.271437141458577,25
4,23.5,16.147226614700358,34
5,89.5,95.36288217803315,37
6,31.5,29.184590313047813,40
7,82.0,98.12730569633128,52
8,59.5,72.32266190156551,57
9,81.5,83.92173087417031,71
10,98.5,94.6121953974685,85
