,real_%top,predicted_%top,index
0,91.85,82.12277992142441,2
1,99.75,95.63515785890492,12
2,51.5,86.40950718427419,22
3,64.0,82.08496331142275,32
4,96.5,97.34503889675499,52
5,97.0,85.37144067901374,66
6,99.0,90.42536209409596,75
7,97.0,100.70338786031866,77
8,39.5,58.487240834864906,92
9,30.0,16.80985078406313,96
10,11.0,17.025929304430164,100
