,real_%top,predicted_%top,index
0,7.0,42.05824299131902,11
1,99.75,97.54046528097035,13
2,99.9,100.07059441796233,18
3,98.5,82.28981815313868,26
4,94.0,86.23494977996367,36
5,99.5,93.19396969461418,41
6,99.5,93.1724996971351,46
7,96.5,88.44772474489608,54
8,62.5,68.18377783076872,56
9,21.5,-1.684681348414344,96
10,22.0,6.48992094045137,100
