,real_%top,predicted_%top,index
0,7.0,22.98897619047619,10
1,99.95,94.68588214285717,11
2,97.5,88.4639892857143,19
3,99.0,83.23342023809526,26
4,94.0,90.00277857142855,35
5,99.5,92.61672857142855,37
6,31.5,22.806724206349195,39
7,59.5,64.71591547619046,56
8,96.5,90.5104261904762,60
9,95.5,98.30445238095238,85
