,real_%top,predicted_%top,index
0,99.7,87.24657261904758,7
1,54.0,70.94481547619048,31
2,82.0,86.72516666666668,39
3,15.0,17.183900793650793,42
4,99.5,98.93177698412701,49
5,96.5,94.21086190476191,61
6,85.0,93.49985288600291,65
7,78.0,79.87217976190476,73
8,96.0,88.67234523809525,79
9,39.5,50.53585714285712,93
