,real_%top,predicted_%top,index
0,93.8,94.1727400680585,8
1,99.3,96.75303983433285,16
2,96.5,91.61915437434139,27
3,99.5,94.5301786821721,47
4,62.0,76.38192104550023,54
5,98.0,88.70637519925054,57
6,98.0,86.9253986772224,62
7,79.0,77.37585110181126,71
8,22.0,20.99901517996286,99
9,6.5,20.950889494655847,102
