,real_%top,predicted_%top,index
0,92.15,71.07817573558194,0
1,98.0,97.36688936325113,13
2,99.9,98.49407679942611,17
3,71.0,80.0225783564088,18
4,34.5,21.150009605654926,24
5,21.5,23.16338774140806,29
6,98.5,91.18238653156699,44
7,74.5,96.63657947322287,68
8,81.0,78.93285247530244,73
9,45.0,71.44613337287927,91
