,real_%top,predicted_%top,index
0,71.0,81.10106689699188,19
1,97.5,94.42848104519746,20
2,51.5,94.04437769247012,23
3,64.0,78.18345639360638,33
4,95.5,84.79923827708242,59
5,68.5,90.79294022875987,60
6,8.0,23.719548586368056,64
7,63.0,65.39169413780664,88
8,20.0,23.318821230390697,95
9,9.0,22.860114881184348,98
