,real_%top,predicted_%top,index
0,91.85,77.53972738095236,2
1,99.75,97.63260297619044,12
2,51.5,90.5720954365079,22
3,64.0,65.70677063492064,32
4,96.5,96.98547976190476,52
5,97.0,90.02782142857139,66
6,99.0,91.80514891774891,75
7,97.0,96.50828214285715,77
8,39.5,51.83279444444443,92
9,30.0,24.866202380952387,96
10,11.0,24.618702380952392,100
