,real_%top,predicted_%top,index
0,98.45,85.18178431001266,5
1,99.7,92.05951254508065,6
2,70.5,85.30524675233569,20
3,57.0,80.39294651862738,28
4,54.0,80.88679695587496,30
5,23.5,19.403585247971943,33
6,36.5,26.45280339120471,42
7,97.5,95.04084359348228,67
8,95.5,93.59937488390285,69
9,98.5,95.28535718594574,83
