,real_%top,predicted_%top,index
0,91.85,79.76889451367582,2
1,99.75,101.7406293884526,12
2,51.5,88.29319235751456,22
3,64.0,58.00079731784397,32
4,96.5,90.20395252970195,52
5,97.0,76.6925603213446,66
6,99.0,84.67125652506516,75
7,97.0,96.84460222922542,77
8,39.5,46.36483399765235,92
9,30.0,9.102419782474348,96
10,11.0,9.33542832646771,100
