,real_%top,predicted_%top,index
0,99.95,95.9479160376516,4
1,99.5,92.2745098511827,40
2,99.5,93.7309542626406,48
3,98.0,92.208951785519,74
4,96.0,92.20125408282794,78
5,21.0,21.21483007236061,80
6,98.5,92.31837260918117,82
7,63.0,80.72497969289059,87
8,44.5,80.64505460969042,90
9,66.5,95.31924740727828,98
