,real_%top,predicted_%top,index
0,98.45,92.015625,5
1,99.7,98.421875,6
2,70.5,81.640625,20
3,57.0,85.578125,28
4,54.0,87.234375,30
5,23.5,21.953125,33
6,36.5,43.046875,42
7,97.5,82.953125,67
8,95.5,83.15625,69
9,98.5,92.640625,83
