,real_%top,predicted_%top,index
0,98.45,91.97562108794794,5
1,99.7,98.37801638736453,6
2,70.5,81.58489484162199,20
3,57.0,85.53536626288793,28
4,54.0,87.17197574182183,30
5,23.5,21.899712597673314,33
6,36.5,43.00181943566253,42
7,97.5,82.9041603193131,67
8,95.5,83.10096344184777,69
9,98.5,92.60052612703906,83
