,real_%top,predicted_%top,index
0,7.0,21.396761450563233,10
1,99.95,81.04659940191927,11
2,97.5,95.65267384450935,19
3,99.0,83.28628074031553,26
4,94.0,95.65267384450935,35
5,99.5,90.23525021145275,37
6,31.5,21.396761450563233,39
7,59.5,82.86813934046933,56
8,96.5,90.23525021145275,60
9,95.5,97.56641860991968,85
