,real_%top,predicted_%top,index
0,99.7,79.78089773441657,7
1,54.0,78.87531920955594,31
2,82.0,91.42414144185895,39
3,15.0,21.386624767543914,42
4,99.5,91.42414144185895,49
5,96.5,91.42414144185895,61
6,85.0,81.51927401488413,65
7,78.0,75.3363368958132,73
8,96.0,97.13645168758062,79
9,39.5,75.3363368958132,93
