,real_%top,predicted_%top,index
0,82.0,89.732315,38
1,98.5,89.677055,46
2,8.0,89.54284,63
3,85.0,89.820145,64
4,81.5,89.34916,70
5,78.0,73.917244,72
6,98.5,89.80898,84
7,98.0,89.80526,86
8,20.0,24.617472,94
9,9.0,24.886866,97
