,real_%top,predicted_%top,index
0,99.0,87.83326,26
1,96.5,87.88764,27
2,99.5,87.75785,47
3,99.0,87.76626,49
4,98.0,87.76481,62
5,81.0,87.8026,73
6,78.0,87.84612,76
7,45.0,31.58707,91
8,11.0,30.856514,100
9,5.0,30.788696,101
