,real_%top,predicted_%top,index
0,82.0,81.84674,38
1,98.5,81.98421,46
2,8.0,80.746216,63
3,85.0,82.27899,64
4,81.5,84.8398,70
5,78.0,70.606026,72
6,98.5,84.85145,84
7,98.0,84.86036,86
8,20.0,80.26345,94
9,9.0,80.61841,97
