,real_%top,predicted_%top,index
0,82.0,88.88373,38
1,98.5,88.888985,46
2,8.0,88.997345,63
3,85.0,89.2945,64
4,81.5,88.67488,70
5,78.0,72.52403,72
6,98.5,89.305664,84
7,98.0,89.29859,86
8,20.0,24.120138,94
9,9.0,24.16012,97
