,real_%top,predicted_%top,index
0,99.95,96.83674836197929,9
1,98.5,96.52306724842573,15
2,99.5,101.45849223351186,34
3,89.5,96.50675574557945,36
4,15.0,31.842905670702173,41
5,83.5,79.17192879260799,50
6,96.5,89.0895333774945,53
7,62.5,75.12924641122252,55
8,95.5,78.73602072679027,58
9,40.0,7.012230720979872,89
