,real_%top,predicted_%top,index
0,98.0,98.77311740831888,14
1,86.5,85.58095642643015,22
2,23.0,20.671460117611105,24
3,98.5,89.30443829741321,47
4,96.5,91.80117931162548,53
5,98.0,88.77617330453928,58
6,97.5,82.83398111026722,68
7,97.0,98.66226243630807,78
8,21.0,34.152678540679965,81
9,95.5,94.80299809383413,86
