,real_%top,predicted_%top,index
0,93.8,95.452712063067,8
1,99.3,97.30348499549085,16
2,96.5,81.62188804731552,27
3,99.5,92.00618140532013,47
4,62.0,75.4838494040041,54
5,98.0,90.7275097305671,57
6,98.0,84.65575597593609,62
7,79.0,85.12535976967716,71
8,22.0,8.986781654340263,99
9,6.5,17.67522484778827,102
