,real_%top,predicted_%top,index
0,99.95,97.48831762929024,10
1,57.0,89.54022482222499,29
2,10.0,14.90047731535482,32
3,99.5,103.45188831669051,38
4,98.5,97.35138264499221,45
5,62.0,77.9668220488467,55
6,97.0,84.19060228792397,67
7,98.0,100.32574542793564,75
8,45.5,-17.207480112238784,89
9,66.5,91.88199922500776,99
