,real_%top,predicted_%top,index
0,99.95,86.90909090909089,10
1,57.0,86.90909090909089,29
2,10.0,17.30769230769242,32
3,99.5,86.90909090909089,38
4,98.5,86.90909090909089,45
5,62.0,86.90909090909089,55
6,97.0,86.90909090909089,67
7,98.0,86.90909090909089,75
8,45.5,17.30769230769242,89
9,66.5,86.90909090909089,99
