,real_%top,predicted_%top,index
0,93.8,98.93077231307572,8
1,99.3,98.93077231307572,16
2,96.5,94.21684300211817,27
3,99.5,90.38365455647293,47
4,62.0,77.49944567334882,54
5,98.0,81.33557425230798,57
6,98.0,85.17170283126713,62
7,79.0,87.51122996437338,71
8,22.0,16.86973779345672,99
9,6.5,16.871207860113657,102
