,real_%top,predicted_%top,index
0,98.45,93.81798534555955,5
1,99.7,98.08451721500927,6
2,70.5,80.08343224444685,20
3,57.0,85.70479790959469,28
4,54.0,85.35090776761686,30
5,23.5,20.449848780096076,33
6,36.5,58.17196157071369,42
7,97.5,82.47190954594461,67
8,95.5,82.7834777586881,69
9,98.5,92.8720815234351,83
