,real_%top,predicted_%top,index
0,91.85,87.02994836464282,3
1,98.5,96.52806381533223,16
2,88.0,84.12809341197294,62
3,95.5,84.91007949763323,70
4,79.0,86.35848348077572,72
5,99.5,94.25900818566255,80
6,98.5,92.04031041564522,84
7,98.0,93.42699652190606,87
8,44.5,58.06358061846985,91
9,30.0,16.632659999840868,97
