,real_%top,predicted_%top,index
0,82.0,88.19618218891485,38
1,98.5,88.19618218891485,46
2,8.0,29.25847216450449,63
3,85.0,87.96977968580886,64
4,81.5,81.7164750099901,70
5,78.0,79.53011890816293,72
6,98.5,96.1943110388601,84
7,98.0,96.1943110388601,86
8,20.0,8.641768748418613,94
9,9.0,18.293659434331957,97
