,real_%top,predicted_%top,index
0,99.0,87.46590909090914,27
1,96.5,87.46590909090914,28
2,99.5,87.46590909090914,48
3,99.0,87.46590909090914,50
4,98.0,87.46590909090914,63
5,81.0,87.46590909090914,74
6,78.0,87.46590909090914,77
7,45.0,87.46590909090921,92
8,11.0,19.566666666666492,101
9,5.0,19.566666666666492,102
