,real_%top,predicted_%top,index
0,99.95,105.19536436192301,10
1,57.0,60.43022728482957,29
2,10.0,17.09932476288407,32
3,99.5,96.34717852077104,38
4,98.5,96.48041113349963,45
5,62.0,53.45888736484584,55
6,97.0,74.83646421356521,67
7,98.0,96.1780426827106,75
8,45.5,21.831507756810467,89
9,66.5,65.78284443287316,99
