,real_%top,predicted_%top,index
0,93.8,97.85349588817051,8
1,99.3,98.85000061935017,16
2,96.5,99.45521465682336,27
3,99.5,100.0406669708486,47
4,62.0,60.69199275881478,54
5,98.0,97.53672513823972,57
6,98.0,93.01253945817047,62
7,79.0,82.10200257717523,71
8,22.0,22.614201321264844,99
9,6.5,5.786331460740312,102
