,real_%top,predicted_%top,index
0,92.0,82.19408521685162,1
1,99.95,97.60329329756411,7
2,86.5,85.0140667019599,21
3,10.0,21.314494467675026,31
4,97.0,85.0140667019599,43
5,99.5,92.69958674633232,45
6,82.0,85.0140667019599,51
7,68.5,85.0140667019599,59
8,78.0,82.19408521685162,76
9,45.5,21.314494467675026,88
10,5.0,21.314494467675026,101
