,real_%top,predicted_%top,index
0,99.95,94.46026515145775,5
1,98.45,94.46026515145775,6
2,99.0,96.65919434750299,15
3,99.3,96.65919434750299,17
4,99.5,94.65880743635148,35
5,36.5,29.684628533685938,43
6,97.0,82.16839315108997,44
7,99.0,81.29652386919692,82
8,98.5,76.62859204446875,83
9,48.5,69.25506069250332,94
10,6.5,21.74132405428412,103
