,real_%top,predicted_%top,index
0,92.15,83.08318690476186,0
1,98.0,98.53350753968252,13
2,99.9,98.598598015873,17
3,71.0,76.50431190476189,18
4,34.5,33.37981547619047,24
5,21.5,23.6925992063492,29
6,98.5,92.25561130952379,44
7,74.5,97.32378571428569,68
8,81.0,76.62303095238093,73
9,45.0,51.82081547619049,91
