,real_%top,predicted_%top,index
0,71.0,80.66258750000001,19
1,97.5,94.47115456349205,20
2,51.5,90.95838968253963,23
3,64.0,65.90760039682539,33
4,95.5,85.80259523809525,59
5,68.5,89.60688095238096,60
6,8.0,18.968785714285712,64
7,63.0,54.44237499999999,88
8,20.0,20.393263888888896,95
9,9.0,12.009297619047619,98
