,real_%top,predicted_%top,index
0,98.45,100.0665156266116,5
1,99.7,61.16491786949483,6
2,70.5,96.85981339277998,20
3,57.0,63.52163770499291,28
4,54.0,63.24694477637969,30
5,23.5,21.26187076226861,33
6,36.5,17.320722216265445,42
7,97.5,97.36532192392693,67
8,95.5,97.69801637633975,69
9,98.5,98.69518356147121,83
