,real_%top,predicted_%top,index
0,91.85,66.3455961543763,3
1,98.5,98.5635555068879,16
2,88.0,80.68535563318507,62
3,95.5,97.85912906517386,70
4,79.0,81.0930140549291,72
5,99.5,96.45073629355082,80
6,98.5,98.24738579478223,84
7,98.0,95.56126693569252,87
8,44.5,62.210547591873,91
9,30.0,7.878677388209877,97
