,real_%top,predicted_%top,index
0,82.0,98.4421601013898,38
1,98.5,100.43261433949677,46
2,8.0,29.55768518599109,63
3,85.0,99.17226141443085,64
4,81.5,78.26608246992764,70
5,78.0,78.26608246992764,72
6,98.5,98.41351701552458,84
7,98.0,96.22803562986644,86
8,20.0,20.974045710947006,94
9,9.0,27.07102262540154,97
