,real_%top,predicted_%top,index
0,91.4,83.3928524224866,3
1,99.0,99.37709895961478,14
2,23.0,21.001402585078083,23
3,98.5,55.061700862027564,25
4,99.0,88.57539911785923,49
5,88.0,96.69333422227233,61
6,91.0,99.03215612541274,65
7,99.5,96.8877882120579,79
8,99.0,96.58603480741193,81
9,48.5,42.8301544337059,93
10,21.5,21.999859807574897,95
