,real_%top,predicted_%top,index
0,7.0,15.857142857142868,10
1,99.95,83.74615384615383,11
2,97.5,94.4142857142857,19
3,99.0,83.74615384615383,26
4,94.0,94.4142857142857,35
5,99.5,93.56666666666665,37
6,31.5,15.857142857142868,39
7,59.5,84.33214285714284,56
8,96.5,93.56666666666665,60
9,95.5,93.56666666666665,85
