,real_%top,predicted_%top,index
0,93.8,93.87692307692296,8
1,99.3,93.87692307692296,16
2,96.5,83.12692307692299,27
3,99.5,93.87692307692296,47
4,62.0,85.90357142857141,54
5,98.0,94.7111111111111,57
6,98.0,93.87692307692296,62
7,79.0,85.90357142857141,71
8,22.0,21.500000000000025,99
9,6.5,18.928571428571427,102
