,real_%top,predicted_%top,index
0,99.95,97.66218335119956,10
1,57.0,71.18594412406803,29
2,10.0,23.12819075116902,32
3,99.5,86.21992964252516,38
4,98.5,96.19197623554716,45
5,62.0,79.15253299384486,55
6,97.0,97.48335956550042,67
7,98.0,98.97857463677553,75
8,45.5,8.139614482115405,89
9,66.5,94.05662688332414,99
