,real_%top,predicted_%top,index
0,99.0,70.03281442831393,27
1,96.5,79.70636394559503,28
2,99.5,90.1746175106503,48
3,99.0,88.98444359083105,50
4,98.0,85.72655323566835,63
5,81.0,82.44138443570647,74
6,78.0,97.45361134616633,77
7,45.0,64.89277849606226,92
8,11.0,21.156043544591412,101
9,5.0,21.005874131244923,102
