,real_%top,predicted_%top,index
0,82.0,91.15911325978635,38
1,98.5,90.48801466273231,46
2,8.0,24.162035910836025,63
3,85.0,75.63909778067587,64
4,81.5,83.05625119506907,70
5,78.0,79.83080838539153,72
6,98.5,91.34481672126478,84
7,98.0,92.07124652505463,86
8,20.0,3.064128589790357,94
9,9.0,15.005262853872395,97
