,real_%top,predicted_%top,index
0,93.8,95.81776021116262,8
1,99.3,97.08748204728352,16
2,96.5,79.64528984650666,27
3,99.5,94.19424696721211,47
4,62.0,75.11153906872731,54
5,98.0,92.15551472490363,57
6,98.0,87.18890123251836,62
7,79.0,85.42530386563756,71
8,22.0,11.304839280116752,99
9,6.5,19.75806580606087,102
