,real_%top,predicted_%top,index
0,92.0,90.740424752462,2
1,99.95,100.0252635744491,8
2,99.95,101.5250093472678,12
3,34.5,34.39137289528374,25
4,23.5,21.60008867730995,34
5,89.5,76.53212656125582,37
6,31.5,23.831276883420937,40
7,82.0,85.51493860428327,52
8,59.5,60.39932888268565,57
9,81.5,76.36618642132987,71
10,98.5,97.46167087298913,85
