,real_%top,predicted_%top,index
0,91.4,92.08428484465512,3
1,99.0,99.2927501138215,14
2,23.0,23.719527610975934,23
3,98.5,93.39427917190474,25
4,99.0,99.84028446550634,49
5,88.0,81.9643189115326,61
6,91.0,96.39589195125149,65
7,99.5,96.36043478904485,79
8,99.0,103.34907578726813,81
9,48.5,39.619488264864636,93
10,21.5,9.760347336376574,95
