,real_%top,predicted_%top,index
0,93.8,93.72536215494222,8
1,99.3,99.0334600034733,16
2,96.5,91.68112579594073,27
3,99.5,99.17563731192857,47
4,62.0,61.046604547867254,54
5,98.0,94.82266097614819,57
6,98.0,95.05798550674079,62
7,79.0,79.46033041268433,71
8,22.0,21.342484107079674,99
9,6.5,4.566472010213504,102
