,real_%top,predicted_%top,index
0,99.95,98.6081043539155,10
1,57.0,68.63219545885075,29
2,10.0,22.984692821272407,32
3,99.5,94.97589925191014,38
4,98.5,96.69402625040027,45
5,62.0,64.70565976379189,55
6,97.0,97.22782448827957,67
7,98.0,101.4699831464163,75
8,45.5,22.450241573177635,89
9,66.5,100.57154009657893,99
