,real_%top,predicted_%top,index
0,93.8,99.86521409115223,8
1,99.3,100.35636562787582,16
2,96.5,93.0568035012896,27
3,99.5,98.20885225417821,47
4,62.0,53.92945294154857,54
5,98.0,88.95973079188822,57
6,98.0,89.30926055588331,62
7,79.0,80.17193155358154,71
8,22.0,11.01587139364486,99
9,6.5,8.432281734334875,102
