,real_%top,predicted_%top,index
0,99.95,93.79499634119414,10
1,57.0,60.26523374028025,29
2,10.0,20.816097766596226,32
3,99.5,97.05902999045564,38
4,98.5,96.31322430418567,45
5,62.0,56.77237268359759,55
6,97.0,74.5326623010941,67
7,98.0,94.47065584299656,75
8,45.5,21.356968022246825,89
9,66.5,63.49277132196067,99
