,real_%top,predicted_%top,index
0,71.0,78.89994115768854,19
1,97.5,95.78571065064546,20
2,51.5,86.92523542785844,23
3,64.0,81.76294819481126,33
4,95.5,81.1290833042599,59
5,68.5,85.35167705505899,60
6,8.0,27.457081591659104,64
7,63.0,67.34338128232656,88
8,20.0,5.231869359494027,95
9,9.0,19.453824736455957,98
