,real_%top,predicted_%top,index
0,99.95,103.18148611984323,5
1,98.45,94.43046854599653,6
2,99.0,97.06865223000413,15
3,99.3,97.0368580003275,17
4,99.5,101.65356421245667,35
5,36.5,64.62753025015851,43
6,97.0,86.66098785423245,44
7,99.0,84.29459766257983,82
8,98.5,92.45877244536376,83
9,48.5,53.85917840214109,94
10,6.5,21.380392622643782,103
