,real_%top,predicted_%top,index
0,92.0,85.7468646802351,1
1,99.95,103.2678263522979,7
2,86.5,81.55966446675876,21
3,10.0,15.360541942224273,31
4,97.0,84.9407163803944,43
5,99.5,93.29439456914106,45
6,82.0,97.14379215072996,51
7,68.5,86.64872664131401,59
8,78.0,97.18946791903363,76
9,45.5,-11.33174707874106,88
10,5.0,18.558339987141096,101
