,real_%top,predicted_%top,index
0,92.0,88.58334,1
1,99.95,88.68823,7
2,86.5,88.6226,21
3,10.0,25.181917,31
4,97.0,88.726746,43
5,99.5,88.70479,45
6,82.0,88.632706,51
7,68.5,88.63322,59
8,78.0,88.61758,76
9,45.5,36.74134,88
10,5.0,27.556149,101
