,real_%top,predicted_%top,index
0,92.0,78.08682,1
1,99.95,78.10727,7
2,86.5,78.24537,21
3,10.0,76.88576,31
4,97.0,78.23926,43
5,99.5,78.20267,45
6,82.0,81.539276,51
7,68.5,78.28342,59
8,78.0,81.805954,76
9,45.5,77.042786,88
10,5.0,77.07991,101
