,real_%top,predicted_%top,index
0,99.95,87.14699,4
1,98.45,87.14003,5
2,99.0,87.0035,14
3,99.3,87.11955,16
4,99.5,87.153,34
5,36.5,26.8518,42
6,97.0,87.03776,43
7,99.0,86.421425,81
8,98.5,86.39085,82
9,48.5,27.068218,93
10,6.5,26.56642,102
