,real_%top,predicted_%top,index
0,99.0,80.77233018732488,27
1,96.5,89.40647102171185,28
2,99.5,98.76736114407838,48
3,99.0,99.31424733576061,50
4,98.0,95.57132872182471,63
5,81.0,79.10743939130391,74
6,78.0,97.63973732678399,77
7,45.0,44.81135208369369,92
8,11.0,31.89256729951076,101
9,5.0,8.965963718837775,102
