,real_%top,predicted_%top,index
0,82.0,90.87751897519081,38
1,98.5,99.42267132877693,46
2,8.0,17.211570997943248,63
3,85.0,95.57346236146049,64
4,81.5,87.77399452379366,70
5,78.0,47.884807939627784,72
6,98.5,98.30172086298788,84
7,98.0,95.55919968305146,86
8,20.0,21.46941551514036,94
9,9.0,5.42785142734568,97
