,real_%top,predicted_%top,index
0,7.0,20.530163610346534,10
1,99.95,83.40649603703683,11
2,97.5,94.9820555709149,19
3,99.0,82.30815066640812,26
4,94.0,94.9820555709149,35
5,99.5,90.7085161083903,37
6,31.5,20.458800335549437,39
7,59.5,82.18243676745102,56
8,96.5,90.7085161083903,60
9,95.5,97.37433907683751,85
