,real_%top,predicted_%top,index
0,99.95,99.66456297700897,9
1,98.5,99.66456297700897,15
2,99.5,84.94378210933156,34
3,89.5,79.59364925993486,36
4,15.0,28.711940648185873,41
5,83.5,89.01764756884641,50
6,96.5,102.51551133727283,53
7,62.5,72.93111337624295,55
8,95.5,82.90845995260052,58
9,40.0,6.722479903379835,89
