,real_%top,predicted_%top,index
0,98.0,87.85223880597015,14
1,86.5,87.85223880597015,22
2,23.0,19.230769230769283,24
3,98.5,87.85223880597015,47
4,96.5,87.85223880597015,53
5,98.0,87.85223880597015,58
6,97.5,87.85223880597015,68
7,97.0,87.85223880597015,78
8,21.0,19.230769230769113,81
9,95.5,87.85223880597015,86
