,real_%top,predicted_%top,index
0,91.85,85.57747258003292,3
1,98.5,97.97538734294686,16
2,88.0,85.05482394420481,62
3,95.5,85.0061601063523,70
4,79.0,81.94196373578889,72
5,99.5,93.86513540029837,80
6,98.5,91.91858188619769,84
7,98.0,93.13517783251062,87
8,44.5,66.47585537532473,91
9,30.0,11.757710916376453,97
