,real_%top,predicted_%top,index
0,98.45,92.8548745937848,5
1,99.7,98.50321606914787,6
2,70.5,85.62825293183215,20
3,57.0,86.8391667953953,28
4,54.0,88.95142673408344,30
5,23.5,19.99758223576093,33
6,36.5,54.208631573495865,42
7,97.5,82.0355201466437,67
8,95.5,82.26709288717433,69
9,98.5,91.61354937009993,83
