,real_%top,predicted_%top,index
0,99.95,102.14324006349499,4
1,99.5,82.52181873644251,40
2,99.5,98.34528577842651,48
3,98.0,96.80940944867099,74
4,96.0,97.15797810859388,78
5,21.0,21.77790151286162,80
6,98.5,99.23743744891134,82
7,63.0,41.98785390631587,87
8,44.5,43.747616480688926,90
9,66.5,41.572766759730044,98
