,real_%top,predicted_%top,index
0,99.7,85.68179769189145,7
1,54.0,71.84450293984054,31
2,82.0,76.70162576146333,39
3,15.0,21.15685291722811,42
4,99.5,97.0544002578197,49
5,96.5,87.86006309213664,61
6,85.0,87.4000834564945,65
7,78.0,68.52520876873383,73
8,96.0,87.14805056336206,79
9,39.5,63.843131031193586,93
