,real_%top,predicted_%top,index
0,7.0,20.489069380632273,10
1,99.95,92.53868279575818,11
2,97.5,96.00595676684856,19
3,99.0,86.63427092698967,26
4,94.0,84.99239364246866,35
5,99.5,87.69467604201355,37
6,31.5,23.210893480143874,39
7,59.5,80.96983618073105,56
8,96.5,87.36812767951005,60
9,95.5,97.56303829798728,85
