,real_%top,predicted_%top,index
0,92.0,90.01724314875773,1
1,99.95,101.1299008510147,7
2,86.5,93.80964559655943,21
3,10.0,22.731905750625657,31
4,97.0,95.66025780485833,43
5,99.5,95.75964706448566,45
6,82.0,98.01217185013735,51
7,68.5,88.84693226448537,59
8,78.0,95.62948413725009,76
9,45.5,18.193892261997732,88
10,5.0,16.028478401706455,101
