,real_%top,predicted_%top,index
0,99.95,101.02456905624996,10
1,57.0,85.64180284371346,29
2,10.0,6.460600477072049,32
3,99.5,97.68121540364143,38
4,98.5,95.66184431932501,45
5,62.0,78.16833821053443,55
6,97.0,86.53090929354418,67
7,98.0,98.50760981277567,75
8,45.5,-22.66871545589443,89
9,66.5,97.14641308026842,99
