,real_%top,predicted_%top,index
0,93.8,94.85168920518781,8
1,99.3,96.22242849248588,16
2,96.5,83.8444038965429,27
3,99.5,92.59531534371669,47
4,62.0,77.55305201885703,54
5,98.0,91.047473646876,57
6,98.0,89.95133195147031,62
7,79.0,83.76041677041546,71
8,22.0,11.338416256490774,99
9,6.5,20.841994908097476,102
