,real_%top,predicted_%top,index
0,91.85,84.09127616435394,3
1,98.5,97.27249950261927,16
2,88.0,82.02010644480359,62
3,95.5,84.33459901596683,70
4,79.0,85.11741637638367,72
5,99.5,96.30361599953373,80
6,98.5,92.62285509876114,84
7,98.0,94.923330661744,87
8,44.5,66.75540158579997,91
9,30.0,14.777519806592537,97
