,real_%top,predicted_%top,index
0,98.45,92.20466252729571,5
1,99.7,98.48517073650751,6
2,70.5,81.78698893238254,20
3,57.0,85.60447335092384,28
4,54.0,86.6194732207999,30
5,23.5,21.887417401225264,33
6,36.5,43.21740588549567,42
7,97.5,83.0544254479203,67
8,95.5,83.34998276380186,69
9,98.5,92.60431070543606,83
