,real_%top,predicted_%top,index
0,92.0,87.62500000000004,2
1,99.95,87.62500000000004,8
2,99.95,87.62500000000004,12
3,34.5,38.25000000000018,25
4,23.5,15.749999999999872,34
5,89.5,87.62500000000004,37
6,31.5,15.749999999999872,40
7,82.0,87.62500000000004,52
8,59.5,87.62500000000004,57
9,81.5,87.62500000000004,71
10,98.5,87.62500000000004,85
