,real_%top,predicted_%top,index
0,91.4,87.2764390270665,3
1,99.0,99.45158707385346,14
2,23.0,26.71141105426345,23
3,98.5,88.18030574477862,25
4,99.0,88.18030574477862,49
5,88.0,86.01688098847922,61
6,91.0,89.15550087459093,65
7,99.5,95.52290859415233,79
8,99.0,95.06302719607702,81
9,48.5,63.66278209182951,93
10,21.5,-5.738410226456708,95
