,real_%top,predicted_%top,index
0,99.7,83.73327062177589,7
1,54.0,69.75381464287348,31
2,82.0,76.68350121952784,39
3,15.0,20.02618701151789,42
4,99.5,98.43635692060776,49
5,96.5,90.12332183979595,61
6,85.0,91.958627800794,65
7,78.0,66.97206211982463,73
8,96.0,84.91796644416385,79
9,39.5,64.36266194777446,93
