,real_%top,predicted_%top,index
0,71.0,79.132379537009,19
1,97.5,92.02746842716199,20
2,51.5,89.06906272144498,23
3,64.0,90.161518140191,33
4,95.5,82.68703877156013,59
5,68.5,87.3364449722097,60
6,8.0,13.793119198669046,64
7,63.0,55.81981143980996,88
8,20.0,10.337904540797638,95
9,9.0,20.274587725233616,98
