,real_%top,predicted_%top,index
0,91.85,88.74623018381685,2
1,99.75,100.28579955506845,12
2,51.5,95.70859267378775,22
3,64.0,57.30483069145175,32
4,96.5,93.3418109951514,52
5,97.0,97.78515254649153,66
6,99.0,96.82645215019588,75
7,97.0,95.17944213836611,77
8,39.5,48.082118926456,92
9,30.0,9.00457686950668,96
10,11.0,9.062803175653375,100
