,real_%top,predicted_%top,index
0,99.7,91.7530783564153,7
1,54.0,72.99252347607673,31
2,82.0,91.19333333982193,39
3,15.0,22.961306329914496,42
4,99.5,97.69845710482326,49
5,96.5,90.63115994812506,61
6,85.0,85.34631526076258,65
7,78.0,69.43763491202641,73
8,96.0,94.25963027540915,79
9,39.5,68.57067964637702,93
