,real_%top,predicted_%top,index
0,7.0,22.7111960178839,10
1,99.95,90.28950484417544,11
2,97.5,89.62488065904682,19
3,99.0,85.43416648241465,26
4,94.0,86.16651882280301,35
5,99.5,90.19323300227468,37
6,31.5,22.801662287725165,39
7,59.5,75.18482806605161,56
8,96.5,89.09686287795454,60
9,95.5,96.54833166125239,85
