,real_%top,predicted_%top,index
0,92.0,88.6397680148674,1
1,99.95,98.63853864701795,7
2,86.5,93.2908269431317,21
3,10.0,22.996896272058684,31
4,97.0,93.01149490286768,43
5,99.5,94.20592704936408,45
6,82.0,97.29623567448473,51
7,68.5,89.47578820793663,59
8,78.0,96.25803569470341,76
9,45.5,23.694771526495842,88
10,5.0,10.91345987624384,101
