,real_%top,predicted_%top,index
0,99.95,97.24928094046476,9
1,98.5,98.52436187807288,15
2,99.5,95.64137084326926,34
3,89.5,69.92722644833236,36
4,15.0,19.320476589586885,41
5,83.5,77.90330088614729,50
6,96.5,95.76178494218202,53
7,62.5,63.767086921192856,55
8,95.5,87.39935161358252,58
9,40.0,24.298499101796907,89
