,real_%top,predicted_%top,index
0,98.0,98.8194771593796,14
1,86.5,92.27198357932919,22
2,23.0,20.56054472080208,24
3,98.5,97.47174759693132,47
4,96.5,97.43371588795189,53
5,98.0,91.37716220479084,58
6,97.5,91.28712472833755,68
7,97.0,90.47132395831291,78
8,21.0,16.49834163222399,81
9,95.5,96.31860501595925,86
