,real_%top,predicted_%top,index
0,91.85,67.78208601308823,2
1,99.75,94.02464577440533,12
2,51.5,92.03381696293901,22
3,64.0,71.03270733759705,32
4,96.5,97.22518711594776,52
5,97.0,91.61595688478187,66
6,99.0,88.4228880878109,75
7,97.0,90.15148294866898,77
8,39.5,67.4911594923867,92
9,30.0,16.906304863029135,96
10,11.0,23.832468178879935,100
