,real_%top,predicted_%top,index
0,92.0,91.84753,1
1,99.95,91.8271,7
2,86.5,92.22447,21
3,10.0,23.27631,31
4,97.0,91.908035,43
5,99.5,91.88337,45
6,82.0,92.25795,51
7,68.5,92.230644,59
8,78.0,92.2716,76
9,45.5,48.769436,88
10,5.0,26.401302,101
