,real_%top,predicted_%top,index
0,92.0,91.84759,1
1,99.95,91.827156,7
2,86.5,92.22452,21
3,10.0,23.276375,31
4,97.0,91.90809,43
5,99.5,91.88342,45
6,82.0,92.258,51
7,68.5,92.2307,59
8,78.0,92.27166,76
9,45.5,48.769604,88
10,5.0,26.401339,101
