,real_%top,predicted_%top,index
0,92.0,91.683304,1
1,99.95,91.69615,7
2,86.5,91.52583,21
3,10.0,20.965137,31
4,97.0,91.50201,43
5,99.5,91.55201,45
6,82.0,99.392105,51
7,68.5,91.51631,59
8,78.0,99.45675,76
9,45.5,60.339714,88
10,5.0,8.228469,101
