,real_%top,predicted_%top,index
0,99.95,86.84007,4
1,98.45,86.82022,5
2,99.0,86.85298,14
3,99.3,86.84635,16
4,99.5,86.84293,34
5,36.5,31.111458,42
6,97.0,86.885315,43
7,99.0,86.89066,81
8,98.5,86.840836,82
9,48.5,31.63014,93
10,6.5,30.673378,102
