,real_%top,predicted_%top,index
0,92.15,73.97363809523809,1
1,91.4,75.88195,4
2,93.8,85.09625714285713,9
3,70.5,92.65563769841272,21
4,21.5,22.34566323953824,30
5,83.5,73.05077380952382,51
6,91.0,92.86711904761907,66
7,74.5,96.0665952380952,69
8,99.0,94.28289722222226,76
9,40.0,29.391119047619053,90
