,real_%top,predicted_%top,index
0,99.95,98.5199363095238,4
1,99.5,97.63477499999998,40
2,99.5,96.50325833333332,48
3,98.0,95.41446666666668,74
4,96.0,88.39082380952381,78
5,21.0,18.047601190476193,80
6,98.5,94.12039999999996,82
7,63.0,61.658632142857144,87
8,44.5,61.6412988095238,90
9,66.5,89.3658172619048,98
