,real_%top,predicted_%top,index
0,99.7,87.18307692307691,7
1,54.0,87.18307692307691,31
2,82.0,87.18307692307691,39
3,15.0,18.133333333333184,42
4,99.5,87.18307692307691,49
5,96.5,87.18307692307691,61
6,85.0,87.18307692307691,65
7,78.0,87.18307692307691,73
8,96.0,87.18307692307691,79
9,39.5,87.18307692307698,93
