,real_%top,predicted_%top,index
0,7.0,46.585051009374524,10
1,99.95,101.5657966647651,11
2,97.5,82.03364029557143,19
3,99.0,86.70672378532197,26
4,94.0,82.03364029557143,35
5,99.5,87.08594212565586,37
6,31.5,31.72597812993149,39
7,59.5,71.48533003783534,56
8,96.5,86.64223552808862,60
9,95.5,95.51683702546538,85
