,real_%top,predicted_%top,index
0,98.45,100.62420859983126,5
1,99.7,92.21874680948197,6
2,70.5,86.31499949655235,20
3,57.0,63.284807343326136,28
4,54.0,63.55591437479061,30
5,23.5,19.903449911994116,33
6,36.5,28.29507280711409,42
7,97.5,87.99195138142626,67
8,95.5,88.58650286714341,69
9,98.5,95.97197957901254,83
