,real_%top,predicted_%top,index
0,82.0,99.08195096791347,38
1,98.5,97.21102724027665,46
2,8.0,24.774024906322886,63
3,85.0,97.57267986045811,64
4,81.5,87.8004648142702,70
5,78.0,74.11193870080727,72
6,98.5,98.2667715550993,84
7,98.0,95.50791498543214,86
8,20.0,23.87438789428347,94
9,9.0,29.965329588095816,97
