,real_%top,predicted_%top,index
0,99.0,88.19930969758492,27
1,96.5,89.47957729420008,28
2,99.5,99.80580341617947,48
3,99.0,100.47647196879795,50
4,98.0,87.95306981669142,63
5,81.0,80.63968913521852,74
6,78.0,96.12042956479836,77
7,45.0,45.116787595524045,92
8,11.0,21.306832659033105,101
9,5.0,8.07620746902616,102
