,real_%top,predicted_%top,index
0,71.0,83.97505442502593,19
1,97.5,98.37590263769246,20
2,51.5,96.8050664022045,23
3,64.0,57.3621271902374,33
4,95.5,94.6150436393409,59
5,68.5,84.9517103997747,60
6,8.0,22.913117536815495,64
7,63.0,43.529917303037124,88
8,20.0,14.553952887469434,95
9,9.0,5.6226942194907545,98
