,real_%top,predicted_%top,index
0,92.15,91.60239105784105,0
1,98.0,97.9206274976795,13
2,99.9,96.87642782604462,17
3,71.0,78.19213506461628,18
4,34.5,24.280169973785135,24
5,21.5,18.95724935128097,29
6,98.5,91.07217444110778,44
7,74.5,97.00002602339161,68
8,81.0,78.58854537528212,73
9,45.0,44.33203148207988,91
