,real_%top,predicted_%top,index
0,98.45,99.40673547572632,5
1,99.7,54.495213399632426,6
2,70.5,98.20033685533409,20
3,57.0,66.40745316637428,28
4,54.0,67.36791823282991,30
5,23.5,18.74766799571411,33
6,36.5,16.634858781143542,42
7,97.5,97.72803923162142,67
8,95.5,97.94022610670152,69
9,98.5,98.418498769879,83
