,real_%top,predicted_%top,index
0,91.85,73.35890705802018,3
1,98.5,98.36979613208374,16
2,88.0,78.21207426824161,62
3,95.5,97.8300041751459,70
4,79.0,79.56222574410135,72
5,99.5,96.10272833827926,80
6,98.5,95.41610151854694,84
7,98.0,95.52484481177899,87
8,44.5,62.40365144725822,91
9,30.0,7.77368452123178,97
