,real_%top,predicted_%top,index
0,98.0,98.19113815786092,14
1,86.5,90.20217662324235,22
2,23.0,20.397934665156182,24
3,98.5,96.71502434414624,47
4,96.5,96.01550002794312,53
5,98.0,89.2611549038311,58
6,97.5,92.90435837883724,68
7,97.0,88.37475393229215,78
8,21.0,20.195212387433905,81
9,95.5,95.49434525910522,86
