,real_%top,predicted_%top,index
0,99.95,95.25908467971783,9
1,98.5,97.7549672963928,15
2,99.5,91.3278685391556,34
3,89.5,88.51130710083218,36
4,15.0,21.18455011302879,41
5,83.5,78.69019935699461,50
6,96.5,90.66236575280286,53
7,62.5,76.23415830940917,55
8,95.5,77.97807486562616,58
9,40.0,21.90388056035924,89
