,real_%top,predicted_%top,index
0,93.8,98.67396449008825,8
1,99.3,95.62712759789608,16
2,96.5,81.07898373421676,27
3,99.5,90.47034058775711,47
4,62.0,74.42094031483117,54
5,98.0,90.90798169368814,57
6,98.0,85.57052058801091,62
7,79.0,84.97564912552659,71
8,22.0,12.215117648247258,99
9,6.5,18.948962556816895,102
