,real_%top,predicted_%top,index
0,99.95,97.21085364588387,10
1,57.0,86.78735276055839,29
2,10.0,10.414840231779749,32
3,99.5,102.22345520019257,38
4,98.5,95.62633930365367,45
5,62.0,75.20310614499816,55
6,97.0,86.30904581874282,67
7,98.0,99.40397804144257,75
8,45.5,-23.134859593865002,89
9,66.5,93.39609678242917,99
