,real_%top,predicted_%top,index
0,92.15,88.754949394201,0
1,98.0,97.1656020693245,13
2,99.9,95.48536222135982,17
3,71.0,72.6473920671951,18
4,34.5,39.981236809036446,24
5,21.5,14.834373002930818,29
6,98.5,92.64904616577238,44
7,74.5,83.4151618902335,68
8,81.0,82.64439864266413,73
9,45.0,72.8274173350957,91
