,real_%top,predicted_%top,index
0,7.0,21.822864128008376,10
1,99.95,76.18747477209615,11
2,97.5,91.88008968656086,19
3,99.0,75.4957164897739,26
4,94.0,79.05802530400311,35
5,99.5,89.34355426317272,37
6,31.5,21.745531548822854,39
7,59.5,73.97951824795511,56
8,96.5,88.62820052601934,60
9,95.5,95.4983963288088,85
