,real_%top,predicted_%top,index
0,98.45,101.57687653457158,5
1,99.7,97.01443073008501,6
2,70.5,93.31759933149384,20
3,57.0,59.60950735596388,28
4,54.0,62.74669343250098,30
5,23.5,27.235967419431613,33
6,36.5,28.417856793407047,42
7,97.5,87.71350379012972,67
8,95.5,88.25178103270132,69
9,98.5,93.97369927815835,83
