,real_%top,predicted_%top,index
0,91.85,82.624239659389,3
1,98.5,98.0453068054586,16
2,88.0,97.92469118322352,62
3,95.5,99.77625497988974,70
4,79.0,79.98520678129198,72
5,99.5,96.04595622880849,80
6,98.5,84.75953070771968,84
7,98.0,95.49462139009388,87
8,44.5,62.06826557698061,91
9,30.0,8.964454715624239,97
