,real_%top,predicted_%top,index
0,99.0,70.77946436649083,27
1,96.5,77.64371842481401,28
2,99.5,90.4745947426189,48
3,99.0,87.69065394484502,50
4,98.0,88.09578934378176,63
5,81.0,81.12139611710455,74
6,78.0,95.61288529717163,77
7,45.0,63.55942267909357,92
8,11.0,13.434358632973812,101
9,5.0,18.84227163972656,102
