,real_%top,predicted_%top,index
0,82.0,89.01730974838823,38
1,98.5,92.2019501771381,46
2,8.0,26.23688585670483,63
3,85.0,79.2781984360553,64
4,81.5,82.4199004269386,70
5,78.0,77.80503864461022,72
6,98.5,92.28079861749363,84
7,98.0,94.51732166984337,86
8,20.0,2.363060488280766,94
9,9.0,18.085576379883932,97
