,real_%top,predicted_%top,index
0,98.0,99.41941658642742,14
1,86.5,85.87092387148662,22
2,23.0,7.731015470913218,24
3,98.5,98.58998193989635,47
4,96.5,101.26231628227023,53
5,98.0,88.10895718952612,58
6,97.5,96.86674248481721,68
7,97.0,100.08513906056773,78
8,21.0,2.815512032702964,81
9,95.5,98.32853418222159,86
