,real_%top,predicted_%top,index
0,99.95,99.38020820075437,9
1,98.5,98.4404884367449,15
2,99.5,99.71097696133472,34
3,89.5,76.92422998262427,36
4,15.0,10.920923093249547,41
5,83.5,69.50321137595857,50
6,96.5,93.38788486279634,53
7,62.5,69.91918663470119,55
8,95.5,91.70459171828298,58
9,40.0,46.03414282251407,89
