,real_%top,predicted_%top,index
0,92.15,93.50635641832602,1
1,91.4,91.09749095118865,4
2,93.8,71.47659920899223,9
3,70.5,91.93990742265404,21
4,21.5,19.355318514819384,30
5,83.5,69.59131648902255,51
6,91.0,89.99360366854754,66
7,74.5,96.89377710339764,69
8,99.0,102.95244209438536,76
9,40.0,47.95276967683893,90
