,real_%top,predicted_%top,index
0,99.95,104.9480601983132,4
1,99.5,101.90354628371351,40
2,99.5,100.46557164554069,48
3,98.0,97.6035174268978,74
4,96.0,86.57338279702164,78
5,21.0,14.954695904246886,80
6,98.5,97.71051527144297,82
7,63.0,61.16958457367007,87
8,44.5,60.431766239957476,90
9,66.5,100.49409739983032,98
