,real_%top,predicted_%top,index
0,71.0,76.84631001288558,19
1,97.5,96.26665199675378,20
2,51.5,92.72988988641994,23
3,64.0,56.77279417299357,33
4,95.5,88.87674138703956,59
5,68.5,87.05792157859015,60
6,8.0,19.2079117103358,64
7,63.0,46.285610731292216,88
8,20.0,17.608084707354912,95
9,9.0,6.143067474120117,98
