,real_%top,predicted_%top,index
0,7.0,41.010812481093595,10
1,99.95,91.42269420358672,11
2,97.5,79.82415273367297,19
3,99.0,68.16282278938233,26
4,94.0,85.4041843468386,35
5,99.5,94.65356705179596,37
6,31.5,32.04585683635912,39
7,59.5,76.50183486344763,56
8,96.5,89.66573469168672,60
9,95.5,94.60406438643575,85
