,real_%top,predicted_%top,index
0,92.0,76.9970519387883,1
1,99.95,96.40438387099226,7
2,86.5,94.82843113859396,21
3,10.0,22.899789186711992,31
4,97.0,85.38884624717426,43
5,99.5,95.33852220540723,45
6,82.0,94.77536262655045,51
7,68.5,93.90832058390959,59
8,78.0,97.69892170150544,76
9,45.5,18.583492709088297,88
10,5.0,18.391638452234037,101
