,real_%top,predicted_%top,index
0,99.95,94.86214041624011,5
1,98.45,90.18614693993874,6
2,99.0,97.400401074143,15
3,99.3,97.400401074143,17
4,99.5,92.01719743422211,35
5,36.5,19.642457252714607,43
6,97.0,84.40618123758556,44
7,99.0,84.76769434114864,82
8,98.5,93.41813995650249,83
9,48.5,64.58228482767232,94
10,6.5,19.165890222522574,103
