,real_%top,predicted_%top,index
0,92.0,88.07756,1
1,99.95,88.110596,7
2,86.5,88.04161,21
3,10.0,7.3472033,31
4,97.0,87.944916,43
5,99.5,88.09137,45
6,82.0,97.554886,51
7,68.5,88.02029,59
8,78.0,97.85465,76
9,45.5,51.551964,88
10,5.0,13.107104,101
