,real_%top,predicted_%top,index
0,99.95,84.95605,4
1,98.45,84.93387,5
2,99.0,84.945335,14
3,99.3,84.97073,16
4,99.5,84.96886,34
5,36.5,30.703154,42
6,97.0,84.998215,43
7,99.0,84.817505,81
8,98.5,84.8294,82
9,48.5,31.668589,93
10,6.5,29.21408,102
