,real_%top,predicted_%top,index
0,92.0,90.43108,1
1,99.95,90.43842,7
2,86.5,90.499306,21
3,10.0,22.047945,31
4,97.0,90.527565,43
5,99.5,90.498474,45
6,82.0,90.51388,51
7,68.5,90.51249,59
8,78.0,90.49101,76
9,45.5,40.23991,88
10,5.0,21.880217,101
