,real_%top,predicted_%top,index
0,99.95,107.94588563237568,4
1,99.5,97.95745658271467,40
2,99.5,92.47514904332989,48
3,98.0,104.77306173479174,74
4,96.0,93.97758521050271,78
5,21.0,30.556303514133965,80
6,98.5,99.70300845201605,82
7,63.0,59.5554501090003,87
8,44.5,59.41147031503666,90
9,66.5,96.09363915470068,98
