,real_%top,predicted_%top,index
0,92.15,82.76165397179236,1
1,91.4,82.1546611639775,4
2,93.8,92.4961129913475,9
3,70.5,80.51573885887524,21
4,21.5,16.719910839574965,30
5,83.5,78.6550954282103,51
6,91.0,84.74856168251348,66
7,74.5,88.45602011413094,69
8,99.0,86.4470358741782,76
9,40.0,13.142583821088309,90
