,real_%top,predicted_%top,index
0,71.0,78.92839345238096,19
1,97.5,97.61220892857142,20
2,51.5,91.14140238095239,23
3,64.0,67.9750232142857,33
4,95.5,87.79870773809523,59
5,68.5,90.13783095238095,60
6,8.0,23.12876785714286,64
7,63.0,50.91252380952382,88
8,20.0,21.392250000000004,95
9,9.0,13.341226190476188,98
