,real_%top,predicted_%top,index
0,92.15,77.11015198412697,0
1,98.0,98.45292341269844,13
2,99.9,98.41067936507935,17
3,71.0,80.4746232142857,18
4,34.5,29.422466269841255,24
5,21.5,21.737589285714286,29
6,98.5,93.6320998015873,44
7,74.5,97.11374206349207,68
8,81.0,73.48662738095236,73
9,45.0,53.638549603174596,91
