,real_%top,predicted_%top,index
0,92.0,77.23210469846836,1
1,99.95,97.12032145723555,7
2,86.5,94.43475274517304,21
3,10.0,23.161380674514714,31
4,97.0,80.74858252474513,43
5,99.5,94.90983329965003,45
6,82.0,94.52099255287273,51
7,68.5,94.15245850247962,59
8,78.0,96.49619437549713,76
9,45.5,23.032913671236123,88
10,5.0,23.032913671236123,101
