,real_%top,predicted_%top,index
0,99.0,83.88352303374776,27
1,96.5,92.08601561593967,28
2,99.5,92.27406721862071,48
3,99.0,92.17422378427727,50
4,98.0,88.77626185039485,63
5,81.0,74.18402221133024,74
6,78.0,95.36550473763288,77
7,45.0,72.18854739240687,92
8,11.0,22.63102634470532,101
9,5.0,22.502740630419602,102
