,real_%top,predicted_%top,index
0,82.0,90.25677373206761,38
1,98.5,96.15529463965608,46
2,8.0,21.60310251304852,63
3,85.0,82.02348766490545,64
4,81.5,78.62846362363743,70
5,78.0,75.62914033224152,72
6,98.5,95.1746221792394,84
7,98.0,95.1746221792394,86
8,20.0,21.60310251304852,94
9,9.0,21.60310251304852,97
