,real_%top,predicted_%top,index
0,91.4,76.76793824407584,3
1,99.0,96.81963037098316,14
2,23.0,21.174862681056265,23
3,98.5,89.79054176027284,25
4,99.0,93.48850836442328,49
5,88.0,90.6251077466873,61
6,91.0,91.07771702125538,65
7,99.5,92.20125408282794,79
8,99.0,81.1498989567668,81
9,48.5,80.34975865002303,93
10,21.5,21.00508403215421,95
