,real_%top,predicted_%top,index
0,99.95,97.65561121586961,10
1,57.0,86.7615301338715,29
2,10.0,21.993211951098687,32
3,99.5,90.41118120146503,38
4,98.5,77.21598452101213,45
5,62.0,86.7615301338715,55
6,97.0,90.41118120146503,67
7,98.0,94.84313268885428,75
8,45.5,21.993211951098687,89
9,66.5,90.41118120146503,99
