,real_%top,predicted_%top,index
0,93.8,97.49536710605113,8
1,99.3,97.49536710605113,16
2,96.5,77.86037606055453,27
3,99.5,90.6896204669354,47
4,62.0,85.33577354760908,54
5,98.0,95.3866411411208,57
6,98.0,90.6896204669354,62
7,79.0,85.18688064439057,71
8,22.0,23.863080237405963,99
9,6.5,23.87402038892111,102
