,real_%top,predicted_%top,index
0,91.85,92.19364114009991,2
1,99.75,96.84183993301279,12
2,51.5,98.5267261714723,22
3,64.0,73.79623444320674,32
4,96.5,96.67835158925602,52
5,97.0,74.51119791616759,66
6,99.0,99.25027108998782,75
7,97.0,99.71295383428955,77
8,39.5,47.62286720811326,92
9,30.0,9.001851857802313,96
10,11.0,12.00557552562261,100
