,real_%top,predicted_%top,index
0,7.0,15.81082024092286,11
1,99.75,101.18483121939887,13
2,99.9,98.01371181807225,18
3,98.5,51.57167447938651,26
4,94.0,93.03342278795766,36
5,99.5,82.06729745772964,41
6,99.5,87.16381439965934,46
7,96.5,103.80527516103231,54
8,62.5,55.43678396102534,56
9,21.5,10.582880547361944,96
10,22.0,10.616405433207472,100
