,real_%top,predicted_%top,index
0,91.85,84.60580290038985,3
1,98.5,95.57046266204063,16
2,88.0,85.84444032065608,62
3,95.5,85.78730507056542,70
4,79.0,82.16809959384062,72
5,99.5,93.57737469623726,80
6,98.5,91.29196469261099,84
7,98.0,92.72034594487741,87
8,44.5,66.65020150288956,91
9,30.0,16.129941017222606,97
