,real_%top,predicted_%top,index
0,98.45,91.820083744438,5
1,99.7,98.64164883662792,6
2,70.5,77.91962177768973,20
3,57.0,83.03267650579309,28
4,54.0,86.00847853104594,30
5,23.5,17.649567312966752,33
6,36.5,56.8173370157953,42
7,97.5,82.67087081593772,67
8,95.5,82.52114242943252,69
9,98.5,91.80530174883414,83
