,real_%top,predicted_%top,index
0,98.45,95.41687202380952,5
1,99.7,89.32028412698413,6
2,70.5,89.07109880952379,20
3,57.0,72.60690277777778,28
4,54.0,70.084875,30
5,23.5,17.96908333333333,33
6,36.5,15.336892857142862,42
7,97.5,91.7803142857143,67
8,95.5,91.92562380952383,69
9,98.5,96.95914761904761,83
