,real_%top,predicted_%top,index
0,91.85,63.46078571428574,3
1,98.5,98.94607738095236,16
2,88.0,81.34456547619048,62
3,95.5,96.7588214285714,70
4,79.0,74.64809523809525,72
5,99.5,92.29603174603174,80
6,98.5,94.16511507936508,84
7,98.0,94.00094841269842,87
8,44.5,58.989797619047614,91
9,30.0,19.763738095238093,97
