,real_%top,predicted_%top,index
0,92.0,83.75480288495108,1
1,99.95,101.23797037946747,7
2,86.5,85.28696127441624,21
3,10.0,10.565718707439672,31
4,97.0,85.32808154009633,43
5,99.5,94.9549982075592,45
6,82.0,98.22517006373792,51
7,68.5,88.82596153811222,59
8,78.0,98.08807554090033,76
9,45.5,-10.427041583344902,88
10,5.0,19.890044605660307,101
