,real_%top,predicted_%top,index
0,99.95,104.4090952275672,5
1,98.45,91.8962263064126,6
2,99.0,97.08364989871292,15
3,99.3,97.00930231024203,17
4,99.5,100.9743047884368,35
5,36.5,57.18867857780159,43
6,97.0,85.27191855057583,44
7,99.0,84.89717919014446,82
8,98.5,92.26080970804566,83
9,48.5,63.781921632577706,94
10,6.5,20.133693970469835,103
