,real_%top,predicted_%top,index
0,98.0,96.86361939683198,14
1,86.5,83.8358615361922,22
2,23.0,21.190581787121374,24
3,98.5,91.60095590624576,47
4,96.5,90.8643547530522,53
5,98.0,90.83196820859793,58
6,97.5,83.75046147040776,68
7,97.0,100.1558599267502,78
8,21.0,32.80206150174549,81
9,95.5,93.99902231891174,86
