,real_%top,predicted_%top,index
0,99.95,96.12609000381858,9
1,98.5,96.46017449321454,15
2,99.5,104.99619166153644,34
3,89.5,98.08584000578432,36
4,15.0,29.17640475417035,41
5,83.5,83.79668933675829,50
6,96.5,97.59856029246211,53
7,62.5,74.20847975835147,55
8,95.5,78.92278605805849,58
9,40.0,-3.538263534066459,89
