,real_%top,predicted_%top,index
0,99.95,99.913074494082,4
1,99.5,100.29474431043707,40
2,99.5,98.6344039087852,48
3,98.0,101.92503434149735,74
4,96.0,85.66220570132583,78
5,21.0,36.361808892610945,80
6,98.5,94.91936552359144,82
7,63.0,45.947910097956594,87
8,44.5,45.60813549052561,90
9,66.5,98.41624926418866,98
