,real_%top,predicted_%top,index
0,92.15,91.35832185711887,1
1,91.4,92.21599113552587,4
2,93.8,86.5083428278315,9
3,70.5,96.21510443186257,21
4,21.5,20.982967256237835,30
5,83.5,70.3806896630003,51
6,91.0,98.6277035629909,66
7,74.5,96.99507311209197,69
8,99.0,94.1650312817131,76
9,40.0,45.807013269690074,90
