,real_%top,predicted_%top,index
0,91.4,84.41913064261317,3
1,99.0,99.21394734601938,14
2,23.0,17.541025949695168,23
3,98.5,87.65123969101884,25
4,99.0,92.9263267225744,49
5,88.0,83.2218697451844,61
6,91.0,84.96764585998478,65
7,99.5,96.18793022322774,79
8,99.0,89.25219732692247,81
9,48.5,67.60629865520563,93
10,21.5,-0.20669643717690178,95
