,real_%top,predicted_%top,index
0,99.95,99.85180497223105,5
1,98.45,99.65414514578575,6
2,99.0,99.55086302441276,15
3,99.3,99.55086302441276,17
4,99.5,99.49287678192859,35
5,36.5,17.99434826082308,43
6,97.0,75.1862056130513,44
7,99.0,100.91288848559105,82
8,98.5,97.08330196562731,83
9,48.5,45.606110075986436,94
10,6.5,4.73478296296773,103
