,real_%top,predicted_%top,index
0,99.95,96.69685753968258,9
1,98.5,98.62608611111116,15
2,99.5,96.71146904761903,34
3,89.5,86.19879920634924,36
4,15.0,16.9047380952381,41
5,83.5,71.68339444444445,50
6,96.5,92.55119444444445,53
7,62.5,67.13088333333332,55
8,95.5,86.68230357142858,58
9,40.0,34.02459523809524,89
