,real_%top,predicted_%top,index
0,98.0,99.04790833333333,14
1,86.5,87.63897499999997,22
2,23.0,22.221,24
3,98.5,98.97745119047619,47
4,96.5,95.32043611111114,53
5,98.0,90.67438928571428,58
6,97.5,91.60664285714287,68
7,97.0,93.97757500000002,78
8,21.0,18.155726190476194,81
9,95.5,96.78904523809524,86
