,real_%top,predicted_%top,index
0,82.0,93.6875,38
1,98.5,92.8125,46
2,8.0,25.0,63
3,85.0,76.90625,64
4,81.5,84.6875,70
5,78.0,83.65625,72
6,98.5,92.90625,84
7,98.0,93.40625,86
8,20.0,4.59375,94
9,9.0,16.90625,97
