,real_%top,predicted_%top,index
0,82.0,93.74379948253517,38
1,98.5,92.88362159163754,46
2,8.0,25.041251095768473,63
3,85.0,76.96395967542593,64
4,81.5,84.76911060039728,70
5,78.0,83.72180859615692,72
6,98.5,93.00573857919646,84
7,98.0,93.48685502664767,86
8,20.0,4.629619817312616,94
9,9.0,16.965346353224177,97
