,real_%top,predicted_%top,index
0,92.0,87.06308234242412,2
1,99.95,101.12874486258707,8
2,99.95,99.35467337787837,12
3,34.5,21.28711013749024,25
4,23.5,22.53088061463586,34
5,89.5,72.6876710845793,37
6,31.5,21.73749302390542,40
7,82.0,81.71125062200925,52
8,59.5,69.74535619849897,57
9,81.5,77.56868771504323,71
10,98.5,96.46528880977075,85
