,real_%top,predicted_%top,index
0,91.4,89.87310998954474,3
1,99.0,98.98598315200799,14
2,23.0,26.20063347185873,23
3,98.5,97.20982374293898,25
4,99.0,99.53779610706292,49
5,88.0,96.64481796491172,61
6,91.0,97.08010986482833,65
7,99.5,97.27839485475697,79
8,99.0,92.67231734975165,81
9,48.5,39.4672176531607,93
10,21.5,20.976020111933245,95
