,real_%top,predicted_%top,index
0,91.85,91.10753622843953,3
1,98.5,98.41437481584713,16
2,88.0,97.96307453824063,62
3,95.5,95.87483808954882,70
4,79.0,78.25143763193736,72
5,99.5,99.57585705172593,80
6,98.5,98.09795071497577,84
7,98.0,95.48836123650776,87
8,44.5,61.6172066487759,91
9,30.0,8.98761246377558,97
