,real_%top,predicted_%top,index
0,98.45,98.65371948037073,5
1,99.7,92.93260245647504,6
2,70.5,91.07667301367917,20
3,57.0,63.575251573380605,28
4,54.0,62.152846030822346,30
5,23.5,21.26113838015797,33
6,36.5,18.763949642941487,42
7,97.5,88.83346134066491,67
8,95.5,89.95641291990661,69
9,98.5,95.52570519073811,83
