,real_%top,predicted_%top,index
0,99.95,86.87615384615387,10
1,57.0,86.87615384615387,29
2,10.0,17.933333333333294,32
3,99.5,86.87615384615387,38
4,98.5,86.87615384615387,45
5,62.0,86.87615384615387,55
6,97.0,86.87615384615387,67
7,98.0,86.87615384615387,75
8,45.5,17.933333333333294,89
9,66.5,86.87615384615387,99
