,real_%top,predicted_%top,index
0,93.8,99.69524169367132,8
1,99.3,99.69524169367132,16
2,96.5,90.80578560232797,27
3,99.5,88.56582776602251,47
4,62.0,79.77997075151005,54
5,98.0,83.55742857461927,57
6,98.0,87.3348863977285,62
7,79.0,89.22031555812706,71
8,22.0,18.024717740776993,99
9,6.5,18.793467734178876,102
