,real_%top,predicted_%top,index
0,99.0,73.11333609861826,27
1,96.5,80.58678154495077,28
2,99.5,91.81369391156194,48
3,99.0,90.83205459337822,50
4,98.0,87.15683779759395,63
5,81.0,80.17713400572676,74
6,78.0,95.03056669748055,77
7,45.0,65.42030449209983,92
8,11.0,21.623037665826487,101
9,5.0,25.618596476395822,102
