,real_%top,predicted_%top,index
0,82.0,90.30900344468694,38
1,98.5,93.35632319361366,46
2,8.0,23.920352806303626,63
3,85.0,79.93362999373585,64
4,81.5,84.29064058099323,70
5,78.0,79.7492718206071,72
6,98.5,95.1112108589348,84
7,98.0,97.2152938935726,86
8,20.0,4.891721208333593,94
9,9.0,21.76066558563977,97
