,real_%top,predicted_%top,index
0,98.45,97.93544144809806,5
1,99.7,87.5713232918252,6
2,70.5,98.0287464504373,20
3,57.0,86.82227654948726,28
4,54.0,82.6241984173401,30
5,23.5,21.019541215121038,33
6,36.5,28.236645858276294,42
7,97.5,89.94299453338364,67
8,95.5,89.94299453338364,69
9,98.5,98.09990770609423,83
