,real_%top,predicted_%top,index
0,91.85,69.92178408784454,3
1,98.5,97.05208178090946,16
2,88.0,92.59898724069494,62
3,95.5,92.59898724069494,70
4,79.0,87.4007887950987,72
5,99.5,97.05208178090946,80
6,98.5,97.05208178090946,84
7,98.0,97.05208178090946,87
8,44.5,69.92178408784454,91
9,30.0,19.846773666131753,97
