,real_%top,predicted_%top,index
0,98.45,92.92255541708613,5
1,99.7,98.32317981492515,6
2,70.5,79.20909270345402,20
3,57.0,85.03077843011103,28
4,54.0,86.41131066348788,30
5,23.5,20.370904954157922,33
6,36.5,57.979414066997386,42
7,97.5,82.21501262802886,67
8,95.5,82.38158006253997,69
9,98.5,92.8753934583593,83
