,real_%top,predicted_%top,index
0,98.45,93.0,5
1,99.7,98.40625,6
2,70.5,79.28125,20
3,57.0,85.09375,28
4,54.0,86.46875,30
5,23.5,20.4375,33
6,36.5,58.03125,42
7,97.5,82.3125,67
8,95.5,82.46875,69
9,98.5,92.96875,83
