,real_%top,predicted_%top,index
0,91.4,80.67696921968896,3
1,99.0,96.87873932646399,14
2,23.0,19.871048609838795,23
3,98.5,90.32671059820119,25
4,99.0,94.70481303485502,49
5,88.0,88.72266872727798,61
6,91.0,89.72411244819642,65
7,99.5,91.88652304301091,79
8,99.0,77.57202890733494,81
9,48.5,71.09327397570068,93
10,21.5,19.73752755328097,95
