,real_%top,predicted_%top,index
0,92.15,93.35475847775469,0
1,98.0,99.34134730463245,13
2,99.9,97.89610060801414,17
3,71.0,64.64965555935792,18
4,34.5,16.459837456541038,24
5,21.5,19.18241853456137,29
6,98.5,93.63484437760009,44
7,74.5,97.0000011448747,68
8,81.0,76.96652519802849,73
9,45.0,46.31355193943643,91
