,real_%top,predicted_%top,index
0,71.0,83.95547815987582,19
1,97.5,95.7791593824714,20
2,51.5,98.66322083662537,23
3,64.0,57.45187824691049,33
4,95.5,90.56120372170973,59
5,68.5,83.21231487375576,60
6,8.0,22.648611225385093,64
7,63.0,45.68889504218484,88
8,20.0,23.325160570996854,95
9,9.0,9.78632926344113,98
