,real_%top,predicted_%top,index
0,92.0,84.0590909090909,1
1,99.95,95.24821428571427,7
2,86.5,84.0590909090909,21
3,10.0,22.50000000000003,31
4,97.0,84.0590909090909,43
5,99.5,95.24821428571427,45
6,82.0,84.0590909090909,51
7,68.5,84.0590909090909,59
8,78.0,84.0590909090909,76
9,45.5,22.50000000000003,88
10,5.0,15.12500000000001,101
