,real_%top,predicted_%top,index
0,99.95,96.8080498763551,5
1,98.45,96.8080498763551,6
2,99.0,98.5875528999437,15
3,99.3,97.85340567466679,17
4,99.5,83.99260676967549,35
5,36.5,34.476462912597654,43
6,97.0,91.12846547556416,44
7,99.0,87.3995468372201,82
8,98.5,92.98448107261832,83
9,48.5,42.27008400333213,94
10,6.5,19.822599846994503,103
