,real_%top,predicted_%top,index
0,7.0,23.377941608636455,11
1,99.75,93.18985650197756,13
2,99.9,96.99066580652106,18
3,98.5,87.24504566356845,26
4,94.0,76.8518932908595,36
5,99.5,87.81850403926137,41
6,99.5,94.05160851321881,46
7,96.5,90.8777488657176,54
8,62.5,66.86762003152074,56
9,21.5,22.154495540815393,96
10,22.0,22.154495540815393,100
