,real_%top,predicted_%top,index
0,91.85,68.55905923122931,2
1,99.75,97.86357724534237,12
2,51.5,96.33286281984911,22
3,64.0,76.67821389033654,32
4,96.5,96.27466253124881,52
5,97.0,92.80514677512036,66
6,99.0,86.98162976609733,75
7,97.0,96.42953205172022,77
8,39.5,66.40621200760025,92
9,30.0,19.80255349623287,96
10,11.0,20.030122940677312,100
