,real_%top,predicted_%top,index
0,82.0,92.46878941229168,38
1,98.5,94.48231200308291,46
2,8.0,24.065203610256194,63
3,85.0,80.63107165045407,64
4,81.5,77.60913079518583,70
5,78.0,72.38880773913864,72
6,98.5,93.50809880526863,84
7,98.0,93.71332970751155,86
8,20.0,23.810854450735157,94
9,9.0,23.78720340906849,97
