,real_%top,predicted_%top,index
0,91.85,84.17023736070774,3
1,98.5,99.15661743984128,16
2,88.0,81.13983752822573,62
3,95.5,86.72083231702435,70
4,79.0,83.58806374080937,72
5,99.5,98.4828589297079,80
6,98.5,92.7863791943258,84
7,98.0,96.34667902893962,87
8,44.5,66.79325439953811,91
9,30.0,16.64574406061486,97
