,real_%top,predicted_%top,index
0,98.45,93.50280777816353,5
1,99.7,96.72205179392452,6
2,70.5,83.58952227645933,20
3,57.0,84.5934016410904,28
4,54.0,82.15381857257997,30
5,23.5,20.91056567202358,33
6,36.5,46.48282879789451,42
7,97.5,84.80395902591259,67
8,95.5,86.14567243821794,69
9,98.5,92.6334214510733,83
