,real_%top,predicted_%top,index
0,98.45,99.80427085733444,5
1,99.7,96.21369462318215,6
2,70.5,94.52466887896549,20
3,57.0,65.6129621512434,28
4,54.0,67.4603061608548,30
5,23.5,15.340239387697189,33
6,36.5,22.662912177569552,42
7,97.5,99.55233087756203,67
8,95.5,100.67758704571345,69
9,98.5,96.85311760052369,83
