,real_%top,predicted_%top,index
0,99.95,94.6453708347591,4
1,99.5,91.61956052037529,40
2,99.5,91.61956052037529,48
3,98.0,94.6453708347591,74
4,96.0,97.48551752960775,78
5,21.0,21.285573504102718,80
6,98.5,78.09577944329907,82
7,63.0,72.09414288593746,87
8,44.5,72.09414288593746,90
9,66.5,91.61956052037529,98
