,real_%top,predicted_%top,index
0,99.95,94.98183356412677,10
1,57.0,82.49353554647968,29
2,10.0,24.750538423994307,32
3,99.5,93.05652450842074,38
4,98.5,93.56937171419693,45
5,62.0,80.58233886538298,55
6,97.0,92.7917968018136,67
7,98.0,93.72536757047992,75
8,45.5,21.35590882973236,89
9,66.5,95.8119006144011,99
