,real_%top,predicted_%top,index
0,93.8,94.06172708578399,8
1,99.3,98.45181629289827,16
2,96.5,89.8975085790843,27
3,99.5,95.79876263451678,47
4,62.0,78.10346033615079,54
5,98.0,89.34053056004451,57
6,98.0,87.35477434939716,62
7,79.0,82.02990153751477,71
8,22.0,21.411986148419004,99
9,6.5,19.483745104740464,102
