,real_%top,predicted_%top,index
0,92.15,86.04476678249587,1
1,91.4,83.88618923592787,4
2,93.8,95.23365494767947,9
3,70.5,80.04135695324803,21
4,21.5,20.159206659286582,30
5,83.5,77.74462186148736,51
6,91.0,82.32580351481957,66
7,74.5,83.69957994937546,69
8,99.0,89.65372796144942,76
9,40.0,6.642791109812208,90
