,real_%top,predicted_%top,index
0,99.95,105.57818842009749,4
1,99.5,95.0421341494892,40
2,99.5,91.52655346980934,48
3,98.0,102.75226289100522,74
4,96.0,94.51951473504218,78
5,21.0,35.026301068903386,80
6,98.5,94.4969766359335,82
7,63.0,63.99568525314562,87
8,44.5,63.90335687165908,90
9,66.5,83.4920976640434,98
