,real_%top,predicted_%top,index
0,99.95,93.83159477799069,10
1,57.0,58.2002760862749,29
2,10.0,22.73866664001461,32
3,99.5,98.16814845269344,38
4,98.5,96.05725981682852,45
5,62.0,59.518744815966706,55
6,97.0,74.56041348207076,67
7,98.0,94.84434730065487,75
8,45.5,23.307234916492707,89
9,66.5,74.38365551672366,99
