,real_%top,predicted_%top,index
0,93.8,99.86402925190492,8
1,99.3,100.16797935482907,16
2,96.5,97.40196234307997,27
3,99.5,98.592761982595,47
4,62.0,57.06325931459192,54
5,98.0,91.87908609981227,57
6,98.0,87.9724865589543,62
7,79.0,80.25551180011283,71
8,22.0,16.53245396252685,99
9,6.5,6.283579150013412,102
