,real_%top,predicted_%top,index
0,82.0,95.52647497399246,38
1,98.5,97.02807484426137,46
2,8.0,22.772084465327143,63
3,85.0,78.18453266460774,64
4,81.5,74.42804132876597,70
5,78.0,71.04878376565154,72
6,98.5,91.7060789219758,84
7,98.0,91.72335280853042,86
8,20.0,22.772084465327143,94
9,9.0,22.772084465327143,97
