,real_%top,predicted_%top,index
0,93.8,95.85817777368221,8
1,99.3,96.93215326797467,16
2,96.5,85.79613079884467,27
3,99.5,92.73475292883796,47
4,62.0,74.38256097318273,54
5,98.0,89.2228416677869,57
6,98.0,83.27472989379841,62
7,79.0,84.94575865341245,71
8,22.0,7.527153526090842,99
9,6.5,15.498187916335397,102
