,real_%top,predicted_%top,index
0,99.95,104.52581749191201,10
1,57.0,61.721796135516286,29
2,10.0,17.754231596643436,32
3,99.5,92.75125991857239,38
4,98.5,93.89601665314355,45
5,62.0,59.94632421021674,55
6,97.0,95.36726295290664,67
7,98.0,96.27924359031216,75
8,45.5,20.81449315014325,89
9,66.5,61.2734740830333,99
