,real_%top,predicted_%top,index
0,93.8,84.1424379568603,8
1,99.3,99.00000004256357,16
2,96.5,98.20242348171027,27
3,99.5,99.87780796451554,47
4,62.0,56.49273622673227,54
5,98.0,90.49206562356801,57
6,98.0,95.24419829341979,62
7,79.0,79.16329006769772,71
8,22.0,19.11418075381645,99
9,6.5,5.181467249696001,102
