,real_%top,predicted_%top,index
0,82.0,91.58949534144988,38
1,98.5,95.21806995042667,46
2,8.0,23.202584297046343,63
3,85.0,81.30262281958422,64
4,81.5,78.59584789595355,70
5,78.0,72.41557595234588,72
6,98.5,96.24986569797282,84
7,98.0,96.24986569797282,86
8,20.0,23.202584297046343,94
9,9.0,23.202584297046343,97
