,real_%top,predicted_%top,index
0,99.0,80.67144946769791,27
1,96.5,91.3598212151828,28
2,99.5,95.60276950981961,48
3,99.0,95.1802692045693,50
4,98.0,89.94071078031214,63
5,81.0,72.326222956908,74
6,78.0,95.09947439798381,77
7,45.0,75.40988923733639,92
8,11.0,22.674102243600384,101
9,5.0,22.265348041919705,102
