,real_%top,predicted_%top,index
0,92.15,87.69160971549371,1
1,91.4,83.58750826323501,4
2,93.8,96.62672384547609,9
3,70.5,75.68709479447188,21
4,21.5,20.90111651600978,30
5,83.5,76.3443428550762,51
6,91.0,85.26729135414017,66
7,74.5,86.7501514634744,69
8,99.0,87.63191565351973,76
9,40.0,8.574810941474595,90
