,real_%top,predicted_%top,index
0,99.95,105.77859157857137,4
1,99.5,92.74470159110055,40
2,99.5,90.60360087979346,48
3,98.0,102.44844978227951,74
4,96.0,94.27526910461458,78
5,21.0,29.056352180182728,80
6,98.5,95.13343278105613,82
7,63.0,75.33212476617575,87
8,44.5,75.27589383840404,90
9,66.5,84.66052234358496,98
