,real_%top,predicted_%top,index
0,99.95,91.40103722849004,9
1,98.5,97.61581182048302,15
2,99.5,91.78381821266971,34
3,89.5,88.65118023536925,36
4,15.0,21.145842302713632,41
5,83.5,81.45765876068376,50
6,96.5,90.97003590922972,53
7,62.5,67.21325085559862,55
8,95.5,82.31241925941706,58
9,40.0,22.464090651586975,89
