,real_%top,predicted_%top,index
0,98.0,98.0588192721903,14
1,86.5,94.1658016354561,22
2,23.0,22.48752922881212,24
3,98.5,96.58918386120678,47
4,96.5,94.63221190088508,53
5,98.0,91.41107577003318,58
6,97.5,92.47667176545934,68
7,97.0,94.16926444054312,78
8,21.0,22.145049208832106,81
9,95.5,95.21779945622193,86
