,real_%top,predicted_%top,index
0,99.95,93.74193,4
1,99.5,93.7632,40
2,99.5,93.770004,48
3,98.0,93.598946,74
4,96.0,93.619995,78
5,21.0,93.2295,80
6,98.5,93.6125,82
7,63.0,42.402325,87
8,44.5,42.343456,90
9,66.5,93.71214,98
