,real_%top,predicted_%top,index
0,99.95,93.74193,4
1,99.5,93.76319,40
2,99.5,93.770004,48
3,98.0,93.598946,74
4,96.0,93.619995,78
5,21.0,93.2295,80
6,98.5,93.612495,82
7,63.0,42.40233,87
8,44.5,42.343464,90
9,66.5,93.712135,98
