,real_%top,predicted_%top,index
0,92.15,85.022415,0
1,91.4,85.02935,3
2,93.8,85.180595,8
3,70.5,85.15196,20
4,21.5,32.293274,29
5,83.5,85.20787,50
6,91.0,85.35625,65
7,74.5,84.858505,68
8,99.0,85.155045,75
9,40.0,32.183903,89
