,real_%top,predicted_%top,index
0,99.95,79.514244,4
1,99.5,79.29795,40
2,99.5,79.252945,48
3,98.0,95.80079,74
4,96.0,95.80009,78
5,21.0,95.7497,80
6,98.5,95.78801,82
7,63.0,79.678696,87
8,44.5,79.80114,90
9,66.5,79.28159,98
