,real_%top,predicted_%top,index
0,92.0,84.92596635030927,1
1,99.95,101.68892542577106,7
2,86.5,83.4160766496802,21
3,10.0,11.867662817744844,31
4,97.0,87.00224053509913,43
5,99.5,97.0145584697453,45
6,82.0,92.73979350510668,51
7,68.5,86.72695660783685,59
8,78.0,96.25585438879028,76
9,45.5,-8.953754141518289,88
10,5.0,21.657055436206846,101
