,real_%top,predicted_%top,index
0,99.95,107.03662426180523,5
1,98.45,92.23137710317161,6
2,99.0,98.84847034721601,15
3,99.3,98.77516611241657,17
4,99.5,97.8958964904089,35
5,36.5,57.76571111698125,43
6,97.0,82.91603439148554,44
7,99.0,88.90335602259452,82
8,98.5,96.34932797732684,83
9,48.5,64.63308075316678,94
10,6.5,24.942922659983644,103
