,real_%top,predicted_%top,index
0,99.7,85.59319,6
1,54.0,81.09844,30
2,82.0,85.6402,38
3,15.0,85.31878,41
4,99.5,85.69602,48
5,96.5,85.62659,60
6,85.0,85.53785,64
7,78.0,80.85143,72
8,96.0,85.45475,78
9,39.5,30.974054,92
