,real_%top,predicted_%top,index
0,7.0,15.608605,10
1,99.95,77.25593,11
2,97.5,77.29475,19
3,99.0,77.25636,26
4,94.0,77.29645,35
5,99.5,77.309006,37
6,31.5,15.608799,39
7,59.5,77.292175,56
8,96.5,77.30877,60
9,95.5,97.49966,85
