,real_%top,predicted_%top,index
0,99.95,97.621695318362,9
1,98.5,98.75268304802569,15
2,99.5,95.90094754451562,34
3,89.5,68.96813823256421,36
4,15.0,22.0320937104691,41
5,83.5,76.7640554876539,50
6,96.5,95.81406990844555,53
7,62.5,63.12381237786335,55
8,95.5,88.55621650571649,58
9,40.0,24.314380944068834,89
