,real_%top,predicted_%top,index
0,98.0,99.06716911820979,14
1,86.5,90.84506681476209,22
2,23.0,24.33350267341018,24
3,98.5,95.3583737915271,47
4,96.5,96.23677759883094,53
5,98.0,89.26981349598114,58
6,97.5,89.48314386757035,68
7,97.0,94.11266199898957,78
8,21.0,19.63851074866826,81
9,95.5,97.68444861534664,86
