,real_%top,predicted_%top,index
0,99.95,98.23468988095239,10
1,57.0,74.86453095238093,29
2,10.0,21.530244047619043,32
3,99.5,93.231880952381,38
4,98.5,92.96622023809525,45
5,62.0,74.60836904761902,55
6,97.0,89.2253773809524,67
7,98.0,96.0712043650794,75
8,45.5,22.586851190476196,89
9,66.5,70.5393386904762,99
