,real_%top,predicted_%top,index
0,93.8,94.53680178571425,8
1,99.3,98.91583750000001,16
2,96.5,92.60245238095239,27
3,99.5,98.12977857142857,47
4,62.0,72.2262738095238,54
5,98.0,92.83705357142857,57
6,98.0,89.66605654761906,62
7,79.0,81.24319642857142,71
8,22.0,19.455533730158734,99
9,6.5,9.051916666666669,102
