,real_%top,predicted_%top,index
0,92.15,69.67818948343194,0
1,98.0,97.4476502365413,13
2,99.9,97.4476502365413,17
3,71.0,86.4480220855848,18
4,34.5,27.31762618974657,24
5,21.5,21.213092952757624,29
6,98.5,75.4449821023826,44
7,74.5,91.69659054748257,68
8,81.0,75.4449821023826,73
9,45.0,69.67818948343194,91
