,real_%top,predicted_%top,index
0,71.0,89.9801700492183,19
1,97.5,94.7398785944475,20
2,51.5,94.77897604457145,23
3,64.0,81.27966165627431,33
4,95.5,94.7398785944475,59
5,68.5,89.9801700492183,60
6,8.0,22.21465712633913,64
7,63.0,70.00282255823839,88
8,20.0,22.226725890907893,95
9,9.0,22.21465712633913,98
