,real_%top,predicted_%top,index
0,98.0,98.07953960489279,14
1,86.5,83.70622673323561,22
2,23.0,10.033129339771904,24
3,98.5,92.92694756977973,47
4,96.5,90.47498814706837,53
5,98.0,89.03854052612128,58
6,97.5,83.51863659322909,68
7,97.0,99.47389316501777,78
8,21.0,22.214342076527075,81
9,95.5,94.25480633879386,86
