,real_%top,predicted_%top,index
0,99.95,101.13696818355962,9
1,98.5,99.87218633744463,15
2,99.5,97.62954803523098,34
3,89.5,86.59956824645678,36
4,15.0,35.497763548803924,41
5,83.5,78.96092508708051,50
6,96.5,90.26769957284397,53
7,62.5,68.50051190997605,55
8,95.5,79.27045281063347,58
9,40.0,6.650345609800667,89
