,real_%top,predicted_%top,index
0,99.7,87.44999999999997,7
1,54.0,87.44999999999997,31
2,82.0,87.44999999999997,39
3,15.0,18.96428571428561,42
4,99.5,87.44999999999997,49
5,96.5,87.44999999999997,61
6,85.0,87.44999999999997,65
7,78.0,87.44999999999997,73
8,96.0,87.44999999999997,79
9,39.5,87.45000000000005,93
