,real_%top,predicted_%top,index
0,7.0,41.61367320686625,10
1,99.95,101.29369318048211,11
2,97.5,84.37032677519113,19
3,99.0,88.94061286786004,26
4,94.0,84.37032677519113,35
5,99.5,88.33147716049939,37
6,31.5,29.26059289424427,39
7,59.5,74.17422313940273,56
8,96.5,86.05767429532749,60
9,95.5,94.21825126898528,85
