,real_%top,predicted_%top,index
0,82.0,93.96591077595707,38
1,98.5,94.06752815871477,46
2,8.0,22.692483167685783,63
3,85.0,79.70357331319865,64
4,81.5,75.90493746834372,70
5,78.0,71.65200044225926,72
6,98.5,90.86211198956879,84
7,98.0,91.75077683552216,86
8,20.0,22.56055928677706,94
9,9.0,22.557382428912703,97
