,real_%top,predicted_%top,index
0,91.85,83.20769,2
1,99.75,91.41449,12
2,51.5,91.48657,22
3,64.0,91.48681,32
4,96.5,97.505806,52
5,97.0,91.4852,66
6,99.0,97.924416,75
7,97.0,97.93074,77
8,39.5,91.4197,92
9,30.0,16.8488,96
10,11.0,79.94566,100
