,real_%top,predicted_%top,index
0,91.85,80.710976,2
1,99.75,83.668205,12
2,51.5,83.7876,22
3,64.0,83.7227,32
4,96.5,83.764015,52
5,97.0,83.73034,66
6,99.0,83.57761,75
7,97.0,83.63311,77
8,39.5,39.045464,92
9,30.0,28.26056,96
10,11.0,28.18248,100
