,real_%top,predicted_%top,index
0,91.85,80.71097,2
1,99.75,83.66819,12
2,51.5,83.787575,22
3,64.0,83.722694,32
4,96.5,83.76401,52
5,97.0,83.73033,66
6,99.0,83.5776,75
7,97.0,83.63309,77
8,39.5,39.04545,92
9,30.0,28.260553,96
10,11.0,28.182476,100
