,real_%top,predicted_%top,index
0,7.0,83.71085,10
1,99.75,84.268295,12
2,99.9,84.232765,17
3,98.5,84.21166,25
4,94.0,84.16532,35
5,99.5,84.22766,40
6,99.5,84.22912,45
7,96.5,84.257095,53
8,62.5,73.77447,55
9,21.5,6.1367674,95
10,22.0,26.631037,99
