,real_%top,predicted_%top,index
0,98.45,101.6085946444027,5
1,99.7,62.73304448042047,6
2,70.5,96.69132386506762,20
3,57.0,70.18161586798715,28
4,54.0,69.43513446737131,30
5,23.5,18.066281728525972,33
6,36.5,19.555533125300574,42
7,97.5,97.63012313043585,67
8,95.5,97.96527578143633,69
9,98.5,98.58523186787592,83
