,real_%top,predicted_%top,index
0,91.85,71.28726425508377,3
1,98.5,98.55668239939395,16
2,88.0,70.2484702442971,62
3,95.5,97.8959577505719,70
4,79.0,81.07220561710501,72
5,99.5,96.96385117451668,80
6,98.5,98.5437599187994,84
7,98.0,95.57476404884846,87
8,44.5,61.94166858767001,91
9,30.0,8.490965401664353,97
