,real_%top,predicted_%top,index
0,91.4,86.27346541257954,3
1,99.0,98.20806264345819,14
2,23.0,15.80725096227522,23
3,98.5,85.34249989549402,25
4,99.0,90.88707967294614,49
5,88.0,82.15038304738182,61
6,91.0,83.76349807594244,65
7,99.5,96.65125182244509,79
8,99.0,90.49144660909931,81
9,48.5,61.98954683535412,93
10,21.5,-0.28697905728392925,95
