,real_%top,predicted_%top,index
0,92.0,89.43857344942631,2
1,99.95,97.57918947239305,8
2,99.95,93.55920406895123,12
3,34.5,41.11880888766702,25
4,23.5,6.801166083141041,34
5,89.5,87.23106747534592,37
6,31.5,12.168549174553107,40
7,82.0,87.72553925743529,52
8,59.5,79.86290426541053,57
9,81.5,85.34323556284943,71
10,98.5,93.52494402465007,85
