,real_%top,predicted_%top,index
0,93.8,97.45573498287581,8
1,99.3,98.30903366951482,16
2,96.5,76.21215948855831,27
3,99.5,89.7868957564785,47
4,62.0,73.64992536342675,54
5,98.0,90.98231731336077,57
6,98.0,83.46487250498424,62
7,79.0,83.38381069933457,71
8,22.0,10.886847060587456,99
9,6.5,17.600581208840765,102
