,real_%top,predicted_%top,index
0,93.8,97.40625,8
1,99.3,98.28125,16
2,96.5,76.1875,27
3,99.5,89.78125,47
4,62.0,73.625,54
5,98.0,90.9375,57
6,98.0,83.4375,62
7,79.0,83.34375,71
8,22.0,10.84375,99
9,6.5,17.59375,102
