,real_%top,predicted_%top,index
0,99.95,104.57130595296279,4
1,99.5,100.86309292833705,40
2,99.5,103.82366731323944,48
3,98.0,99.58886123189264,74
4,96.0,82.91905636483668,78
5,21.0,18.63374002290544,80
6,98.5,100.03929955334672,82
7,63.0,47.504949160026264,87
8,44.5,45.51368101855155,90
9,66.5,52.448218945634025,98
