,real_%top,predicted_%top,index
0,91.4,83.68894749351816,3
1,99.0,97.52837921249763,14
2,23.0,10.212098826309358,23
3,98.5,84.11366323194308,25
4,99.0,93.12091498041829,49
5,88.0,84.24007450875311,61
6,91.0,86.02227333565165,65
7,99.5,97.51517238323666,79
8,99.0,89.96083314688047,81
9,48.5,54.393652242312434,93
10,21.5,1.4928209749503338,95
