,real_%top,predicted_%top,index
0,92.0,84.45077401488842,2
1,99.95,99.37090778514649,8
2,99.95,89.37835028199653,12
3,34.5,59.4020004935966,25
4,23.5,14.70549950479844,34
5,89.5,87.90724721687387,37
6,31.5,24.596497449963422,40
7,82.0,91.90419134321506,52
8,59.5,74.42137702189366,57
9,81.5,82.23260343428169,71
10,98.5,94.13490199912941,85
