,real_%top,predicted_%top,index
0,92.0,89.97436861895874,1
1,99.95,78.2172646445904,7
2,86.5,93.59824607282468,21
3,10.0,19.353362285922685,31
4,97.0,86.81216368628802,43
5,99.5,99.14541871155365,45
6,82.0,93.9484905986749,51
7,68.5,86.00701465025743,59
8,78.0,95.57108694745618,76
9,45.5,13.04087496250175,88
10,5.0,8.333339660256549,101
