,real_%top,predicted_%top,index
0,99.95,105.969992113012,5
1,98.45,100.25706010320744,6
2,99.0,98.59424814837713,15
3,99.3,100.33061894762713,17
4,99.5,100.916019652705,35
5,36.5,27.16050736489136,43
6,97.0,89.98949867115513,44
7,99.0,89.32396334787724,82
8,98.5,90.82520981428662,83
9,48.5,44.28902049014276,94
10,6.5,5.1252709546447806,103
