,real_%top,predicted_%top,index
0,91.85,88.08811253893514,2
1,99.75,103.7446730126752,12
2,51.5,84.0531789609709,22
3,64.0,56.167875408455075,32
4,96.5,98.425007834283,52
5,97.0,75.01223670546558,66
6,99.0,96.90231030152852,75
7,97.0,98.83821516643181,77
8,39.5,47.33280609166858,92
9,30.0,31.895032539430265,96
10,11.0,30.739891011783975,100
