,real_%top,predicted_%top,index
0,99.95,103.13308571234936,9
1,98.5,98.25818741822125,15
2,99.5,94.03457404653318,34
3,89.5,80.24031003938912,36
4,15.0,9.229638485723639,41
5,83.5,70.74490453423955,50
6,96.5,95.21117832394036,53
7,62.5,53.430491762013375,55
8,95.5,87.88007276134927,58
9,40.0,45.9008956346779,89
