,real_%top,predicted_%top,index
0,98.0,100.63777117411428,14
1,86.5,78.32034126405925,22
2,23.0,15.910728876073746,24
3,98.5,99.55718735923485,47
4,96.5,102.24198562931454,53
5,98.0,85.3028387144862,58
6,97.5,95.09555172195465,68
7,97.0,102.15023133835118,78
8,21.0,18.726866617372597,81
9,95.5,98.4097972500433,86
