,real_%top,predicted_%top,index
0,71.0,81.71969462930862,19
1,97.5,94.08249879451692,20
2,51.5,95.10169198563094,23
3,64.0,78.56764308930451,33
4,95.5,85.74843544679224,59
5,68.5,91.04916122758821,60
6,8.0,21.598101534086823,64
7,63.0,69.45978035142959,88
8,20.0,20.846551604849395,95
9,9.0,19.11804069215098,98
