,real_%top,predicted_%top,index
0,92.15,73.90654528025078,0
1,98.0,97.57688659575717,13
2,99.9,98.66530223844778,17
3,71.0,83.36975448452694,18
4,34.5,20.6547583091036,24
5,21.5,21.40714511561279,29
6,98.5,92.7571737001668,44
7,74.5,95.62497885970235,68
8,81.0,81.35660800571978,73
9,45.0,67.72872638888884,91
