,real_%top,predicted_%top,index
0,71.0,57.065462829354864,19
1,97.5,85.00542113398272,20
2,51.5,93.66680227983326,23
3,64.0,69.80929545929399,33
4,95.5,97.97163557214445,59
5,68.5,60.55952164776499,60
6,8.0,22.56115731836285,64
7,63.0,71.50572852903204,88
8,20.0,20.38819548635945,95
9,9.0,29.964566861968382,98
