,real_%top,predicted_%top,index
0,99.95,107.54414612939269,4
1,99.5,92.0812046451766,40
2,99.5,87.93371046279272,48
3,98.0,105.26162906394251,74
4,96.0,95.81268969031453,78
5,21.0,33.70367096241876,80
6,98.5,97.30147317300344,82
7,63.0,69.0759646574388,87
8,44.5,68.96704056780044,90
9,66.5,81.04053009838528,98
