,real_%top,predicted_%top,index
0,92.15,70.72187472012425,1
1,91.4,77.27358141224745,4
2,93.8,91.39204626912473,9
3,70.5,85.92015620245763,21
4,21.5,21.3160859361227,30
5,83.5,76.10360980052583,51
6,91.0,91.49752502610053,66
7,74.5,97.40832089906567,69
8,99.0,81.89575189789787,76
9,40.0,24.400218463317728,90
