,real_%top,predicted_%top,index
0,99.95,97.81714749415747,4
1,99.5,90.49846901611465,40
2,99.5,94.2017927370016,48
3,98.0,97.33275003508055,74
4,96.0,97.17808525957825,78
5,21.0,21.717341538599868,80
6,98.5,96.66126599828402,82
7,63.0,70.62298795766927,87
8,44.5,70.44534906878037,90
9,66.5,95.87277276010883,98
