,real_%top,predicted_%top,index
0,99.0,82.51466991496382,27
1,96.5,78.15748451691834,28
2,99.5,87.88735111090305,48
3,99.0,87.88735111090305,50
4,98.0,87.88735111090305,63
5,81.0,78.15748451691834,74
6,78.0,84.63949827520896,77
7,45.0,71.47917262147342,92
8,11.0,22.90417174136363,101
9,5.0,22.796228129828105,102
