,real_%top,predicted_%top,index
0,82.0,91.3710334012603,38
1,98.5,91.3710334012603,46
2,8.0,22.162550060304795,63
3,85.0,82.83081074201226,64
4,81.5,68.15180574192794,70
5,78.0,68.15180574192794,72
6,98.5,97.14046321346413,84
7,98.0,97.14046321346413,86
8,20.0,22.14001498093971,94
9,9.0,22.162550060304795,97
