,real_%top,predicted_%top,index
0,92.15,86.29002995499285,0
1,98.0,96.67242798441609,13
2,99.9,99.11249426084596,17
3,71.0,70.86221004167683,18
4,34.5,41.46464421229107,24
5,21.5,15.56483241711922,29
6,98.5,90.04652103989488,44
7,74.5,88.54776787555666,68
8,81.0,81.5082966794352,73
9,45.0,69.30644258170565,91
