,real_%top,predicted_%top,index
0,71.0,75.8407501864033,19
1,97.5,94.23636117055803,20
2,51.5,88.5533868117111,23
3,64.0,83.98603047304407,33
4,95.5,82.36787446990004,59
5,68.5,89.26737261154993,60
6,8.0,25.02510873770389,64
7,63.0,64.75154064345598,88
8,20.0,5.366483715808457,95
9,9.0,18.079120341116266,98
