,real_%top,predicted_%top,index
0,93.8,95.51065025577104,8
1,99.3,97.32742021392487,16
2,96.5,82.6356389384269,27
3,99.5,91.65336639256977,47
4,62.0,74.05574923886986,54
5,98.0,91.53002285278012,57
6,98.0,83.95104080353441,62
7,79.0,83.68675360116069,71
8,22.0,10.164022960326562,99
9,6.5,17.367481703331137,102
