Epoch,Train_RMSE_%,Val_RMSE_%,Test_RMSE_%
5,36.53672900831843,27.538644790649414,29.49542236328125
10,31.221193336578736,26.97412872314453,27.67639923095703
15,30.983540684343822,30.144052505493164,28.389781951904297
20,32.395656861454604,28.26219367980957,29.15357780456543
25,29.06009396013007,27.344335556030273,25.45423698425293
30,28.45680103531803,27.9149227142334,22.27168846130371
35,40.402803406657945,34.400238037109375,38.386878967285156
40,40.824533232723375,34.40239715576172,38.40695571899414
45,40.659417887768114,34.402400970458984,38.407005310058594
