,real_%top,predicted_%top,index
0,98.45,82.29211,5
1,99.7,82.285645,6
2,70.5,84.850876,20
3,57.0,82.6133,28
4,54.0,82.622925,30
5,23.5,32.575123,33
6,36.5,32.983635,42
7,97.5,84.83321,67
8,95.5,84.90585,69
9,98.5,84.59323,83
