,real_%top,predicted_%top,index
0,91.85,61.475975,2
1,98.5,87.83413,15
2,88.0,87.82211,61
3,95.5,87.86496,69
4,79.0,87.65216,71
5,99.5,87.649254,79
6,98.5,87.62873,83
7,98.0,87.60202,86
8,44.5,30.316666,90
9,30.0,29.836061,96
