,real_%top,predicted_%top,index
0,98.45,78.338005,5
1,99.7,78.50923,6
2,70.5,78.28264,20
3,57.0,78.30388,28
4,54.0,78.24818,30
5,23.5,77.70134,33
6,36.5,78.328575,42
7,97.5,78.3561,67
8,95.5,78.48039,69
9,98.5,79.51788,83
