,real_%top,predicted_%top,index
0,91.4,90.228355,3
1,99.0,90.4906,14
2,23.0,44.73245,23
3,98.5,89.872795,25
4,99.0,90.55814,49
5,88.0,90.02048,61
6,91.0,89.919754,65
7,99.5,89.82372,79
8,99.0,89.75946,81
9,48.5,48.34696,93
10,21.5,5.156813,95
