,real_%top,predicted_%top,index
0,91.4,79.099236,3
1,99.0,79.31771,14
2,23.0,12.026363,23
3,98.5,79.31981,25
4,99.0,79.30488,49
5,88.0,79.19027,61
6,91.0,78.563,65
7,99.5,93.42312,79
8,99.0,93.12764,81
9,48.5,78.59984,93
10,21.5,3.2091405,95
