,real_%top,predicted_%top,index
0,91.4,90.19297,3
1,99.0,90.45596,14
2,23.0,44.680927,23
3,98.5,89.87746,25
4,99.0,90.52166,49
5,88.0,90.02274,61
6,91.0,89.926125,65
7,99.5,89.83119,79
8,99.0,89.76887,81
9,48.5,48.321808,93
10,21.5,5.1480117,95
