,real_%top,predicted_%top,index
0,92.0,90.174675,1
1,99.95,90.168816,7
2,99.95,90.20196,11
3,34.5,26.98767,24
4,23.5,26.878086,33
5,89.5,90.182976,36
6,31.5,26.805439,39
7,82.0,90.185394,51
8,59.5,90.1738,56
9,81.5,89.85599,70
10,98.5,89.84663,84
