,real_%top,predicted_%top,index
0,98.45,93.0640417453926,5
1,99.7,99.06782820709503,6
2,70.5,79.3210483508306,20
3,57.0,83.39732877648575,28
4,54.0,82.42357629935013,30
5,23.5,17.933870946866733,33
6,36.5,57.555608865331976,42
7,97.5,83.57493909383751,67
8,95.5,84.04786526782442,69
9,98.5,91.84078343901426,83
