,real_%top,predicted_%top,index
0,91.85,82.69129311435456,3
1,98.5,96.30773811190349,16
2,88.0,84.89091020239263,62
3,95.5,87.09950128504872,70
4,79.0,83.1879156366666,72
5,99.5,95.10543060314694,80
6,98.5,91.64232065647774,84
7,98.0,93.806764373146,87
8,44.5,67.0835068389841,91
9,30.0,14.687472864388042,97
