,real_%top,predicted_%top,index
0,92.0,79.01630034707937,1
1,99.95,97.66505912558155,7
2,86.5,94.4213883137696,21
3,10.0,23.729553858443765,31
4,97.0,83.88601512682577,43
5,99.5,93.42087181486816,45
6,82.0,94.35346569472198,51
7,68.5,93.52873395840274,59
8,78.0,97.30675003508057,76
9,45.5,21.907596385361284,88
10,5.0,18.81389576872646,101
