,real_%top,predicted_%top,index
0,99.95,94.87909563365558,5
1,98.45,86.96910326630066,6
2,99.0,98.21779100850132,15
3,99.3,98.21779100850132,17
4,99.5,93.56012756870325,35
5,36.5,25.227159647133913,43
6,97.0,83.52118180854235,44
7,99.0,80.14155255703406,82
8,98.5,92.2207518336647,83
9,48.5,64.71558284632036,94
10,6.5,18.57667594333771,103
