,real_%top,predicted_%top,index
0,93.8,94.26447762244638,8
1,99.3,98.64755802096943,16
2,96.5,89.59074002465972,27
3,99.5,96.00960355970139,47
4,62.0,75.83006838973935,54
5,98.0,88.18455544672473,57
6,98.0,86.8378895572006,62
7,79.0,79.72836154967108,71
8,22.0,19.19015492473213,99
9,6.5,18.820549807627014,102
