,real_%top,predicted_%top,index
0,99.95,96.38872820214274,10
1,57.0,81.3908769660895,29
2,10.0,23.7479792206976,32
3,99.5,91.69360837666807,38
4,98.5,93.29345853758176,45
5,62.0,79.96387698828953,55
6,97.0,91.23488632952018,67
7,98.0,93.08417373823502,75
8,45.5,21.86539368123707,89
9,66.5,92.07182058085968,99
