,real_%top,predicted_%top,index
0,91.4,81.62774310735688,3
1,99.0,99.38275068877518,14
2,23.0,18.018406687851495,23
3,98.5,51.579256830054874,25
4,99.0,90.45743246198133,49
5,88.0,97.92489034415861,61
6,91.0,97.93959877429359,65
7,99.5,96.04646939282902,79
8,99.0,95.38864638619494,81
9,48.5,42.67193389134195,93
10,21.5,21.25095196791565,95
