,real_%top,predicted_%top,index
0,92.0,84.58749443712709,2
1,99.95,103.67945471887073,8
2,99.95,98.35127560326848,12
3,34.5,22.57706611559855,25
4,23.5,20.628198671902837,34
5,89.5,78.96250911186713,37
6,31.5,15.002799266553309,40
7,82.0,91.90708551273754,52
8,59.5,66.31458950609955,57
9,81.5,91.23521806936401,71
10,98.5,95.33632042798646,85
