,real_%top,predicted_%top,index
0,99.95,101.99759747742407,9
1,98.5,98.3593992806977,15
2,99.5,101.39999883764905,34
3,89.5,79.93681227458096,36
4,15.0,10.959449482990328,41
5,83.5,69.3224608610834,50
6,96.5,95.51502655281081,53
7,62.5,51.624716774883495,55
8,95.5,79.58815716898411,58
9,40.0,48.24517108624545,89
