,real_%top,predicted_%top,index
0,98.0,98.66720407463562,14
1,86.5,83.5690864820737,22
2,23.0,1.7730188009634937,24
3,98.5,98.77858754070404,47
4,96.5,99.82104309737298,53
5,98.0,90.52337156987348,58
6,97.5,93.67164207767308,68
7,97.0,98.1598696560474,78
8,21.0,8.823874981069535,81
9,95.5,98.12913180109975,86
