,real_%top,predicted_%top,index
0,92.0,90.59126773226033,1
1,99.95,100.13903856995437,7
2,86.5,95.47185734826205,21
3,10.0,23.595174922098956,31
4,97.0,98.64540009346777,43
5,99.5,96.4858897908797,45
6,82.0,98.02435325711619,51
7,68.5,90.97627759410908,59
8,78.0,97.47296538807439,76
9,45.5,22.854729513474528,88
10,5.0,11.252039530100243,101
