,real_%top,predicted_%top,index
0,99.95,105.19396541539598,4
1,99.5,93.60427309167386,40
2,99.5,90.55035431716206,48
3,98.0,100.98028092919493,74
4,96.0,93.8521984871316,78
5,21.0,27.83403238049445,80
6,98.5,94.84199214155949,82
7,63.0,66.30515319285507,87
8,44.5,66.22494926544366,90
9,66.5,84.84725427560832,98
