,real_%top,predicted_%top,index
0,92.15,87.08352094877738,1
1,91.4,83.3502624360583,4
2,93.8,95.23779068239163,9
3,70.5,79.68767316806527,21
4,21.5,18.50424736150491,30
5,83.5,79.83352444480043,51
6,91.0,84.29035195444246,66
7,74.5,85.02501259078277,69
8,99.0,86.95378450503256,76
9,40.0,9.299415004290978,90
