,real_%top,predicted_%top,index
0,91.85,87.58153846153847,3
1,98.5,87.58153846153847,16
2,88.0,87.58153846153847,62
3,95.5,87.58153846153847,70
4,79.0,87.58153846153847,72
5,99.5,87.58153846153847,80
6,98.5,87.58153846153847,84
7,98.0,87.58153846153847,87
8,44.5,87.58153846153854,91
9,30.0,16.366666666666646,97
