,real_%top,predicted_%top,index
0,98.45,94.53572611876258,5
1,99.7,90.71759411922716,6
2,70.5,86.67152245248313,20
3,57.0,82.8533904529477,28
4,54.0,79.15827446679715,30
5,23.5,15.0609887364227,33
6,36.5,51.88181976885539,42
7,97.5,83.8317834234151,67
8,95.5,83.8317834234151,69
9,98.5,95.3281430437137,83
