,real_%top,predicted_%top,index
0,91.85,72.23510291353597,2
1,99.75,96.35109632018307,12
2,51.5,93.92850226517768,22
3,64.0,76.3230061196844,32
4,96.5,93.92850226517768,52
5,97.0,93.02555364700663,66
6,99.0,82.29295906601568,75
7,97.0,92.86236855938184,77
8,39.5,70.63974074699809,92
9,30.0,19.1666706398177,96
10,11.0,19.867314197240667,100
