,real_%top,predicted_%top,index
0,91.85,64.8457118090243,2
1,99.75,93.95876954642581,12
2,51.5,90.80219268509266,22
3,64.0,75.97556730283605,32
4,96.5,97.40719998530882,52
5,97.0,91.32928503441006,66
6,99.0,91.28138697413695,75
7,97.0,89.9566787052408,77
8,39.5,62.71320000824337,92
9,30.0,19.229580606076926,96
10,11.0,24.699917493862344,100
