,real_%top,predicted_%top,index
0,7.0,19.317450741660306,11
1,99.75,94.06005767667786,13
2,99.9,98.89828364527631,18
3,98.5,98.24465941052415,26
4,94.0,83.4630191801662,36
5,99.5,98.05681108972728,41
6,99.5,98.1041422224834,46
7,96.5,95.77172574786327,54
8,62.5,62.32379013976219,56
9,21.5,21.739951185660743,96
10,22.0,21.739951185660743,100
