,real_%top,predicted_%top,index
0,7.0,39.06509279210756,11
1,99.75,100.04091186086441,13
2,99.9,99.21745812796456,18
3,98.5,80.36182866022513,26
4,94.0,85.12107889541994,36
5,99.5,90.94161286767132,41
6,99.5,90.97846732506082,46
7,96.5,92.22776609350929,54
8,62.5,77.37737111488923,56
9,21.5,7.362654730349249,96
10,22.0,8.447173096548084,100
