,real_%top,predicted_%top,index
0,92.15,86.3825757575758,1
1,91.4,86.3825757575758,4
2,93.8,86.3825757575758,9
3,70.5,86.3825757575758,21
4,21.5,17.69999999999979,30
5,83.5,86.3825757575758,51
6,91.0,86.3825757575758,66
7,74.5,86.3825757575758,69
8,99.0,86.3825757575758,76
9,40.0,35.500000000000114,90
