,real_%top,predicted_%top,index
0,93.8,94.71152119430715,8
1,99.3,97.72416661056518,16
2,96.5,90.26556458945775,27
3,99.5,94.44193386971375,47
4,62.0,74.70590682975205,54
5,98.0,88.17913400340706,57
6,98.0,88.25245600233114,62
7,79.0,75.08536758072339,71
8,22.0,21.96443371853975,99
9,6.5,21.962756635206414,102
