,real_%top,predicted_%top,index
0,99.95,87.73181818181821,10
1,57.0,87.73181818181821,29
2,10.0,16.933333333333195,32
3,99.5,87.73181818181821,38
4,98.5,87.73181818181821,45
5,62.0,87.73181818181821,55
6,97.0,87.73181818181821,67
7,98.0,87.73181818181821,75
8,45.5,16.933333333333195,89
9,66.5,87.73181818181821,99
