,real_%top,predicted_%top,index
0,93.8,99.22256773212027,8
1,99.3,99.22256773212027,16
2,96.5,90.98434649123833,27
3,99.5,87.89261101446236,47
4,62.0,77.83956406821166,54
5,98.0,81.9645377164392,57
6,98.0,86.08951136466672,62
7,79.0,88.2012473257478,71
8,22.0,19.138575141995986,99
9,6.5,19.655194227721793,102
