,real_%top,predicted_%top,index
0,99.0,71.60206094066223,27
1,96.5,82.85489337575771,28
2,99.5,99.74645440342397,48
3,99.0,87.95889497087944,50
4,98.0,88.92857712323557,63
5,81.0,76.4430317170175,74
6,78.0,93.76878739591514,77
7,45.0,46.904990878550535,92
8,11.0,27.4266387387245,101
9,5.0,6.904646763389116,102
