,real_%top,predicted_%top,index
0,82.0,80.82322557579225,38
1,98.5,100.05566230854066,46
2,8.0,17.937586102132887,63
3,85.0,98.93427394855584,64
4,81.5,91.43028770040172,70
5,78.0,81.52623666840393,72
6,98.5,99.03053360398808,84
7,98.0,95.78122577638653,86
8,20.0,22.0336097227762,94
9,9.0,4.229271375274361,97
