,real_%top,predicted_%top,index
0,92.15,68.86302198459218,0
1,98.0,96.94452697826343,13
2,99.9,98.260277090651,17
3,71.0,81.72130290104637,18
4,34.5,23.085494676075562,24
5,21.5,22.861747242953133,29
6,98.5,91.28661372157256,44
7,74.5,95.76216492316163,68
8,81.0,84.77008731274314,73
9,45.0,67.42187132520255,91
