,real_%top,predicted_%top,index
0,71.0,86.46678547012198,19
1,97.5,91.99777794577714,20
2,51.5,94.85557592969678,23
3,64.0,84.6089214993705,33
4,95.5,87.19831559332479,59
5,68.5,89.76118906090468,60
6,8.0,24.17799820896338,64
7,63.0,65.89178842268844,88
8,20.0,19.335757310242226,95
9,9.0,18.9362951890301,98
