,real_%top,predicted_%top,index
0,99.95,92.08364767739357,9
1,98.5,97.49982921804505,15
2,99.5,93.34671834345777,34
3,89.5,89.45888364383721,36
4,15.0,22.742284806288495,41
5,83.5,77.9073439246211,50
6,96.5,92.29326634266147,53
7,62.5,66.32319660458005,55
8,95.5,83.34626342388906,58
9,40.0,22.370936289201005,89
