,real_%top,predicted_%top,index
0,98.0,96.39824893963534,14
1,86.5,92.13583534986965,22
2,23.0,17.481027388053132,24
3,98.5,95.99628922584981,47
4,96.5,89.43684987811314,53
5,98.0,90.73585094215424,58
6,97.5,90.94862438550014,68
7,97.0,93.41460936209474,78
8,21.0,17.62749881662456,81
9,95.5,94.93298746560892,86
