,real_%top,predicted_%top,index
0,71.0,82.55853191865319,19
1,97.5,98.00444583255798,20
2,51.5,92.62302168689153,23
3,64.0,74.73300024550608,33
4,95.5,88.64156323317208,59
5,68.5,90.97762694952105,60
6,8.0,19.903672532532827,64
7,63.0,65.91495422347262,88
8,20.0,22.80760321296351,95
9,9.0,18.38542752753782,98
