,real_%top,predicted_%top,index
0,92.15,72.30632960348477,0
1,98.0,98.71090341106259,13
2,99.9,98.72022646301066,17
3,71.0,81.05334406647275,18
4,34.5,23.300323875879016,24
5,21.5,23.782550787984796,29
6,98.5,93.01106553830161,44
7,74.5,93.97724570290816,68
8,81.0,75.40790996617766,73
9,45.0,64.12153695862963,91
