,real_%top,predicted_%top,index
0,92.0,85.84220627579992,2
1,99.95,101.30991592503001,8
2,99.95,89.09497827511805,12
3,34.5,42.13294415242145,25
4,23.5,17.085234392752554,34
5,89.5,94.10855550173903,37
6,31.5,28.28474165962627,40
7,82.0,97.75222830474982,52
8,59.5,72.71619397612454,57
9,81.5,85.56063156820424,71
10,98.5,93.87989775097401,85
