,real_%top,predicted_%top,index
0,91.4,83.96630916546958,3
1,99.0,97.90479590693484,14
2,23.0,21.696762578924933,23
3,98.5,85.23024397246071,25
4,99.0,93.27871099567894,49
5,88.0,82.81507123410366,61
6,91.0,82.84927757846005,65
7,99.5,94.57939462800282,79
8,99.0,84.88249440548917,81
9,48.5,60.182792002837516,93
10,21.5,0.5306971549189967,95
