,real_%top,predicted_%top,index
0,99.95,97.5873288607435,10
1,57.0,77.04810319030642,29
2,10.0,20.521294562322673,32
3,99.5,89.23558259870315,38
4,98.5,89.83462174562703,45
5,62.0,75.928967277608,55
6,97.0,95.48802299006722,67
7,98.0,90.39417705817857,75
8,45.5,20.521294562322673,89
9,66.5,97.3243833676106,99
