,real_%top,predicted_%top,index
0,93.8,94.70631298631568,8
1,99.3,97.4851211477486,16
2,96.5,93.79628641671923,27
3,99.5,94.14111475099901,47
4,62.0,72.88520935568978,54
5,98.0,92.41412680502732,57
6,98.0,91.4494426928925,62
7,79.0,73.3010011847972,71
8,22.0,22.07973439902985,99
9,6.5,22.07973439902985,102
