,real_%top,predicted_%top,index
0,92.0,86.13790706646003,1
1,99.95,100.37707473061735,7
2,86.5,94.32049964161494,21
3,10.0,30.858482655688878,31
4,97.0,91.02972534132921,43
5,99.5,97.80080352847257,45
6,82.0,94.70101464352493,51
7,68.5,84.68003748396494,59
8,78.0,95.26623169104587,76
9,45.5,17.217119849312972,88
10,5.0,6.974062951884363,101
