,real_%top,predicted_%top,index
0,99.95,101.72152716704458,5
1,98.45,89.70773341176684,6
2,99.0,98.08650833292975,15
3,99.3,98.94086879800416,17
4,99.5,105.72480327252237,35
5,36.5,24.086791100307973,43
6,97.0,90.72563285405526,44
7,99.0,93.76716289136641,82
8,98.5,94.24194113239933,83
9,48.5,42.05587085894605,94
10,6.5,6.276371643089647,103
