,real_%top,predicted_%top,index
0,92.0,86.49999999999999,2
1,99.95,86.49999999999999,8
2,99.95,86.49999999999999,12
3,34.5,40.00000000000017,25
4,23.5,17.96666666666674,34
5,89.5,86.49999999999999,37
6,31.5,17.96666666666674,40
7,82.0,86.49999999999999,52
8,59.5,86.49999999999999,57
9,81.5,86.49999999999999,71
10,98.5,86.49999999999999,85
