,real_%top,predicted_%top,index
0,91.85,91.81132976818206,2
1,99.75,103.17988212792517,12
2,51.5,95.6594115449659,22
3,64.0,55.61998825433697,32
4,96.5,94.97807026203924,52
5,97.0,76.46089731038772,66
6,99.0,93.17957769681448,75
7,97.0,98.47868872757499,77
8,39.5,47.31732713277171,92
9,30.0,9.177207629564794,96
10,11.0,9.643302827747458,100
