,real_%top,predicted_%top,index
0,91.85,62.59262160845691,3
1,98.5,98.76823418354309,16
2,88.0,86.88361606065504,62
3,95.5,92.46671398349243,70
4,79.0,74.65362173194455,72
5,99.5,94.59859903667459,80
6,98.5,94.56754807962508,84
7,98.0,94.55916673041875,87
8,44.5,60.72278174970455,91
9,30.0,15.170729544556746,97
