,real_%top,predicted_%top,index
0,98.45,94.39347717685646,5
1,99.7,83.97599140855061,6
2,70.5,95.94307747639354,20
3,57.0,77.07420417416046,28
4,54.0,68.62101540312757,30
5,23.5,25.20082207457576,33
6,36.5,16.140778037322153,42
7,97.5,90.48168138275118,67
8,95.5,90.47187077669058,69
9,98.5,94.17678631809363,83
