,real_%top,predicted_%top,index
0,93.8,77.23101,8
1,99.3,77.223946,16
2,96.5,84.424034,27
3,99.5,79.19387,47
4,62.0,84.348816,54
5,98.0,84.346924,57
6,98.0,84.347,62
7,79.0,76.167206,71
8,22.0,17.436375,99
9,6.5,17.370005,102
