,real_%top,predicted_%top,index
0,99.95,97.28474,9
1,57.0,97.27851,28
2,10.0,32.31574,31
3,99.5,97.283485,37
4,98.5,97.32486,44
5,62.0,97.28334,54
6,97.0,97.289345,66
7,98.0,97.2822,74
8,45.5,34.968254,88
9,66.5,97.27895,98
