,real_%top,predicted_%top,index
0,93.8,73.880615,8
1,99.3,73.86347,16
2,96.5,73.713875,27
3,99.5,73.77975,47
4,62.0,73.81675,54
5,98.0,73.823395,57
6,98.0,73.82998,62
7,79.0,89.29363,71
8,22.0,51.83485,99
9,6.5,15.266654,102
