,real_%top,predicted_%top,index
0,93.8,77.18713,8
1,99.3,77.18013,16
2,96.5,84.51345,27
3,99.5,79.197754,47
4,62.0,84.441444,54
5,98.0,84.43956,57
6,98.0,84.439705,62
7,79.0,76.16265,71
8,22.0,17.374952,99
9,6.5,17.306326,102
