,real_%top,predicted_%top,index
0,92.15,87.62109375,0
1,98.0,95.10546875,13
2,99.9,98.43359375,17
3,71.0,78.21484375,18
4,34.5,44.75390625,24
5,21.5,17.48046875,29
6,98.5,93.40625,44
7,74.5,88.28515625,68
8,81.0,81.81640625,73
9,45.0,72.796875,91
