,real_%top,predicted_%top,index
0,92.15,87.61563108436788,0
1,98.0,95.09949938051689,13
2,99.9,98.42790669457315,17
3,71.0,78.20720033710147,18
4,34.5,44.75108019296584,24
5,21.5,17.472791960779077,29
6,98.5,93.39794781119964,44
7,74.5,88.28161201151708,68
8,81.0,81.81257636922162,73
9,45.0,72.79246151371808,91
