,real_%top,predicted_%top,index
0,82.0,89.0734035246836,38
1,98.5,89.0734035246836,46
2,8.0,23.6208686434193,63
3,85.0,88.41028811780139,64
4,81.5,82.97779650244956,70
5,78.0,79.9688143317336,72
6,98.5,96.42999469073618,84
7,98.0,96.42999469073618,86
8,20.0,8.768660381274174,94
9,9.0,17.736792506798594,97
