,real_%top,predicted_%top,index
0,99.0,86.60615384615387,27
1,96.5,86.60615384615387,28
2,99.5,86.60615384615387,48
3,99.0,86.60615384615387,50
4,98.0,86.60615384615387,63
5,81.0,86.60615384615387,74
6,78.0,86.60615384615387,77
7,45.0,86.60615384615394,92
8,11.0,20.56666666666655,101
9,5.0,20.56666666666655,102
