,real_%top,predicted_%top,index
0,91.4,78.72557955271462,3
1,99.0,96.35391637515448,14
2,23.0,20.19786262718307,23
3,98.5,89.79663971746879,25
4,99.0,95.03775837794927,49
5,88.0,89.70829239803919,61
6,91.0,90.42317645045426,65
7,99.5,92.8269624045988,79
8,99.0,76.7137339671614,81
9,48.5,71.10556108720147,93
10,21.5,19.983501806580065,95
