,real_%top,predicted_%top,index
0,99.95,102.91317904849343,5
1,98.45,92.4846202239308,6
2,99.0,97.1796185696809,15
3,99.3,97.15616499983524,17
4,99.5,100.98439475638325,35
5,36.5,63.945718788041596,43
6,97.0,88.1053440213823,44
7,99.0,86.31269131021055,82
8,98.5,92.61341124502678,83
9,48.5,53.87055144739536,94
10,6.5,21.16569950672431,103
