,real_%top,predicted_%top,index
0,92.0,85.45771518201646,1
1,99.95,103.00981944212347,7
2,86.5,81.88306398964716,21
3,10.0,13.263541868910124,31
4,97.0,85.29376711438313,43
5,99.5,93.54285737923371,45
6,82.0,97.56109045772955,51
7,68.5,86.92277600425467,59
8,78.0,97.42181489375982,76
9,45.5,-11.642817364811805,88
10,5.0,19.108353003719017,101
