,real_%top,predicted_%top,index
0,92.15,62.74107800149196,1
1,91.4,71.03917310222458,4
2,93.8,82.23657896996794,9
3,70.5,94.71741183342797,21
4,21.5,23.712339848081914,30
5,83.5,76.15028496119893,51
6,91.0,91.08140465906644,66
7,74.5,93.72145736175588,69
8,99.0,91.23482055057515,76
9,40.0,22.70622696790653,90
