,real_%top,predicted_%top,index
0,99.95,105.98426598349603,4
1,99.5,97.18190620502483,40
2,99.5,90.31032937318832,48
3,98.0,99.5263985017931,74
4,96.0,91.28061439900222,78
5,21.0,31.427498472288114,80
6,98.5,96.48302181997559,82
7,63.0,67.23339580620559,87
8,44.5,67.05293015203614,90
9,66.5,88.8945977881651,98
