,real_%top,predicted_%top,index
0,92.15,83.61543984112302,1
1,91.4,83.68767826086365,4
2,93.8,92.68082452980619,9
3,70.5,82.62885755545042,21
4,21.5,16.817047442620492,30
5,83.5,79.82474015648238,51
6,91.0,84.06755483626803,66
7,74.5,84.55586939131275,69
8,99.0,87.76965194038921,76
9,40.0,8.541496688660558,90
