,real_%top,predicted_%top,index
0,99.0,71.79188277775252,27
1,96.5,79.47608770910287,28
2,99.5,90.59701061790433,48
3,99.0,88.73477477997719,50
4,98.0,87.05642233192947,63
5,81.0,82.85396347427746,74
6,78.0,98.18512487766077,77
7,45.0,64.70677994172037,92
8,11.0,20.164492002518628,101
9,5.0,21.71604187815835,102
