,real_%top,predicted_%top,index
0,82.0,90.57048291340588,38
1,98.5,90.30179457455844,46
2,8.0,26.262422143069188,63
3,85.0,77.2135342611734,64
4,81.5,81.4081358246491,70
5,78.0,76.70666164589,72
6,98.5,91.54516415334815,84
7,98.0,93.25320565940568,86
8,20.0,2.3041816494431515,94
9,9.0,16.115769207649606,97
