,real_%top,predicted_%top,index
0,91.85,86.16232504402005,3
1,98.5,97.02590939044399,16
2,88.0,84.42260065374887,62
3,95.5,84.35846359125671,70
4,79.0,83.91467224026067,72
5,99.5,95.46689223854705,80
6,98.5,92.90140973886042,84
7,98.0,94.50483630116457,87
8,44.5,69.5417332073226,91
9,30.0,19.285121321186352,97
