,real_%top,predicted_%top,index
0,98.45,92.32297870381207,5
1,99.7,99.31745908734484,6
2,70.5,79.44289011016065,20
3,57.0,84.6277555093254,28
4,54.0,88.11984432866667,30
5,23.5,19.767791486327084,33
6,36.5,58.02465956044425,42
7,97.5,82.73690219871054,67
8,95.5,83.58834868696832,69
9,98.5,90.89339023317811,83
