,real_%top,predicted_%top,index
0,91.85,81.87916666666668,2
1,99.75,81.87916666666668,12
2,51.5,96.34230769230767,22
3,64.0,81.87916666666668,32
4,96.5,96.34230769230767,52
5,97.0,96.34230769230767,66
6,99.0,93.34999999999998,75
7,97.0,96.34230769230767,77
8,39.5,46.75000000000003,92
9,30.0,13.125000000000027,96
10,11.0,18.333333333333353,100
