,real_%top,predicted_%top,index
0,7.0,32.609252888912074,11
1,99.75,94.56777508839643,13
2,99.9,98.78520443687393,18
3,98.5,83.16443215386067,26
4,94.0,98.48246187870977,36
5,99.5,83.16443215386067,41
6,99.5,83.83602541561486,46
7,96.5,99.67611911846312,54
8,62.5,51.9886197174032,56
9,21.5,19.63783696129484,96
10,22.0,21.432329588462462,100
