,real_%top,predicted_%top,index
0,99.7,96.08417222447835,7
1,54.0,56.3120964915339,31
2,82.0,99.1208581039289,39
3,15.0,27.262791459851815,42
4,99.5,99.1208581039289,49
5,96.5,93.04029301835314,61
6,85.0,84.21883396233004,65
7,78.0,81.5814438125218,73
8,96.0,98.23157340431797,79
9,39.5,46.75309256545408,93
