,real_%top,predicted_%top,index
0,7.0,14.687500000000023,10
1,99.95,82.76428571428569,11
2,97.5,94.86249999999998,19
3,99.0,82.76428571428569,26
4,94.0,94.86249999999998,35
5,99.5,94.44642857142856,37
6,31.5,14.687500000000023,39
7,59.5,83.79166666666673,56
8,96.5,94.44642857142856,60
9,95.5,94.44642857142856,85
