,real_%top,predicted_%top,index
0,92.15,92.42714152647206,1
1,91.4,93.39572697406663,4
2,93.8,84.22003698804845,9
3,70.5,96.22487604169731,21
4,21.5,17.42284409559833,30
5,83.5,69.50313302791616,51
6,91.0,89.26538058102435,66
7,74.5,97.00000227069256,69
8,99.0,95.72827604997524,76
9,40.0,47.14049779626455,90
