,real_%top,predicted_%top,index
0,99.95,104.21514700615708,4
1,99.5,100.47984981945903,40
2,99.5,98.13812182872859,48
3,98.0,102.50654846606828,74
4,96.0,87.56417640673718,78
5,21.0,28.679623812277097,80
6,98.5,93.92738505530507,82
7,63.0,42.217762216178805,87
8,44.5,41.0881732088017,90
9,66.5,53.02132282987835,98
