,real_%top,predicted_%top,index
0,99.95,99.17260339344733,10
1,57.0,87.07230649044966,29
2,10.0,5.454465219855564,32
3,99.5,98.43247064099188,38
4,98.5,93.90774608467837,45
5,62.0,78.35112955344846,55
6,97.0,84.82120278249641,67
7,98.0,99.85714628015351,75
8,45.5,-19.374147352705677,89
9,66.5,97.19830974111215,99
