,real_%top,predicted_%top,index
0,93.8,96.22514137997939,8
1,99.3,97.92750298161523,16
2,96.5,78.72674881797225,27
3,99.5,91.5317799351309,47
4,62.0,74.11215857017753,54
5,98.0,89.52537836477683,57
6,98.0,85.55347781435647,62
7,79.0,83.53036189321881,71
8,22.0,7.208827998688051,99
9,6.5,15.459677188163269,102
