,real_%top,predicted_%top,index
0,98.0,101.64060669541504,14
1,86.5,86.77790710134258,22
2,23.0,24.419163470517134,24
3,98.5,91.58701636388017,47
4,96.5,95.99978195956317,53
5,98.0,91.50144682004387,58
6,97.5,86.53219638749006,68
7,97.0,98.05135997877562,78
8,21.0,39.50619656788968,81
9,95.5,96.94361584952367,86
