,real_%top,predicted_%top,index
0,99.95,101.14453594610907,9
1,98.5,100.07777260241751,15
2,99.5,98.64725944469251,34
3,89.5,86.9585986197932,36
4,15.0,35.37557530019564,41
5,83.5,77.94126517620414,50
6,96.5,90.30568360508636,53
7,62.5,68.87943213203923,55
8,95.5,80.12981638859081,58
9,40.0,2.0643313554176075,89
