,real_%top,predicted_%top,index
0,91.85,95.42805914295516,2
1,99.75,98.54070278743276,12
2,51.5,98.1067702137448,22
3,64.0,73.03769227674852,32
4,96.5,99.94362190839213,52
5,97.0,74.50001667478658,66
6,99.0,94.90972999910703,75
7,97.0,97.91719067490686,77
8,39.5,48.79153770842345,92
9,30.0,34.89574698160931,96
10,11.0,31.376777119154173,100
