,real_%top,predicted_%top,index
0,99.95,106.56750249173103,5
1,98.45,89.40870757550762,6
2,99.0,97.32355628530776,15
3,99.3,97.69437135642876,17
4,99.5,105.70443602602238,35
5,36.5,19.246740413779182,43
6,97.0,93.72595990833445,44
7,99.0,93.57182460671936,82
8,98.5,92.4933255662565,83
9,48.5,43.74664561176614,94
10,6.5,6.868638913463225,103
