,real_%top,predicted_%top,index
0,92.0,87.68027092497817,1
1,99.95,88.8536657493021,7
2,86.5,81.3642697078629,21
3,10.0,18.775919274651866,31
4,97.0,95.37095809275722,43
5,99.5,98.87750014687954,45
6,82.0,83.43994745209706,51
7,68.5,89.66896786730405,59
8,78.0,96.94045824246153,76
9,45.5,23.771044681899113,88
10,5.0,8.737115766424955,101
