,real_%top,predicted_%top,index
0,82.0,94.0001844491225,38
1,98.5,96.98862648039275,46
2,8.0,22.87113360051124,63
3,85.0,77.34168736415948,64
4,81.5,73.59712486848522,70
5,78.0,70.80079328393415,72
6,98.5,92.8139996815359,84
7,98.0,92.8139996815359,86
8,20.0,22.87113360051124,94
9,9.0,22.87113360051124,97
