,real_%top,predicted_%top,index
0,99.95,93.09686606126765,5
1,98.45,93.09686606126765,6
2,99.0,97.08167553523782,15
3,99.3,97.08167553523782,17
4,99.5,93.16048764391137,35
5,36.5,27.99428342807318,43
6,97.0,86.01565771914983,44
7,99.0,84.29033834590219,82
8,98.5,76.59618479251097,83
9,48.5,69.68957713726527,94
10,6.5,20.284919061918185,103
