,real_%top,predicted_%top,index
0,91.85,79.8771149201468,2
1,99.75,93.7506215012133,12
2,51.5,95.56586267832667,22
3,64.0,75.11721835792635,32
4,96.5,95.67114872700022,52
5,97.0,93.42000398909518,66
6,99.0,76.83055928937833,75
7,97.0,93.37683369732493,77
8,39.5,72.60758659005967,92
9,30.0,20.564516088002573,96
10,11.0,20.564516088002573,100
