,real_%top,predicted_%top,index
0,7.0,23.063133955555703,11
1,99.75,95.11749149061447,13
2,99.9,96.55581992661328,18
3,98.5,91.07656273336454,26
4,94.0,79.29025497472375,36
5,99.5,90.27196812346943,41
6,99.5,91.68908310481908,46
7,96.5,92.62901470076973,54
8,62.5,75.59436466236994,56
9,21.5,22.424663717460465,96
10,22.0,22.424663717460465,100
