,real_%top,predicted_%top,index
0,99.95,102.19820471407611,9
1,98.5,98.99042248940901,15
2,99.5,109.2982384870732,34
3,89.5,103.65022625324825,36
4,15.0,11.113228580484385,41
5,83.5,71.66647150928338,50
6,96.5,96.70443066847513,53
7,62.5,51.09910567873555,55
8,95.5,93.35755369766294,58
9,40.0,34.94996421092491,89
