,real_%top,predicted_%top,index
0,98.0,98.51905859680865,14
1,86.5,81.85563579375,22
2,23.0,21.132286578573552,24
3,98.5,99.36532473676208,47
4,96.5,100.74955436665358,53
5,98.0,104.24915658194224,58
6,97.5,95.69473348336874,68
7,97.0,93.0023961771033,78
8,21.0,15.170714539845113,81
9,95.5,98.96301197595473,86
