,real_%top,predicted_%top,index
0,99.95,101.97505887189533,4
1,99.5,82.09541818076134,40
2,99.5,98.60124464546281,48
3,98.0,96.64941123981492,74
4,96.0,99.53248123768034,78
5,21.0,22.662751801493474,80
6,98.5,97.83714410931849,82
7,63.0,57.50323923840372,87
8,44.5,55.41740272695575,90
9,66.5,89.51958462052802,98
