,real_%top,predicted_%top,index
0,92.15,92.90911576989173,1
1,91.4,91.93874807092358,4
2,93.8,99.92182981395597,9
3,70.5,95.7141122688676,21
4,21.5,17.409035193982614,30
5,83.5,74.32120542618722,51
6,91.0,93.43884470074968,66
7,74.5,97.00423300124241,69
8,99.0,96.70927376546094,76
9,40.0,44.51462934548936,90
