,real_%top,predicted_%top,index
0,92.15,87.3138461538461,1
1,91.4,87.3138461538461,4
2,93.8,87.3138461538461,9
3,70.5,87.3138461538461,21
4,21.5,17.468750000000185,30
5,83.5,87.3138461538461,51
6,91.0,87.3138461538461,66
7,74.5,87.3138461538461,69
8,99.0,87.3138461538461,76
9,40.0,35.50000000000002,90
