,real_%top,predicted_%top,index
0,99.95,93.81774182542065,4
1,99.5,90.87020808837052,40
2,99.5,90.87020808837052,48
3,98.0,91.03429229973915,74
4,96.0,95.41762250190266,78
5,21.0,30.301146306428514,80
6,98.5,97.87949769995654,82
7,63.0,64.84479560881317,87
8,44.5,64.84479560881317,90
9,66.5,83.12892907113763,98
