,real_%top,predicted_%top,index
0,92.0,87.1246417960802,2
1,99.95,99.09017924040253,8
2,99.95,91.69418780642296,12
3,34.5,38.81440910233946,25
4,23.5,15.487320749975808,34
5,89.5,85.56755412596543,37
6,31.5,23.407002166814138,40
7,82.0,90.77710611377417,52
8,59.5,75.34854713844425,57
9,81.5,84.84646137521665,71
10,98.5,94.04040152761758,85
