,real_%top,predicted_%top,index
0,91.4,84.6269744316671,3
1,99.0,98.61266688049645,14
2,23.0,21.055450026894945,23
3,98.5,88.97157590155858,25
4,99.0,93.01151214029447,49
5,88.0,81.44249980840225,61
6,91.0,83.28914791808198,65
7,99.5,96.86909811574652,79
8,99.0,89.6540095100447,81
9,48.5,58.28267305791607,93
10,21.5,-0.7372308729948003,95
