,real_%top,predicted_%top,index
0,82.0,83.23075,38
1,98.5,93.88147,46
2,8.0,18.923468,63
3,85.0,92.825775,64
4,81.5,90.18329,70
5,78.0,87.701584,72
6,98.5,90.11919,84
7,98.0,89.94422,86
8,20.0,28.138363,94
9,9.0,17.793413,97
