,real_%top,predicted_%top,index
0,99.0,79.84686,26
1,96.5,80.00856,27
2,99.5,79.84618,47
3,99.0,79.839615,49
4,98.0,79.843735,62
5,81.0,79.76858,73
6,78.0,79.80806,76
7,45.0,31.902668,91
8,11.0,31.01495,100
9,5.0,31.032425,101
