,real_%top,predicted_%top,index
0,82.0,88.128426,38
1,98.5,88.1692,46
2,8.0,87.7563,63
3,85.0,87.77689,64
4,81.5,88.095055,70
5,78.0,71.69022,72
6,98.5,88.129425,84
7,98.0,88.13762,86
8,20.0,21.363527,94
9,9.0,21.410774,97
