,real_%top,predicted_%top,index
0,82.0,88.12841,38
1,98.5,88.16919,46
2,8.0,87.7563,63
3,85.0,87.77689,64
4,81.5,88.09504,70
5,78.0,71.69022,72
6,98.5,88.12941,84
7,98.0,88.13761,86
8,20.0,21.36353,94
9,9.0,21.41078,97
