,real_%top,predicted_%top,index
0,99.7,90.43304321917307,7
1,54.0,59.56886581985046,31
2,82.0,99.48786271973836,39
3,15.0,31.490322885821715,42
4,99.5,98.54092866886324,49
5,96.5,89.61083034909845,61
6,85.0,97.59164074244885,65
7,78.0,77.4223111679623,73
8,96.0,99.52669620029629,79
9,39.5,45.05482430932501,93
