,real_%top,predicted_%top,index
0,7.0,24.403520990614485,10
1,99.95,101.19312016152858,11
2,97.5,88.11476143651328,19
3,99.0,75.9853467662659,26
4,94.0,88.23096503716849,35
5,99.5,90.95934590254657,37
6,31.5,14.997225997815967,39
7,59.5,67.77216250181154,56
8,96.5,93.649283114579,60
9,95.5,97.16541019162467,85
