,real_%top,predicted_%top,index
0,91.85,84.52098321219542,2
1,99.75,97.03047030953597,12
2,51.5,89.71613059042579,22
3,64.0,82.4436332784658,32
4,96.5,91.55989185423077,52
5,97.0,82.67686703382618,66
6,99.0,89.68710534204006,75
7,97.0,100.89703115765896,77
8,39.5,72.25387556533829,92
9,30.0,19.940096885749398,96
10,11.0,18.231886671423126,100
