,real_%top,predicted_%top,index
0,7.0,38.389791884783506,11
1,99.75,96.70426191832779,13
2,99.9,99.02293694605903,18
3,98.5,82.48692630368647,26
4,94.0,86.55171737721025,36
5,99.5,93.07293987615672,41
6,99.5,93.09027929430286,46
7,96.5,87.11062364724454,54
8,62.5,69.89701141120028,56
9,21.5,-1.1377612941457187,96
10,22.0,4.864500651965656,100
