,real_%top,predicted_%top,index
0,7.0,38.88721416062192,10
1,99.95,90.21440615924277,11
2,97.5,83.57698633237581,19
3,99.0,67.78991383296292,26
4,94.0,83.42928765058804,35
5,99.5,95.82327346923826,37
6,31.5,30.491046293004082,39
7,59.5,72.09267974505285,56
8,96.5,90.85419545028067,60
9,95.5,92.2959462221871,85
