,real_%top,predicted_%top,index
0,91.4,84.47848849948068,3
1,99.0,98.45954368488262,14
2,23.0,22.699381580909147,23
3,98.5,88.93475422067077,25
4,99.0,94.02353736093913,49
5,88.0,82.64607327198576,61
6,91.0,82.56041224981324,65
7,99.5,93.41176210392975,79
8,99.0,84.5706713744334,81
9,48.5,70.90251357812895,93
10,21.5,-1.1554335775360443,95
