,real_%top,predicted_%top,index
0,7.0,24.834721617506073,10
1,99.95,94.8263807387901,11
2,97.5,89.07260196052461,19
3,99.0,68.58206115036337,26
4,94.0,99.38724013260757,35
5,99.5,101.99221713763197,37
6,31.5,14.259276627107468,39
7,59.5,65.58269381265126,56
8,96.5,93.71871028839612,60
9,95.5,98.98125382188123,85
