,real_%top,predicted_%top,index
0,71.0,82.57655469379479,19
1,97.5,95.8264476831562,20
2,51.5,94.52718318021635,23
3,64.0,80.84414686551196,33
4,95.5,84.84683220370317,59
5,68.5,92.13706416345096,60
6,8.0,21.65951553187525,64
7,63.0,63.11657008518439,88
8,20.0,21.394860492470208,95
9,9.0,19.655912176896887,98
