,real_%top,predicted_%top,index
0,92.15,73.34370868506493,0
1,98.0,96.18767775551329,13
2,99.9,97.52528372536044,17
3,71.0,79.37297673633554,18
4,34.5,22.1031121427592,24
5,21.5,22.87060357085725,29
6,98.5,92.6353357726832,44
7,74.5,96.52157716311463,68
8,81.0,76.5585380455501,73
9,45.0,70.21350474931201,91
