,real_%top,predicted_%top,index
0,99.95,96.7923723975783,5
1,98.45,96.7923723975783,6
2,99.0,99.27163571944838,15
3,99.3,99.77659982518733,17
4,99.5,95.72039887931338,35
5,36.5,34.503451410802526,43
6,97.0,98.59856333626703,44
7,99.0,87.85738902722265,82
8,98.5,98.48931951819608,83
9,48.5,42.23080170413211,94
10,6.5,19.797050852224054,103
