,real_%top,predicted_%top,index
0,92.0,84.0590909090909,1
1,99.95,94.5517857142857,7
2,86.5,84.0590909090909,21
3,10.0,18.66666666666668,31
4,97.0,84.0590909090909,43
5,99.5,94.5517857142857,45
6,82.0,84.0590909090909,51
7,68.5,84.0590909090909,59
8,78.0,84.0590909090909,76
9,45.5,18.666666666666682,88
10,5.0,16.25000000000005,101
