,real_%top,predicted_%top,index
0,7.0,19.546547619047615,11
1,99.75,96.57915535714287,13
2,99.9,96.87207738095239,18
3,98.5,92.90871071428575,26
4,94.0,82.54044999999998,36
5,99.5,93.79231309523811,41
6,99.5,97.62779523809525,46
7,96.5,92.49451785714284,54
8,62.5,67.45601785714284,56
9,21.5,19.063406746031745,96
10,22.0,18.705333333333336,100
