,real_%top,predicted_%top,index
0,91.85,77.69936190476191,2
1,99.75,97.09426190476192,12
2,51.5,91.87946785714286,22
3,64.0,63.500121428571425,32
4,96.5,97.37234980158733,52
5,97.0,90.21086904761906,66
6,99.0,93.96355833333337,75
7,97.0,97.10529404761907,77
8,39.5,51.43918849206349,92
9,30.0,23.491323412698417,96
10,11.0,22.4567876984127,100
