,real_%top,predicted_%top,index
0,98.0,100.01862027499709,14
1,86.5,84.34548356068379,22
2,23.0,8.144964275670091,24
3,98.5,92.9022749568751,47
4,96.5,91.94897936439118,53
5,98.0,88.47432214534211,58
6,97.5,84.67625203031355,68
7,97.0,97.13328907473444,78
8,21.0,23.21999363733312,81
9,95.5,95.23255613690527,86
