,real_%top,predicted_%top,index
0,99.95,98.32143638250265,9
1,98.5,97.96566673954584,15
2,99.5,98.78636448472128,34
3,89.5,94.5282207720313,36
4,15.0,32.861442414718034,41
5,83.5,77.61403490001335,50
6,96.5,86.70429425411037,53
7,62.5,70.40624629900583,55
8,95.5,79.27380797471733,58
9,40.0,6.948812496447104,89
