,real_%top,predicted_%top,index
0,91.85,65.77803366980241,3
1,98.5,98.05071403922874,16
2,88.0,90.26374807141383,62
3,95.5,91.85323180891172,70
4,79.0,83.35513465815232,72
5,99.5,94.75723903354987,80
6,98.5,95.68516916877414,84
7,98.0,95.57991900782397,87
8,44.5,66.52277301309802,91
9,30.0,15.05380443208752,97
