,real_%top,predicted_%top,index
0,98.45,95.01138544058065,5
1,99.7,92.89678798533983,6
2,70.5,91.88942072380235,20
3,57.0,83.06488899642024,28
4,54.0,73.37997343212342,30
5,23.5,20.15917990826253,33
6,36.5,20.58873386819149,42
7,97.5,90.07839296808716,67
8,95.5,89.14108498440417,69
9,98.5,95.61715003811551,83
