,real_%top,predicted_%top,index
0,7.0,84.19247,10
1,99.75,84.98133,12
2,99.9,84.91757,17
3,98.5,84.76345,25
4,94.0,84.77348,35
5,99.5,84.792725,40
6,99.5,84.815636,45
7,96.5,84.66272,53
8,62.5,68.79794,55
9,21.5,26.554405,95
10,22.0,32.999016,99
