,real_%top,predicted_%top,index
0,91.85,64.58832,2
1,99.75,81.17082,12
2,51.5,82.24985,22
3,64.0,82.01227,32
4,96.5,91.33683,52
5,97.0,81.8852,66
6,99.0,91.90908,75
7,97.0,92.04222,77
8,39.5,80.86803,92
9,30.0,20.986,96
10,11.0,73.20727,100
