,real_%top,predicted_%top,index
0,91.85,61.291523,2
1,99.75,92.962265,12
2,51.5,92.83134,22
3,64.0,92.96414,32
4,96.5,92.860725,52
5,97.0,92.834785,66
6,99.0,92.764015,75
7,97.0,92.7984,77
8,39.5,52.508606,92
9,30.0,20.940594,96
10,11.0,20.909676,100
