,real_%top,predicted_%top,index
0,92.15,70.32802533424544,0
1,98.0,97.82357029024502,13
2,99.9,97.82357029024502,17
3,71.0,85.7656475487718,18
4,34.5,38.91770455035155,24
5,21.5,19.257530118441792,29
6,98.5,80.34586421049785,44
7,74.5,91.8201945395744,68
8,81.0,80.34586421049785,73
9,45.0,70.32802533424544,91
