,real_%top,predicted_%top,index
0,71.0,86.54797739613876,19
1,97.5,95.1367459736349,20
2,51.5,93.98441829437414,23
3,64.0,80.88232429622958,33
4,95.5,95.1367459736349,59
5,68.5,86.54797739613876,60
6,8.0,22.228316128776065,64
7,63.0,73.83919428784291,88
8,20.0,22.21215210761204,95
9,9.0,22.228316128776065,98
