,real_%top,predicted_%top,index
0,91.85,90.48416042842503,2
1,99.75,97.81160805097994,12
2,51.5,89.74474834576311,22
3,64.0,86.30589361058514,32
4,96.5,89.09135309096361,52
5,97.0,81.74655242325096,66
6,99.0,88.50246158817585,75
7,97.0,97.12393197925464,77
8,39.5,64.83894485460061,92
9,30.0,14.857632979610727,96
10,11.0,15.797249290647343,100
