,real_%top,predicted_%top,index
0,7.0,22.97654422613701,10
1,99.95,87.88644077127933,11
2,97.5,93.02900051050815,19
3,99.0,86.15878713647461,26
4,94.0,85.58075890653464,35
5,99.5,91.34800187606514,37
6,31.5,20.96607908710937,39
7,59.5,77.76832916389165,56
8,96.5,89.09707523652821,60
9,95.5,95.8628036143638,85
