,real_%top,predicted_%top,index
0,99.7,90.45124261167756,7
1,54.0,76.73881066414455,31
2,82.0,88.85162443251198,39
3,15.0,22.367709832908748,42
4,99.5,95.33760975813406,49
5,96.5,90.41646534368412,61
6,85.0,84.1207792157318,65
7,78.0,76.66719840189697,73
8,96.0,94.11945168332484,79
9,39.5,70.17391370840416,93
