,real_%top,predicted_%top,index
0,91.85,91.53958557809769,2
1,99.75,100.65560364688413,12
2,51.5,95.14941781821737,22
3,64.0,57.867036471277274,32
4,96.5,95.85561173892397,52
5,97.0,76.73327079404751,66
6,99.0,90.16219467759396,75
7,97.0,93.35088840426967,77
8,39.5,47.08488322877811,92
9,30.0,9.306619574233919,96
10,11.0,10.257065056167434,100
