,real_%top,predicted_%top,index
0,99.95,95.50382945516958,9
1,98.5,96.30676347732145,15
2,99.5,101.37214069460136,34
3,89.5,95.02637687310504,36
4,15.0,31.119148980813343,41
5,83.5,76.86177111161287,50
6,96.5,89.4716937085238,53
7,62.5,75.4461080071773,55
8,95.5,79.04489053938045,58
9,40.0,5.326724393050654,89
