,real_%top,predicted_%top,index
0,91.4,80.23636363636362,3
1,99.0,94.30769230769229,14
2,23.0,14.77777777777779,23
3,98.5,94.30769230769229,25
4,99.0,94.30769230769229,49
5,88.0,94.30769230769229,61
6,91.0,80.23636363636362,65
7,99.5,94.30769230769229,79
8,99.0,83.90999999999998,81
9,48.5,49.000000000000036,93
10,21.5,14.833333333333348,95
