,real_%top,predicted_%top,index
0,99.0,70.5627051154793,27
1,96.5,78.52584705081193,28
2,99.5,91.00967473194295,48
3,99.0,90.75850967536965,50
4,98.0,85.91168062343179,63
5,81.0,80.59179141056782,74
6,78.0,96.52250793538245,77
7,45.0,66.18430194089525,92
8,11.0,23.079775675025644,101
9,5.0,24.80621091349986,102
