,real_%top,predicted_%top,index
0,82.0,93.58123007154164,38
1,98.5,93.30969988449222,46
2,8.0,21.622241386527975,63
3,85.0,78.13975844735587,64
4,81.5,85.118632688777,70
5,78.0,81.25797821757038,72
6,98.5,95.23847294956309,84
7,98.0,96.57474678404087,86
8,20.0,6.287958097410993,94
9,9.0,20.158037853924867,97
