,real_%top,predicted_%top,index
0,91.85,88.6875,2
1,99.75,99.15625,12
2,51.5,88.0625,22
3,64.0,80.5625,32
4,96.5,89.90625,52
5,97.0,82.5,66
6,99.0,88.75,75
7,97.0,101.0625,77
8,39.5,73.3125,92
9,30.0,18.65625,96
10,11.0,20.0,100
