,real_%top,predicted_%top,index
0,91.85,88.63356304580404,2
1,99.75,99.09999953060394,12
2,51.5,88.02142812291783,22
3,64.0,80.50302301665374,32
4,96.5,89.84446723426072,52
5,97.0,82.47654904064895,66
6,99.0,88.68266366478451,75
7,97.0,100.99746643130989,77
8,39.5,73.27844174402117,92
9,30.0,18.62140713502022,96
10,11.0,19.963543571352417,100
