,real_%top,predicted_%top,index
0,98.0,97.39063040366867,14
1,86.5,81.28488124628414,22
2,23.0,3.467046340004957,24
3,98.5,99.64860684817573,47
4,96.5,99.58613332154395,53
5,98.0,97.03923438524099,58
6,97.5,96.13590411238943,68
7,97.0,97.8736230946345,78
8,21.0,16.18447481781776,81
9,95.5,101.00189337972405,86
