,real_%top,predicted_%top,index
0,99.95,99.2620976861967,9
1,98.5,98.42948775431674,15
2,99.5,104.53650289596601,34
3,89.5,85.77691174693103,36
4,15.0,9.817582114641931,41
5,83.5,72.99235969059858,50
6,96.5,96.3771156185153,53
7,62.5,51.42967212132939,55
8,95.5,85.30875972323692,58
9,40.0,48.61708843383098,89
