,real_%top,predicted_%top,index
0,91.4,75.93849246749981,3
1,99.0,98.71749071124955,14
2,23.0,23.23156994742443,23
3,98.5,96.98148089531088,25
4,99.0,97.46576977591555,49
5,88.0,86.75460304399549,61
6,91.0,91.3685959497009,65
7,99.5,95.56368448210287,79
8,99.0,92.37440779082026,81
9,48.5,62.23326576226063,93
10,21.5,22.438755624492458,95
