,real_%top,predicted_%top,index
0,92.0,77.99065561244306,2
1,99.95,93.26596869033744,8
2,99.95,92.68780707417582,12
3,34.5,21.465090877668082,25
4,23.5,23.35311225212696,34
5,89.5,65.67546245837492,37
6,31.5,21.614965877668087,40
7,82.0,73.20513963120207,52
8,59.5,85.8618673680486,57
9,81.5,69.72535302614048,71
10,98.5,96.26712929725501,85
