,real_%top,predicted_%top,index
0,92.15,69.82642901956731,0
1,98.0,97.06805495817615,13
2,99.9,97.06805495817615,17
3,71.0,83.71110349219681,18
4,34.5,41.32831074795551,24
5,21.5,19.525457799002222,29
6,98.5,77.21010374059657,44
7,74.5,92.40982448378114,68
8,81.0,77.21010374059657,73
9,45.0,69.82642901956731,91
