,real_%top,predicted_%top,index
0,71.0,86.0481411406467,19
1,97.5,94.9890731880662,20
2,51.5,92.78018788186246,23
3,64.0,82.98947825800342,33
4,95.5,94.9890731880662,59
5,68.5,86.0481411406467,60
6,8.0,22.496029839330784,64
7,63.0,69.37867563555217,88
8,20.0,22.48505581335676,95
9,9.0,22.496029839330784,98
