,real_%top,predicted_%top,index
0,99.7,75.58232087060041,7
1,54.0,69.03465799201659,31
2,82.0,73.87885290812987,39
3,15.0,19.519138902570596,42
4,99.5,98.17884571848649,49
5,96.5,87.89805600579977,61
6,85.0,90.17491317836576,65
7,78.0,66.96828643718253,73
8,96.0,87.25906498424392,79
9,39.5,63.54223235784682,93
