,real_%top,predicted_%top,index
0,7.0,20.692266816774563,10
1,99.95,92.13467211277285,11
2,97.5,97.16164187698264,19
3,99.0,87.74522404401154,26
4,94.0,87.60315127242036,35
5,99.5,89.13080907780939,37
6,31.5,23.94144677856114,39
7,59.5,81.76282354312357,56
8,96.5,88.95205459879173,60
9,95.5,98.11021453210529,85
