,real_%top,predicted_%top,index
0,99.95,97.30365865303611,9
1,98.5,96.67660337272855,15
2,99.5,102.56656049614493,34
3,89.5,95.6577457294348,36
4,15.0,31.18834474843073,41
5,83.5,75.72114843582243,50
6,96.5,89.5542148795997,53
7,62.5,74.63122116081948,55
8,95.5,78.29546904509614,58
9,40.0,10.187340704060631,89
