,real_%top,predicted_%top,index
0,98.0,95.62232398799472,14
1,86.5,85.85273303442105,22
2,23.0,22.190532212332954,24
3,98.5,93.59332079279379,47
4,96.5,87.8628333033096,53
5,98.0,91.22997719251713,58
6,97.5,83.34338599543611,68
7,97.0,100.93834498865732,78
8,21.0,32.306260473058586,81
9,95.5,94.35095160881178,86
