,real_%top,predicted_%top,index
0,91.85,89.60333502340299,2
1,99.75,97.60677328627087,12
2,51.5,82.3403348905705,22
3,64.0,58.28713475210098,32
4,96.5,100.18197404073442,52
5,97.0,74.81032925707626,66
6,99.0,94.18485028024459,75
7,97.0,95.9586387561299,77
8,39.5,45.6976278155052,92
9,30.0,27.931471603425642,96
10,11.0,25.11950741866223,100
