,real_%top,predicted_%top,index
0,99.7,98.74865803844783,7
1,54.0,81.7567659398409,31
2,82.0,91.30211637644872,39
3,15.0,30.36835014804224,42
4,99.5,95.5930701209097,49
5,96.5,89.31981517569092,61
6,85.0,76.6678932545417,65
7,78.0,81.9909173576734,73
8,96.0,91.53626779428122,79
9,39.5,71.36161707325907,93
