,real_%top,predicted_%top,index
0,7.0,35.5004895968398,10
1,99.95,89.78066574666126,11
2,97.5,84.35747683672135,19
3,99.0,69.20349465542206,26
4,94.0,87.37493701988922,35
5,99.5,97.02700089828278,37
6,31.5,27.271476462604255,39
7,59.5,73.52645522931627,56
8,96.5,91.1915933293211,60
9,95.5,96.70138874882744,85
