,real_%top,predicted_%top,index
0,91.85,64.52958543072427,2
1,99.75,95.65737451147714,12
2,51.5,93.64894326853701,22
3,64.0,74.08263863805615,32
4,96.5,96.8863558364881,52
5,97.0,93.12345864633737,66
6,99.0,91.3632389660885,75
7,97.0,96.29652173154291,77
8,39.5,62.821298384948385,92
9,30.0,18.422045313239394,96
10,11.0,22.96067195049102,100
