,real_%top,predicted_%top,index
0,93.8,93.09237859923246,8
1,99.3,99.244558104017,16
2,96.5,97.36349937084249,27
3,99.5,99.65314063850788,47
4,62.0,55.681179533959536,54
5,98.0,90.9374304899366,57
6,98.0,96.60751315552368,62
7,79.0,82.07525212008652,71
8,22.0,15.356218638251207,99
9,6.5,4.92377088384736,102
