,real_%top,predicted_%top,index
0,99.95,100.9888054108032,10
1,57.0,64.4676962071993,29
2,10.0,22.169316732115753,32
3,99.5,97.07858213559345,38
4,98.5,100.96613635901987,45
5,62.0,61.402975420257214,55
6,97.0,74.50000098481344,67
7,98.0,99.20254220938273,75
8,45.5,17.209804343470537,89
9,66.5,62.91572897713707,99
