,real_%top,predicted_%top,index
0,93.8,96.58140338723663,8
1,99.3,96.33448643533393,16
2,96.5,84.21427965478988,27
3,99.5,92.49592921932323,47
4,62.0,74.61325066250721,54
5,98.0,88.44440160297474,57
6,98.0,82.20434599532695,62
7,79.0,85.5316964553887,71
8,22.0,11.05694204184735,99
9,6.5,15.71322234734987,102
