,real_%top,predicted_%top,index
0,99.95,97.58677191988693,10
1,57.0,85.89042226885859,29
2,10.0,13.15241126729839,32
3,99.5,99.41888214701856,38
4,98.5,94.11472730902939,45
5,62.0,75.88508086219525,55
6,97.0,82.7826052374302,67
7,98.0,99.04770835250824,75
8,45.5,-13.53500461331268,89
9,66.5,88.95570310874805,99
