,real_%top,predicted_%top,index
0,99.95,97.44084427404024,9
1,98.5,97.20310088217666,15
2,99.5,101.44746476168476,34
3,89.5,96.31726124715324,36
4,15.0,32.598531883899255,41
5,83.5,69.01247207534865,50
6,96.5,79.66494385111295,53
7,62.5,71.09570881822428,55
8,95.5,78.7059997317011,58
9,40.0,7.053831354866503,89
