,real_%top,predicted_%top,index
0,98.0,101.23609155702594,14
1,86.5,82.31181947504595,22
2,23.0,21.578688980015002,24
3,98.5,89.33516264480959,47
4,96.5,89.33032196335678,53
5,98.0,90.1048416872818,58
6,97.5,84.18396147060956,68
7,97.0,99.73518317107734,78
8,21.0,40.55591616347551,81
9,95.5,96.30198521789141,86
