,real_%top,predicted_%top,index
0,82.0,94.07037037037036,38
1,98.5,94.07037037037036,46
2,8.0,17.375000000000046,63
3,85.0,84.78214285714284,64
4,81.5,86.39615384615384,70
5,78.0,86.39615384615384,72
6,98.5,94.07037037037036,84
7,98.0,94.07037037037036,86
8,20.0,21.75000000000002,94
9,9.0,17.375000000000046,97
