,real_%top,predicted_%top,index
0,99.0,90.05724581279544,27
1,96.5,98.56287566293743,28
2,99.5,98.43142940821274,48
3,99.0,98.43142940821274,50
4,98.0,96.31935403083429,63
5,81.0,79.19002165115747,74
6,78.0,90.60872404726075,77
7,45.0,43.98507648322818,92
8,11.0,22.075491052944827,101
9,5.0,11.385393919009754,102
