,real_%top,predicted_%top,index
0,99.95,107.41568878581225,4
1,99.5,94.90303907569566,40
2,99.5,88.34478142046987,48
3,98.0,101.45001162845799,74
4,96.0,91.39960596847112,78
5,21.0,34.77604957463049,80
6,98.5,97.4231101473689,82
7,63.0,72.1525053200956,87
8,44.5,71.9802682503624,90
9,66.5,85.08178106078202,98
