,real_%top,predicted_%top,index
0,92.15,82.02565578480937,1
1,91.4,82.26188491014534,4
2,93.8,91.32356305435117,9
3,70.5,81.44503884724867,21
4,21.5,15.381956234769703,30
5,83.5,82.33390015398042,51
6,91.0,85.77775302613234,66
7,74.5,87.05653719628921,69
8,99.0,88.13009469376658,76
9,40.0,0.48637735266053994,90
