,real_%top,predicted_%top,index
0,99.95,98.07748694033064,9
1,98.5,97.17808612215242,15
2,99.5,101.4287814423696,34
3,89.5,95.29693829104639,36
4,15.0,31.45096551707457,41
5,83.5,75.82639402232977,50
6,96.5,88.27485379615824,53
7,62.5,72.41538069579661,55
8,95.5,78.886752608937,58
9,40.0,9.780364582361926,89
