,real_%top,predicted_%top,index
0,98.0,96.40852359488987,14
1,86.5,86.09865812948435,22
2,23.0,22.91456072395036,24
3,98.5,93.44115570405668,47
4,96.5,88.83241130003493,53
5,98.0,90.34788351208539,58
6,97.5,83.58589491884186,68
7,97.0,100.71507312056504,78
8,21.0,32.77981877816149,81
9,95.5,94.74417370358972,86
