,real_%top,predicted_%top,index
0,99.0,84.95853133350569,27
1,96.5,91.26822549199163,28
2,99.5,94.33864884632484,48
3,99.0,94.06425552232857,50
4,98.0,86.76919301892205,63
5,81.0,75.64905747906423,74
6,78.0,96.44233483305048,77
7,45.0,77.85541207003781,92
8,11.0,21.676318053334686,101
9,5.0,20.81684680236344,102
