,real_%top,predicted_%top,index
0,82.0,89.91083290379856,38
1,98.5,96.46092099873809,46
2,8.0,23.25428709886605,63
3,85.0,84.19909336297302,64
4,81.5,70.09310345606619,70
5,78.0,67.06167201068409,72
6,98.5,95.81563860872313,84
7,98.0,95.80318406326859,86
8,20.0,22.537509001962952,94
9,9.0,20.98273669094064,97
