,real_%top,predicted_%top,index
0,91.85,83.82272727272726,2
1,99.75,83.82272727272726,12
2,51.5,95.28392857142856,22
3,64.0,83.82272727272726,32
4,96.5,95.28392857142856,52
5,97.0,95.28392857142856,66
6,99.0,93.77142857142843,75
7,97.0,95.28392857142856,77
8,39.5,50.250000000000036,92
9,30.0,13.875000000000025,96
10,11.0,18.33333333333335,100
