,real_%top,predicted_%top,index
0,7.0,31.108554031273542,11
1,99.75,100.43695195776516,13
2,99.9,98.7692448281379,18
3,98.5,83.15342294277652,26
4,94.0,89.1479764258433,36
5,99.5,83.15342294277652,41
6,99.5,84.01813091027218,46
7,96.5,99.15963373914916,54
8,62.5,51.08027028055473,56
9,21.5,15.059616659983647,96
10,22.0,12.76131476287264,100
