,real_%top,predicted_%top,index
0,91.4,88.61009381189015,3
1,99.0,99.40132266911912,14
2,23.0,22.049486384377197,23
3,98.5,92.80487839370961,25
4,99.0,98.93166222653767,49
5,88.0,79.63897236895546,61
6,91.0,96.28510922585727,65
7,99.5,97.52428524026435,79
8,99.0,93.37318579405317,81
9,48.5,39.603780205330644,93
10,21.5,11.082223272859896,95
