,real_%top,predicted_%top,index
0,92.0,81.79903279439526,2
1,99.95,100.44211416057388,8
2,99.95,97.18629575267846,12
3,34.5,33.899624057993535,25
4,23.5,21.37107101363423,34
5,89.5,75.60472253424642,37
6,31.5,22.4695105123063,40
7,82.0,91.84003640478595,52
8,59.5,61.70979162030394,57
9,81.5,74.25513387645891,71
10,98.5,97.90240313344722,85
