,real_%top,predicted_%top,index
0,98.45,92.76537773612168,5
1,99.7,98.31181403504866,6
2,70.5,79.09109260762045,20
3,57.0,85.01706886464108,28
4,54.0,86.95056901923664,30
5,23.5,20.17791867704514,33
6,36.5,57.96907183381001,42
7,97.5,82.09211101718935,67
8,95.5,82.19786130770122,69
9,98.5,92.86340428317934,83
