,real_%top,predicted_%top,index
0,91.85,87.30164466892116,3
1,98.5,96.6671465935328,16
2,88.0,84.96109545497133,62
3,95.5,84.90796154722642,70
4,79.0,85.14056149451915,72
5,99.5,94.21657608729522,80
6,98.5,92.091219777499,84
7,98.0,93.41956747112164,87
8,44.5,57.94075982231291,91
9,30.0,17.426804765377554,97
