,real_%top,predicted_%top,index
0,7.0,37.05870703556071,11
1,99.75,97.91726583837726,13
2,99.9,96.11788604184532,18
3,98.5,80.56498253339717,26
4,94.0,86.68122961046952,36
5,99.5,92.04373258290474,41
6,99.5,92.01005867363475,46
7,96.5,96.29342462206581,54
8,62.5,74.19677311844326,56
9,21.5,2.24129515861064,96
10,22.0,5.027350256253953,100
