,real_%top,predicted_%top,index
0,91.85,84.58846470902675,2
1,99.75,96.02985961994152,12
2,51.5,86.68675164150612,22
3,64.0,79.87116899468995,32
4,96.5,90.45185156024786,52
5,97.0,86.04747841612686,66
6,99.0,87.29634630804607,75
7,97.0,98.50785114627507,77
8,39.5,72.75034441790353,92
9,30.0,13.194646623834373,96
10,11.0,13.711421775613047,100
