,real_%top,predicted_%top,index
0,82.0,92.78735246087042,38
1,98.5,87.99574623970928,46
2,8.0,24.514889679185558,63
3,85.0,77.79097467192969,64
4,81.5,85.2685541918171,70
5,78.0,82.22560103018465,72
6,98.5,91.6687754022657,84
7,98.0,94.34882633952532,86
8,20.0,7.305538777561836,94
9,9.0,20.26727473538395,97
