,real_%top,predicted_%top,index
0,91.85,81.05370647115045,2
1,99.75,97.40063582977378,12
2,51.5,98.39962232521397,22
3,64.0,57.29720775093363,32
4,96.5,99.1122646194043,52
5,97.0,74.68338217909343,66
6,99.0,91.96346890900327,75
7,97.0,98.60627051931293,77
8,39.5,46.56996835133694,92
9,30.0,9.013105731282407,96
10,11.0,17.657186417879167,100
