,real_%top,predicted_%top,index
0,7.0,31.661648096020784,11
1,99.75,97.09792058921356,13
2,99.9,102.14236694346468,18
3,98.5,51.54159075063059,26
4,94.0,92.9842258335491,36
5,99.5,82.02887326819476,41
6,99.5,89.54389308567015,46
7,96.5,100.67932723016567,54
8,62.5,54.7637507587764,56
9,21.5,10.538064568807645,96
10,22.0,10.75540530133735,100
