,real_%top,predicted_%top,index
0,99.95,99.55379333977227,4
1,99.5,100.15566952153301,40
2,99.5,98.63591369717011,48
3,98.0,98.95451185386814,74
4,96.0,88.4460853823861,78
5,21.0,23.32073818162877,80
6,98.5,96.46370358897309,82
7,63.0,67.18600673961424,87
8,44.5,65.42646825935051,90
9,66.5,98.92368860452211,98
