,real_%top,predicted_%top,index
0,92.15,94.05342594995163,1
1,91.4,90.80895331225064,4
2,93.8,91.1085003139809,9
3,70.5,96.90940795226847,21
4,21.5,25.887744032780418,30
5,83.5,69.1746947169121,51
6,91.0,88.64823121653339,66
7,74.5,96.99674456501454,69
8,99.0,92.65017124418065,76
9,40.0,45.707094588779626,90
