,real_%top,predicted_%top,index
0,82.0,84.593925,38
1,98.5,84.60428,46
2,8.0,83.24315,63
3,85.0,84.49824,64
4,81.5,84.574036,70
5,78.0,72.0482,72
6,98.5,84.42828,84
7,98.0,84.41936,86
8,20.0,21.824074,94
9,9.0,21.839119,97
