,real_%top,predicted_%top,index
0,82.0,84.04209059545619,38
1,98.5,99.5139602397549,46
2,8.0,17.598067766167436,63
3,85.0,100.2685931243374,64
4,81.5,79.72085962944091,70
5,78.0,61.813505677588324,72
6,98.5,97.9375088648348,84
7,98.0,95.56487589849303,86
8,20.0,22.022045059861256,94
9,9.0,7.541462801191232,97
