,real_%top,predicted_%top,index
0,99.0,81.4014909876528,27
1,96.5,82.82164572972997,28
2,99.5,98.9325994410397,48
3,99.0,99.56147253640032,50
4,98.0,95.12681204990868,63
5,81.0,78.99563527674461,74
6,78.0,96.8041280512159,77
7,45.0,44.644145295169515,92
8,11.0,24.60415747198411,101
9,5.0,8.723355539954044,102
