,real_%top,predicted_%top,index
0,7.0,48.780222077051675,11
1,99.75,98.35365729771097,13
2,99.9,98.30266132110634,18
3,98.5,87.5181461329105,26
4,94.0,84.46565827810014,36
5,99.5,95.79963732957074,41
6,99.5,95.6310498332247,46
7,96.5,92.55323312769147,54
8,62.5,65.25308418652574,56
9,21.5,-4.8662853559164745,96
10,22.0,3.376250713543726,100
