,real_%top,predicted_%top,index
0,91.85,83.62988347815525,2
1,99.75,96.21008040003737,12
2,51.5,86.99217869092413,22
3,64.0,80.99593452734189,32
4,96.5,86.85992274405054,52
5,97.0,84.02220888564611,66
6,99.0,88.17434733110895,75
7,97.0,96.64221430706431,77
8,39.5,60.8652938182477,92
9,30.0,16.748846557351158,96
10,11.0,13.883679425167145,100
