,real_%top,predicted_%top,index
0,82.0,94.0625,38
1,98.5,93.34375,46
2,8.0,19.75,63
3,85.0,77.71875,64
4,81.5,86.5,70
5,78.0,85.40625,72
6,98.5,95.15625,84
7,98.0,95.5625,86
8,20.0,5.09375,94
9,9.0,17.78125,97
