,real_%top,predicted_%top,index
0,82.0,94.13340349949515,38
1,98.5,93.42105209607236,46
2,8.0,19.827602370467133,63
3,85.0,77.80138050127255,64
4,81.5,86.58674125423494,70
5,78.0,85.50863939002042,72
6,98.5,95.23395333382446,84
7,98.0,95.63238716963721,86
8,20.0,5.178995681737831,94
9,9.0,17.8775007174971,97
