,real_%top,predicted_%top,index
0,91.85,83.85740219948963,2
1,99.75,96.41296458702189,12
2,51.5,82.4330413283412,22
3,64.0,80.46739231258493,32
4,96.5,92.0226244366541,52
5,97.0,84.62331818255572,66
6,99.0,89.16948909932951,75
7,97.0,96.9682487824901,77
8,39.5,65.40887637804518,92
9,30.0,15.295000916239232,96
10,11.0,15.023168179044049,100
