,real_%top,predicted_%top,index
0,7.0,41.16853530460594,11
1,99.75,98.73403644939945,13
2,99.9,99.46120324995586,18
3,98.5,82.42834802441476,26
4,94.0,86.76138380037477,36
5,99.5,92.42941444823761,41
6,99.5,92.42654294313009,46
7,96.5,89.85978581540863,54
8,62.5,72.61703871108449,56
9,21.5,2.2010277683585997,96
10,22.0,6.682736478322454,100
