,real_%top,predicted_%top,index
0,99.95,98.40680061724035,10
1,57.0,73.95990146203988,29
2,10.0,23.46726009896843,32
3,99.5,90.57416424790968,38
4,98.5,97.24584475468625,45
5,62.0,76.26875873266893,55
6,97.0,94.1450351726241,67
7,98.0,101.94358384871157,75
8,45.5,22.73509840209964,89
9,66.5,75.21333887338291,99
