,real_%top,predicted_%top,index
0,93.8,96.03619280057062,8
1,99.3,99.57769809354095,16
2,96.5,86.20362140250919,27
3,99.5,99.06949439720664,47
4,62.0,83.62563411281496,54
5,98.0,89.24432208553297,57
6,98.0,95.11369818252041,62
7,79.0,79.46231698965543,71
8,22.0,21.137011295651718,99
9,6.5,4.724083848548909,102
