,real_%top,predicted_%top,index
0,82.0,90.84215375858875,38
1,98.5,94.88679098920944,46
2,8.0,22.574141572071717,63
3,85.0,82.60441470687037,64
4,81.5,66.17235559996419,70
5,78.0,64.5213060470661,72
6,98.5,93.70813865717614,84
7,98.0,93.84719818098566,86
8,20.0,21.471156123696563,94
9,9.0,20.71183180912225,97
