,real_%top,predicted_%top,index
0,99.0,84.65002617349973,27
1,96.5,92.28899506951382,28
2,99.5,95.10001866230175,48
3,99.0,95.12347995101305,50
4,98.0,86.47901727202539,63
5,81.0,80.93317458154587,74
6,78.0,96.8219039787419,77
7,45.0,66.28232826397459,92
8,11.0,21.85733573983206,101
9,5.0,20.831180436801766,102
