,real_%top,predicted_%top,index
0,99.95,101.96052537971214,10
1,57.0,82.75265531427905,29
2,10.0,8.072793654848311,32
3,99.5,95.8405128801208,38
4,98.5,93.16064778246414,45
5,62.0,77.45005480922492,55
6,97.0,83.18416846810312,67
7,98.0,101.49939922164698,75
8,45.5,-13.270724374680285,89
9,66.5,97.14212835573515,99
