,real_%top,predicted_%top,index
0,93.8,93.97613584561832,8
1,99.3,96.19150522723578,16
2,96.5,82.76121740867191,27
3,99.5,93.30633050377745,47
4,62.0,77.62330972960993,54
5,98.0,92.06762123378131,57
6,98.0,90.43258960190754,62
7,79.0,81.83502434258862,71
8,22.0,7.983921241777111,99
9,6.5,18.112583330179035,102
