,real_%top,predicted_%top,index
0,98.45,94.41534783172403,5
1,99.7,90.25054186501434,6
2,70.5,87.6402825664272,20
3,57.0,83.47547659971751,28
4,54.0,80.75246558643047,30
5,23.5,8.960443546364289,33
6,36.5,56.86594933324408,42
7,97.5,86.54785793677476,67
8,95.5,86.54785793677476,69
9,98.5,96.10777140521353,83
