,real_%top,predicted_%top,index
0,91.85,86.43828124999999,3
1,98.5,86.43828124999999,16
2,88.0,86.43828124999999,62
3,95.5,86.43828124999999,70
4,79.0,86.43828124999999,72
5,99.5,86.43828124999999,80
6,98.5,86.43828124999999,84
7,98.0,86.43828124999999,87
8,44.5,86.43828125000006,91
9,30.0,18.406250000000014,97
