,real_%top,predicted_%top,index
0,99.0,86.28778962218337,27
1,96.5,92.57975827175274,28
2,99.5,90.00275223145017,48
3,99.0,89.98929097048891,50
4,98.0,85.25710284137944,63
5,81.0,78.87126697632436,74
6,78.0,96.42822442720677,77
7,45.0,68.22833351714074,92
8,11.0,22.36484231987483,101
9,5.0,21.351234275141778,102
