,real_%top,predicted_%top,index
0,82.0,91.49935998927543,38
1,98.5,97.0847991459521,46
2,8.0,23.15275368937908,63
3,85.0,85.05489151371503,64
4,81.5,72.19293919413917,70
5,78.0,69.04661522644021,72
6,98.5,94.8188948093573,84
7,98.0,94.92142094363972,86
8,20.0,19.44022235959774,94
9,9.0,19.120440613565997,97
