,real_%top,predicted_%top,index
0,99.95,104.15352086971005,4
1,99.5,82.09709561525351,40
2,99.5,98.83208118122363,48
3,98.0,97.79662873663716,74
4,96.0,99.49392677786035,78
5,21.0,11.418814132044314,80
6,98.5,101.00886053935047,82
7,63.0,52.48691077048818,87
8,44.5,49.53717868091781,90
9,66.5,55.08990982770342,98
