,real_%top,predicted_%top,index
0,92.15,94.25394825648543,1
1,91.4,93.4653555059465,4
2,93.8,99.94444097340364,9
3,70.5,89.71837256097962,21
4,21.5,20.444467111270196,30
5,83.5,72.68587090963626,51
6,91.0,91.43381655901688,66
7,74.5,96.98414542070897,69
8,99.0,93.93353942736897,76
9,40.0,42.95285730130552,90
