,real_%top,predicted_%top,index
0,99.95,93.54821428571427,9
1,98.5,93.54821428571427,15
2,99.5,93.9142857142857,34
3,89.5,85.74230769230768,36
4,15.0,16.81250000000003,41
5,83.5,85.74230769230768,50
6,96.5,83.1653846153846,53
7,62.5,83.1653846153846,55
8,95.5,93.9142857142857,58
9,40.0,45.500000000000036,89
