,real_%top,predicted_%top,index
0,98.0,102.47508521722665,14
1,86.5,89.48667803123759,22
2,23.0,23.245969295425933,24
3,98.5,99.21745137161076,47
4,96.5,93.56405233294849,53
5,98.0,95.55161563190215,58
6,97.5,94.88154720930493,68
7,97.0,97.74498694459774,78
8,21.0,-0.3173162038825544,81
9,95.5,98.33625600725696,86
