,real_%top,predicted_%top,index
0,99.95,97.57189818659047,9
1,98.5,97.8201133986153,15
2,99.5,101.18507660275363,34
3,89.5,94.47890452873344,36
4,15.0,35.55796427727706,41
5,83.5,76.15818048783038,50
6,96.5,89.48428482352882,53
7,62.5,74.34682534307221,55
8,95.5,78.15000106735273,58
9,40.0,8.261939918399847,89
