,real_%top,predicted_%top,index
0,98.45,100.56004143481957,5
1,99.7,93.33059975374839,6
2,70.5,91.35909979125884,20
3,57.0,61.18582157520479,28
4,54.0,64.52189821993441,30
5,23.5,18.75638465351214,33
6,36.5,24.331601531211252,42
7,97.5,92.36459973944595,67
8,95.5,92.89545050039298,69
9,98.5,96.85769393805418,83
