,real_%top,predicted_%top,index
0,99.95,97.47453849206347,9
1,98.5,98.76309047619051,15
2,99.5,96.78532380952383,34
3,89.5,85.61897146464649,36
4,15.0,11.529746031746033,41
5,83.5,72.70247261904761,50
6,96.5,92.43377500000001,53
7,62.5,75.46741190476192,55
8,95.5,87.30653138528136,58
9,40.0,31.618642857142845,89
