,real_%top,predicted_%top,index
0,98.0,99.24864107142858,14
1,86.5,85.0418655844156,22
2,23.0,27.603896464646464,24
3,98.5,98.4750384920635,47
4,96.5,92.08771111111113,53
5,98.0,90.95433502886,58
6,97.5,91.12382510822508,68
7,97.0,95.60773452380954,78
8,21.0,20.055952380952384,81
9,95.5,94.23918154761908,86
