,real_%top,predicted_%top,index
0,91.85,83.92814205155561,2
1,99.75,96.25829451700305,12
2,51.5,84.32972343724603,22
3,64.0,82.42842318367536,32
4,96.5,91.70598620533039,52
5,97.0,84.87568642607987,66
6,99.0,88.65353948177707,75
7,97.0,99.11087845472831,77
8,39.5,65.98664280221615,92
9,30.0,17.68767747622323,96
10,11.0,15.445203345967244,100
