,real_%top,predicted_%top,index
0,7.0,39.21944330926189,11
1,99.75,99.83105262218189,13
2,99.9,99.18986717661612,18
3,98.5,80.4897508465243,26
4,94.0,86.09828994310503,36
5,99.5,91.1735090716253,41
6,99.5,91.20742304291831,46
7,96.5,91.90690404109277,54
8,62.5,76.67329023139497,56
9,21.5,6.651340573756599,96
10,22.0,7.491685501141092,100
