,real_%top,predicted_%top,index
0,99.95,98.46224038017981,10
1,57.0,83.99793574099988,29
2,10.0,20.976505684542467,32
3,99.5,96.21678161148853,38
4,98.5,93.54668787505142,45
5,62.0,63.870904137252474,55
6,97.0,95.73279420550033,67
7,98.0,100.13141874000118,75
8,45.5,23.757272129045678,89
9,66.5,99.16238134390981,99
