,real_%top,predicted_%top,index
0,92.0,76.2211215180751,2
1,99.95,101.8539746188214,8
2,99.95,102.6566952737954,12
3,34.5,35.02999178509533,25
4,23.5,22.466683894984246,34
5,89.5,79.37701097362088,37
6,31.5,15.033837702973209,40
7,82.0,87.46837149009967,52
8,59.5,67.71746655702263,57
9,81.5,91.10145724343103,71
10,98.5,93.80111500139714,85
