,real_%top,predicted_%top,index
0,91.4,92.81721023161364,3
1,99.0,99.06046727803826,14
2,23.0,27.92355676435226,23
3,98.5,51.597844465619005,25
4,99.0,92.95162152795817,49
5,88.0,97.93703561057484,61
6,91.0,92.69816680890055,65
7,99.5,96.07742658371058,79
8,99.0,96.4987846448486,81
9,48.5,43.90904581556735,93
10,21.5,16.3462969526694,95
