,real_%top,predicted_%top,index
0,7.0,22.37820628464296,10
1,99.95,84.56222742286917,11
2,97.5,89.4137662271958,19
3,99.0,82.33679352403956,26
4,94.0,78.61915641088103,35
5,99.5,89.74996647995361,37
6,31.5,22.14323030359276,39
7,59.5,74.70590682975205,56
8,96.5,88.17913400340706,60
9,95.5,95.83587676622021,85
