,real_%top,predicted_%top,index
0,91.4,79.58549844761791,3
1,99.0,98.2670874194433,14
2,23.0,20.881605196682408,23
3,98.5,93.92850226517768,25
4,99.0,96.23406964489759,49
5,88.0,90.71851827335249,61
6,91.0,90.42639322074987,65
7,99.5,92.5638946089858,79
8,99.0,81.7142999314003,81
9,48.5,70.63974074699809,93
10,21.5,21.573542833392093,95
