,real_%top,predicted_%top,index
0,92.0,76.7774534544747,2
1,99.95,94.80625836083854,8
2,99.95,89.57339158839741,12
3,34.5,22.36864790193466,25
4,23.5,21.065840542627303,34
5,89.5,90.42302948832216,37
6,31.5,21.128450932237694,40
7,82.0,90.29679646272201,52
8,59.5,74.70793079902556,57
9,81.5,74.34120010654553,71
10,98.5,96.08151334056804,85
