,real_%top,predicted_%top,index
0,91.85,92.76310808968458,3
1,98.5,99.50386920674309,16
2,88.0,97.11440708032974,62
3,95.5,102.6173423297044,70
4,79.0,76.29970054624339,72
5,99.5,96.53867648938535,80
6,98.5,95.4958270035516,84
7,98.0,95.4958270035516,87
8,44.5,70.63066795462746,91
9,30.0,8.926038074482378,97
