,real_%top,predicted_%top,index
0,98.45,97.68124999999998,5
1,99.7,83.78214285714284,6
2,70.5,97.68124999999998,20
3,57.0,83.78214285714284,28
4,54.0,84.63461538461537,30
5,23.5,10.500000000000028,33
6,36.5,34.4999999999998,42
7,97.5,93.57307692307691,67
8,95.5,93.57307692307691,69
9,98.5,93.57307692307691,83
