,real_%top,predicted_%top,index
0,98.45,82.65994,5
1,99.7,82.59424,6
2,70.5,82.08506,20
3,57.0,82.53177,28
4,54.0,76.76432,30
5,23.5,22.06005,33
6,36.5,22.175114,42
7,97.5,82.14363,67
8,95.5,82.06211,69
9,98.5,82.318016,83
