,real_%top,predicted_%top,index
0,98.45,84.98923,5
1,99.7,84.8887,6
2,70.5,85.00084,20
3,57.0,84.90875,28
4,54.0,84.90916,30
5,23.5,14.661624,33
6,36.5,83.69286,42
7,97.5,85.07318,67
8,95.5,84.98572,69
9,98.5,98.459435,83
