,real_%top,predicted_%top,index
0,91.85,90.27427,2
1,98.5,93.22211,15
2,88.0,93.22457,61
3,95.5,93.25034,69
4,79.0,93.19423,71
5,99.5,93.216515,79
6,98.5,93.20446,83
7,98.0,93.205215,86
8,44.5,24.695858,90
9,30.0,23.740557,96
