,real_%top,predicted_%top,index
0,7.0,24.99969642857143,10
1,99.95,94.99143571428569,11
2,97.5,88.91049365079367,19
3,99.0,82.39526190476188,26
4,94.0,88.21441071428572,35
5,99.5,93.8172996031746,37
6,31.5,22.95226190476191,39
7,59.5,65.01549047619046,56
8,96.5,91.03207341269841,60
9,95.5,97.23648333333331,85
