,real_%top,predicted_%top,index
0,99.95,102.97719089619945,5
1,98.45,89.73801787581935,6
2,99.0,98.72028479136875,15
3,99.3,98.8326274973835,17
4,99.5,100.19620533090516,35
5,36.5,44.526215289437495,43
6,97.0,84.00840983138093,44
7,99.0,83.30931247951389,82
8,98.5,91.14769832187137,83
9,48.5,63.837200640093,94
10,6.5,21.620052193347206,103
