,real_%top,predicted_%top,index
0,92.0,85.71684006838571,1
1,99.95,103.56003398861363,7
2,86.5,86.02511485935743,21
3,10.0,7.266101878687621,31
4,97.0,85.68638958319296,43
5,99.5,96.36725577076422,45
6,82.0,98.59883605020003,51
7,68.5,89.5199886791193,59
8,78.0,100.0692507884393,76
9,45.5,-10.67467632721899,88
10,5.0,24.265294811361045,101
