,real_%top,predicted_%top,index
0,71.0,81.74307437739664,19
1,97.5,94.84763404320589,20
2,51.5,96.2958819476742,23
3,64.0,80.26417960272686,33
4,95.5,77.52908482458407,59
5,68.5,91.39148386208758,60
6,8.0,22.834349364408762,64
7,63.0,77.20006335403966,88
8,20.0,22.834349364408762,95
9,9.0,22.834349364408762,98
