,real_%top,predicted_%top,index
0,92.15,77.04358145919937,0
1,98.0,97.55197396904285,13
2,99.9,98.1559710289274,17
3,71.0,76.42650477042976,18
4,34.5,21.99104664837479,24
5,21.5,21.190140413305507,29
6,98.5,91.03863266551843,44
7,74.5,97.30982242892703,68
8,81.0,74.47559967026464,73
9,45.0,71.5868332036095,91
