,real_%top,predicted_%top,index
0,91.85,87.24224399743139,3
1,98.5,96.10303917976144,16
2,88.0,82.05680108072372,62
3,95.5,82.36488894170535,70
4,79.0,84.3113408769628,72
5,99.5,94.11691981028255,80
6,98.5,92.05721138393325,84
7,98.0,93.34452915040157,87
8,44.5,66.31593059167584,91
9,30.0,15.43023889814586,97
