,real_%top,predicted_%top,index
0,98.45,90.12396526778096,5
1,99.7,98.7941603649736,6
2,70.5,79.76617877274701,20
3,57.0,84.25761504575124,28
4,54.0,89.43132294653839,30
5,23.5,21.73341605053899,33
6,36.5,42.69684635440132,42
7,97.5,82.55215024632939,67
8,95.5,82.46024778247893,69
9,98.5,92.66700585167065,83
