,real_%top,predicted_%top,index
0,71.0,74.78597474282031,19
1,97.5,96.03738517960196,20
2,51.5,86.85413668631034,23
3,64.0,81.29273177414683,33
4,95.5,80.74456943813499,59
5,68.5,88.98531381007386,60
6,8.0,23.26201394283936,64
7,63.0,64.31222546937032,88
8,20.0,4.436470283981777,95
9,9.0,16.550300103448365,98
