,real_%top,predicted_%top,index
0,91.4,76.42524761904761,3
1,99.0,98.77392936507938,14
2,23.0,26.8519107142857,23
3,98.5,95.49335436507936,25
4,99.0,98.62986507936503,49
5,88.0,82.58623928571431,61
6,91.0,91.57985813492066,65
7,99.5,93.83342500000002,79
8,99.0,94.58851428571427,81
9,48.5,53.647299603174595,93
10,21.5,19.41306349206349,95
