,real_%top,predicted_%top,index
0,92.0,83.09061011904764,2
1,99.95,97.6299327380952,8
2,99.95,94.78070476190479,12
3,34.5,26.547702380952384,25
4,23.5,19.476005952380955,34
5,89.5,90.71369166666669,37
6,31.5,23.433821428571438,40
7,82.0,90.57642500000003,52
8,59.5,67.25052499999998,57
9,81.5,81.41257559523811,71
10,98.5,96.16918333333335,85
