,real_%top,predicted_%top,index
0,99.95,96.16064559928213,9
1,98.5,96.70290441889271,15
2,99.5,100.9931711202682,34
3,89.5,94.34085970547433,36
4,15.0,31.381501201860928,41
5,83.5,76.47988077472095,50
6,96.5,89.15390156960592,53
7,62.5,72.82261593264174,55
8,95.5,77.92204430274802,58
9,40.0,8.603529621659092,89
