,real_%top,predicted_%top,index
0,98.0,96.15478296502776,14
1,86.5,84.54147217376081,22
2,23.0,19.87181046294306,24
3,98.5,90.6132195291841,47
4,96.5,95.21642340518241,53
5,98.0,92.37887039800282,58
6,97.5,83.66793760580033,68
7,97.0,102.0815709969265,78
8,21.0,32.38683233713761,81
9,95.5,94.49169365307215,86
