,real_%top,predicted_%top,index
0,99.95,101.75338710618135,4
1,99.5,95.70853742233993,40
2,99.5,97.74465302163196,48
3,98.0,95.73012054475525,74
4,96.0,99.18302450455904,78
5,21.0,28.638869925792033,80
6,98.5,97.62046478738203,82
7,63.0,47.23466418476778,87
8,44.5,46.77770004518431,90
9,66.5,50.9074200134005,98
