,real_%top,predicted_%top,index
0,93.8,98.62821427253813,8
1,99.3,99.87170581909476,16
2,96.5,90.65235204679131,27
3,99.5,98.46138584924132,47
4,62.0,59.90617256129206,54
5,98.0,93.77238511061714,57
6,98.0,87.77805679657838,62
7,79.0,80.56305200196395,71
8,22.0,19.422016339243488,99
9,6.5,7.021028037150418,102
