,real_%top,predicted_%top,index
0,98.45,97.17369892722611,5
1,99.7,87.91320399357578,6
2,70.5,92.49039419990508,20
3,57.0,65.30645258304372,28
4,54.0,75.17526744254957,30
5,23.5,15.10476146666526,33
6,36.5,22.952953280332604,42
7,97.5,95.5602132107862,67
8,95.5,96.94768828209669,69
9,98.5,89.36436538178815,83
