,real_%top,predicted_%top,index
0,91.85,85.46984985911044,3
1,98.5,99.72853681607718,16
2,88.0,79.63761616458235,62
3,95.5,97.19169051750059,70
4,79.0,77.91504428031449,72
5,99.5,98.52199127480598,80
6,98.5,89.85836242933475,84
7,98.0,98.32853418222159,87
8,44.5,62.454860434937366,91
9,30.0,24.235287829421424,97
