,real_%top,predicted_%top,index
0,91.85,74.42161845238095,2
1,99.75,97.36668571428572,12
2,51.5,89.6330988095238,22
3,64.0,63.884217261904745,32
4,96.5,94.03596666666672,52
5,97.0,89.80852023809524,66
6,99.0,89.33906726190476,75
7,97.0,96.30876130952377,77
8,39.5,55.02235238095236,92
9,30.0,23.015289682539688,96
10,11.0,22.860289682539687,100
