,real_%top,predicted_%top,index
0,7.0,17.688988095238095,11
1,99.75,94.49800059523812,13
2,99.9,98.02965952380953,18
3,98.5,91.7919404761905,26
4,94.0,86.86720000000001,36
5,99.5,94.69900833333332,41
6,99.5,98.0021357142857,46
7,96.5,93.13960873015868,54
8,62.5,70.00046230158729,56
9,21.5,17.007869047619053,96
10,22.0,18.140285714285714,100
