,real_%top,predicted_%top,index
0,92.0,82.67936097589273,1
1,99.95,97.43565693120675,7
2,86.5,84.05914556427724,21
3,10.0,23.140239647415093,31
4,97.0,84.05914556427724,43
5,99.5,90.92795065834774,45
6,82.0,84.05914556427724,51
7,68.5,84.05914556427724,59
8,78.0,82.67936097589273,76
9,45.5,23.05465492519287,88
10,5.0,23.118341853297448,101
