,real_%top,predicted_%top,index
0,99.95,94.8085409917154,5
1,98.45,94.8085409917154,6
2,99.0,97.01215948480453,15
3,99.3,97.01215948480453,17
4,99.5,94.98730184725419,35
5,36.5,28.365854469830133,43
6,97.0,81.1528645160653,44
7,99.0,81.18021444787553,82
8,98.5,77.82966882800095,83
9,48.5,73.8801355987539,94
10,6.5,22.51149243859044,103
