,real_%top,predicted_%top,index
0,98.0,99.41245883987872,14
1,86.5,83.89999703326362,22
2,23.0,20.57898436262596,24
3,98.5,98.83209222460316,47
4,96.5,75.28371485569332,53
5,98.0,90.97759089503542,58
6,97.5,94.08170217923774,68
7,97.0,96.90881630914876,78
8,21.0,20.250910561986885,81
9,95.5,97.07556377085672,86
