,real_%top,predicted_%top,index
0,99.95,93.79444500013902,9
1,98.5,98.27658726807857,15
2,99.5,100.66868503830165,34
3,89.5,83.94091545737031,36
4,15.0,19.339556410360707,41
5,83.5,75.79245791092434,50
6,96.5,99.803368147254,53
7,62.5,55.20951482345364,55
8,95.5,85.06089625471506,58
9,40.0,44.4499374953514,89
