,real_%top,predicted_%top,index
0,99.95,95.92968105589486,9
1,98.5,96.56017334869414,15
2,99.5,101.19193100277457,34
3,89.5,94.48748877332604,36
4,15.0,31.178162328501735,41
5,83.5,76.16155749823987,50
6,96.5,89.48422439019362,53
7,62.5,73.62717144266779,55
8,95.5,77.4293661448676,58
9,40.0,8.718955223797934,89
