,real_%top,predicted_%top,index
0,91.85,83.86791706349206,3
1,98.5,98.55507976190475,16
2,88.0,86.24693849206348,62
3,95.5,93.63659523809524,70
4,79.0,78.88378095238095,72
5,99.5,95.20364404761904,80
6,98.5,94.36283571428572,84
7,98.0,95.1763107142857,87
8,44.5,63.710059126984135,91
9,30.0,20.31365476190477,97
