,real_%top,predicted_%top,index
0,98.45,93.77692500000003,5
1,99.7,89.39230555555558,6
2,70.5,86.17783452380952,20
3,57.0,71.62811111111111,28
4,54.0,72.89107619047618,30
5,23.5,17.586327380952383,33
6,36.5,17.143138888888885,42
7,97.5,90.99085714285715,67
8,95.5,91.04460714285716,69
9,98.5,98.25391547619047,83
