,real_%top,predicted_%top,index
0,99.95,104.12083828107336,5
1,98.45,89.84351392127891,6
2,99.0,99.22909243964456,15
3,99.3,100.2399606472618,17
4,99.5,103.79757990977954,35
5,36.5,23.364944725013952,43
6,97.0,87.75425052283103,44
7,99.0,92.57864890558083,82
8,98.5,97.54444288041311,83
9,48.5,42.28203473160628,94
10,6.5,7.117583038755759,103
