,real_%top,predicted_%top,index
0,92.0,90.82587210925523,1
1,99.95,84.7026994530786,7
2,86.5,92.55415202911448,21
3,10.0,17.7455488416978,31
4,97.0,94.90254720700392,43
5,99.5,98.10804125619367,45
6,82.0,91.35174543689882,51
7,68.5,85.63042868186675,59
8,78.0,95.75030951125336,76
9,45.5,13.450544075996342,88
10,5.0,5.590372630435047,101
