,real_%top,predicted_%top,index
0,91.85,76.23738059956327,3
1,98.5,96.6937044266202,16
2,88.0,86.22181597689195,62
3,95.5,91.07265457695485,70
4,79.0,73.53882674959885,72
5,99.5,90.15926960190816,80
6,98.5,90.3596692411578,84
7,98.0,90.23126015024872,87
8,44.5,71.55418692273639,91
9,30.0,20.837404112256216,97
