,real_%top,predicted_%top,index
0,98.45,85.62670032845422,5
1,99.7,89.69144197145137,6
2,70.5,85.91883445220627,20
3,57.0,78.98019064162786,28
4,54.0,84.21655535798136,30
5,23.5,20.09498201073447,33
6,36.5,25.50557772668004,42
7,97.5,93.63979876403768,67
8,95.5,93.37557161528342,69
9,98.5,95.94334322352398,83
