,real_%top,predicted_%top,index
0,99.7,89.5179508660965,7
1,54.0,59.453112490360915,31
2,82.0,67.68664525104855,39
3,15.0,9.515650246704155,42
4,99.5,98.6482811811485,49
5,96.5,89.15330529853613,61
6,85.0,98.24464948504108,65
7,78.0,77.10945377131551,73
8,96.0,87.26921899295232,79
9,39.5,47.61882811070429,93
