,real_%top,predicted_%top,index
0,7.0,28.53479169469087,10
1,99.95,101.51845546477314,11
2,97.5,90.44948264395683,19
3,99.0,86.42461451054591,26
4,94.0,96.22081174186296,35
5,99.5,93.58082222003969,37
6,31.5,28.01281794049043,39
7,59.5,62.70568846228216,56
8,96.5,88.0234776423322,60
9,95.5,98.10677732413765,85
