,real_%top,predicted_%top,index
0,91.85,80.07565400444904,2
1,99.75,102.93033647727796,12
2,51.5,91.08206103132501,22
3,64.0,77.0169105917484,32
4,96.5,99.97573368283268,52
5,97.0,88.04659569728318,66
6,99.0,89.8438471600098,75
7,97.0,94.53223063986867,77
8,39.5,65.61316654866957,92
9,30.0,15.905802432537698,96
10,11.0,19.627997295976442,100
