,real_%top,predicted_%top,index
0,7.0,20.346153846153783,11
1,99.75,86.6431818181818,13
2,99.9,86.6431818181818,18
3,98.5,86.6431818181818,26
4,94.0,86.6431818181818,36
5,99.5,86.6431818181818,41
6,99.5,86.6431818181818,46
7,96.5,86.6431818181818,54
8,62.5,86.6431818181818,56
9,21.5,20.346153846153925,96
10,22.0,20.346153846153925,100
