,real_%top,predicted_%top,index
0,71.0,74.6721487221087,19
1,97.5,94.7322780863445,20
2,51.5,84.12419514881304,23
3,64.0,78.80894318639534,33
4,95.5,81.00485563823435,59
5,68.5,85.8882422760486,60
6,8.0,28.593160452090167,64
7,63.0,64.92438176280888,88
8,20.0,5.369825337150701,95
9,9.0,22.513793555171603,98
