,real_%top,predicted_%top,index
0,92.15,83.88294631057633,0
1,98.0,98.81739600861351,13
2,99.9,97.50540619389993,17
3,71.0,71.49304566781261,18
4,34.5,42.369984229629964,24
5,21.5,11.925150662491959,29
6,98.5,93.49494202655912,44
7,74.5,87.54245266646282,68
8,81.0,81.59502839511522,73
9,45.0,57.45238970709391,91
