,real_%top,predicted_%top,index
0,93.8,93.35141163518685,8
1,99.3,98.1659895823253,16
2,96.5,83.41365395428986,27
3,99.5,93.72256701908313,47
4,62.0,77.31359346449065,54
5,98.0,90.21983951298544,57
6,98.0,88.76993683817261,62
7,79.0,83.05796143062362,71
8,22.0,8.843898796718847,99
9,6.5,19.191890346003973,102
