,real_%top,predicted_%top,index
0,99.95,101.9512764591489,10
1,57.0,87.04341205391293,29
2,10.0,9.799606585403353,32
3,99.5,98.17226657995158,38
4,98.5,96.28480147907676,45
5,62.0,79.77290963057743,55
6,97.0,84.4679776397011,67
7,98.0,98.95327197124828,75
8,45.5,-16.146811225207472,89
9,66.5,95.53850000750208,99
