,real_%top,predicted_%top,index
0,92.15,82.5098839285714,0
1,98.0,98.35644107142856,13
2,99.9,98.72653392857143,17
3,71.0,79.77266309523804,18
4,34.5,28.887267857142856,24
5,21.5,22.01232142857144,29
6,98.5,91.70441071428573,44
7,74.5,96.62397023809524,68
8,81.0,76.91870297619047,73
9,45.0,53.93084761904761,91
