,real_%top,predicted_%top,index
0,71.0,85.14463192640694,19
1,97.5,93.31561488095238,20
2,51.5,88.22850654761903,23
3,64.0,71.58985833333332,33
4,95.5,88.09531547619046,59
5,68.5,88.31725476190476,60
6,8.0,17.915446428571432,64
7,63.0,49.588855952380946,88
8,20.0,20.59177525252525,95
9,9.0,11.937994047619043,98
