,real_%top,predicted_%top,index
0,99.95,96.48644929284045,10
1,57.0,71.06387955680587,29
2,10.0,23.42175957251932,32
3,99.5,86.26014089324862,38
4,98.5,96.50245043697596,45
5,62.0,81.47783875233901,55
6,97.0,97.5001525125385,67
7,98.0,98.97567173997537,75
8,45.5,11.422894696641668,89
9,66.5,92.53430830670123,99
