,real_%top,predicted_%top,index
0,99.95,95.22524871135762,4
1,99.5,92.11823459251875,40
2,99.5,95.31588454800244,48
3,98.0,93.83588312690266,74
4,96.0,94.1819881273911,78
5,21.0,20.58764999824663,80
6,98.5,94.0725331004756,82
7,63.0,82.23497798261705,87
8,44.5,82.51661955221458,90
9,66.5,93.91154104047914,98
