,real_%top,predicted_%top,index
0,92.0,76.80171734570933,2
1,99.95,92.48550515641377,8
2,99.95,77.40593809719586,12
3,34.5,23.112608165267673,25
4,23.5,19.42279784437512,34
5,89.5,90.50451896821856,37
6,31.5,19.59836622044349,40
7,82.0,91.00098649249165,52
8,59.5,72.95260920318321,57
9,81.5,73.44995062320326,71
10,98.5,95.6310973549686,85
