,real_%top,predicted_%top,index
0,91.4,77.03575398595352,3
1,99.0,97.15317361952552,14
2,23.0,21.08755492954328,23
3,98.5,92.33709984120749,25
4,99.0,94.38410003648282,49
5,88.0,89.5263843921299,61
6,91.0,94.65975739798067,65
7,99.5,94.8715889008083,79
8,99.0,74.76412312211532,81
9,48.5,69.14371878215438,93
10,21.5,21.08755492954328,95
