,real_%top,predicted_%top,index
0,82.0,89.64300211010321,38
1,98.5,89.64300211010321,46
2,8.0,30.487858288316765,63
3,85.0,88.10971284622694,64
4,81.5,79.09368147690412,70
5,78.0,80.77256466104802,72
6,98.5,95.78276378501752,84
7,98.0,95.78276378501752,86
8,20.0,5.423980086428514,94
9,9.0,16.550034958504114,97
