,real_%top,predicted_%top,index
0,98.45,102.5569881712256,5
1,99.7,89.91175577767012,6
2,70.5,84.04010824159862,20
3,57.0,66.63158466911085,28
4,54.0,63.172088795585566,30
5,23.5,12.15384265004847,33
6,36.5,20.336003804754842,42
7,97.5,95.3622415872129,67
8,95.5,96.79233779362652,69
9,98.5,92.62475761273558,83
