,real_%top,predicted_%top,index
0,91.85,90.2875671122899,3
1,98.5,98.56203978949917,16
2,88.0,69.49895098149096,62
3,95.5,96.28768118543728,70
4,79.0,79.05223754232186,72
5,99.5,95.8765136546515,80
6,98.5,96.2643907739438,84
7,98.0,95.62431055000393,87
8,44.5,60.70057824826895,91
9,30.0,32.80594044334348,97
