,real_%top,predicted_%top,index
0,99.95,97.74795357142858,5
1,98.45,92.90874821428567,6
2,99.0,98.43108809523812,15
3,99.3,98.61592261904761,17
4,99.5,96.7153369047619,35
5,36.5,18.037892857142857,43
6,97.0,86.8268536976912,44
7,99.0,91.30647572150072,82
8,98.5,94.8205447691198,83
9,48.5,47.88698809523811,94
10,6.5,9.375142857142857,103
