,real_%top,predicted_%top,index
0,92.0,83.55964484126986,1
1,99.95,96.304975,7
2,86.5,93.96585912698413,21
3,10.0,21.33106349206349,31
4,97.0,86.11630357142856,43
5,99.5,97.51038492063489,45
6,82.0,93.73265079365079,51
7,68.5,94.06573214285714,59
8,78.0,97.60091309523808,76
9,45.5,22.269307539682536,88
10,5.0,9.067591269841271,101
