,real_%top,predicted_%top,index
0,7.0,41.244478304499665,10
1,99.95,90.98320651902291,11
2,97.5,85.30498364897795,19
3,99.0,70.37122829938897,26
4,94.0,85.21518921288667,35
5,99.5,97.02113021300002,37
6,31.5,32.429214060236035,39
7,59.5,75.23419569646943,56
8,96.5,92.37927143184366,60
9,95.5,94.78199778025964,85
