,real_%top,predicted_%top,index
0,99.7,97.65779665622904,7
1,54.0,85.96954992438678,31
2,82.0,93.04509376148488,39
3,15.0,31.013008359350025,42
4,99.5,96.98905110797565,49
5,96.5,89.76889253684894,61
6,85.0,77.05224950688202,65
7,78.0,84.98031165683385,73
8,96.0,92.05585549393194,79
9,39.5,65.97376574261378,93
