,real_%top,predicted_%top,index
0,99.7,97.10721373070739,7
1,54.0,89.3070380068073,31
2,82.0,93.5988987933144,39
3,15.0,31.44594512888484,42
4,99.5,99.17821161896477,49
5,96.5,94.22355116414347,61
6,85.0,97.85536282695234,65
7,78.0,81.47465365539286,73
8,96.0,99.51879055648352,79
9,39.5,48.124904672469725,93
