,real_%top,predicted_%top,index
0,7.0,21.012378653479498,10
1,99.95,102.50965837611703,11
2,97.5,88.17673505148677,19
3,99.0,86.67829955631707,26
4,94.0,87.56148314552007,35
5,99.5,93.84255855451167,37
6,31.5,14.939954613216143,39
7,59.5,63.491265970965316,56
8,96.5,91.51009811438279,60
9,95.5,97.36111634653088,85
