,real_%top,predicted_%top,index
0,93.8,94.26006106649741,8
1,99.3,99.97146621259276,16
2,96.5,90.95008339340579,27
3,99.5,99.36956154529949,47
4,62.0,56.00718886845868,54
5,98.0,85.6681302541727,57
6,98.0,87.97576193146828,62
7,79.0,81.10107278460738,71
8,22.0,14.79725005790919,99
9,6.5,5.4034633905062615,102
