,real_%top,predicted_%top,index
0,99.95,93.79113864749586,10
1,57.0,57.44566064031975,29
2,10.0,22.881071477835725,32
3,99.5,98.81621467029477,38
4,98.5,95.77298255754005,45
5,62.0,57.78520255923767,55
6,97.0,74.52399670568276,67
7,98.0,95.7358258691187,75
8,45.5,18.365407289511516,89
9,66.5,57.28444265294031,99
