,real_%top,predicted_%top,index
0,92.15,87.46590909090914,1
1,91.4,87.46590909090914,4
2,93.8,87.46590909090914,9
3,70.5,87.46590909090914,21
4,21.5,19.566666666666492,30
5,83.5,87.46590909090914,51
6,91.0,87.46590909090914,66
7,74.5,87.46590909090914,69
8,99.0,87.46590909090914,76
9,40.0,35.50000000000011,90
