,real_%top,predicted_%top,index
0,99.95,105.40625,4
1,99.5,90.90625,40
2,99.5,88.9375,48
3,98.0,103.0625,74
4,96.0,94.9375,78
5,21.0,31.71875,80
6,98.5,96.25,82
7,63.0,67.78125,87
8,44.5,67.75,90
9,66.5,82.09375,98
