,real_%top,predicted_%top,index
0,99.95,105.49403989968694,4
1,99.5,91.04183207940657,40
2,99.5,89.06051249168101,48
3,98.0,103.18308973303922,74
4,96.0,95.04360836571723,78
5,21.0,31.76481484740055,80
6,98.5,96.32607245381841,82
7,63.0,67.89398597621137,87
8,44.5,67.84195132037212,90
9,66.5,82.22412197159252,98
