,real_%top,predicted_%top,index
0,92.15,80.19465789750625,1
1,91.4,79.13175382241468,4
2,93.8,90.99160853469871,9
3,70.5,84.73611117739263,21
4,21.5,19.199761672906483,30
5,83.5,80.02507120156329,51
6,91.0,91.16922494072497,66
7,74.5,96.85135944687946,69
8,99.0,78.11174339125935,76
9,40.0,20.768612509204686,90
