,real_%top,predicted_%top,index
0,99.95,93.74973352322311,4
1,99.5,95.23602152057612,40
2,99.5,95.54683015152852,48
3,98.0,91.75009304822893,74
4,96.0,88.32937711166507,78
5,21.0,22.24896276224953,80
6,98.5,91.4672572118431,82
7,63.0,75.48801627108523,87
8,44.5,75.33936567584712,90
9,66.5,97.22100813839684,98
