,real_%top,predicted_%top,index
0,99.95,93.81077670646552,9
1,98.5,98.40957386271981,15
2,99.5,98.688713928453,34
3,89.5,79.29981817015098,36
4,15.0,31.46591631976934,41
5,83.5,73.29896300018409,50
6,96.5,100.11304397477387,53
7,62.5,69.59491428415029,55
8,95.5,85.92444166142046,58
9,40.0,42.51525622700196,89
