,real_%top,predicted_%top,index
0,98.0,101.21044846529527,14
1,86.5,87.30017311790125,22
2,23.0,21.484290604351443,24
3,98.5,99.04158803197579,47
4,96.5,73.7385202301253,53
5,98.0,87.3386421551063,58
6,97.5,94.791468868929,68
7,97.0,99.17493846541846,78
8,21.0,31.871090983633092,81
9,95.5,96.39298104172975,86
