,real_%top,predicted_%top,index
0,99.0,89.58034543590435,27
1,96.5,92.06520337465894,28
2,99.5,96.51239953102453,48
3,99.0,96.5509867965368,50
4,98.0,90.066911227004,63
5,81.0,75.50081121225267,74
6,78.0,95.09535332866739,77
7,45.0,62.76533101401954,92
8,11.0,23.046499867371196,101
9,5.0,18.86287972362605,102
