,real_%top,predicted_%top,index
0,82.0,80.00460848387722,38
1,98.5,97.09246698787321,46
2,8.0,20.361891115828612,63
3,85.0,88.57532897449774,64
4,81.5,72.83855794899542,70
5,78.0,63.49683040154289,72
6,98.5,94.56445550074923,84
7,98.0,94.62828883408255,86
8,20.0,24.391234461079858,94
9,9.0,19.04134919941169,97
