,real_%top,predicted_%top,index
0,99.95,97.06725892857143,9
1,98.5,98.66742797619042,15
2,99.5,97.6532511904762,34
3,89.5,97.33975119047618,36
4,15.0,17.377720238095236,41
5,83.5,70.84245476190473,50
6,96.5,93.95697817460315,53
7,62.5,64.18410833333333,55
8,95.5,89.53020000000002,58
9,40.0,26.701720238095245,89
