,real_%top,predicted_%top,index
0,98.0,98.66905357142858,14
1,86.5,84.24653333333333,22
2,23.0,32.7127261904762,24
3,98.5,98.55572738095238,47
4,96.5,94.09710714285713,53
5,98.0,91.31660952380953,58
6,97.5,93.74276190476192,68
7,97.0,95.21036785714287,78
8,21.0,17.70061507936508,81
9,95.5,97.5784857142857,86
