,real_%top,predicted_%top,index
0,99.95,96.13221649493958,9
1,98.5,96.7207285135123,15
2,99.5,100.49436827820287,34
3,89.5,94.75480123975213,36
4,15.0,31.32796294880667,41
5,83.5,76.8675955336042,50
6,96.5,88.4865800905308,53
7,62.5,73.70407967681813,55
8,95.5,79.38552495118373,58
9,40.0,5.127250739718434,89
