,real_%top,predicted_%top,index
0,98.0,98.02259632731027,14
1,86.5,88.51390538453046,22
2,23.0,26.57927551060277,24
3,98.5,91.53537511226037,47
4,96.5,91.79107245728856,53
5,98.0,91.36337922636952,58
6,97.5,84.23085079966228,68
7,97.0,102.0665485981045,78
8,21.0,35.26730593535604,81
9,95.5,95.14306559033746,86
