,real_%top,predicted_%top,index
0,99.95,104.99906094309388,4
1,99.5,92.80432600869203,40
2,99.5,88.52828560268331,48
3,98.0,100.8693032394585,74
4,96.0,93.15992201131456,78
5,21.0,32.044905071506136,80
6,98.5,92.82167093596884,82
7,63.0,72.16435314661862,87
8,44.5,72.05205309555173,90
9,66.5,83.40357812487736,98
