,real_%top,predicted_%top,index
0,92.15,84.28523118846665,1
1,91.4,81.83585654587012,4
2,93.8,93.98800280355675,9
3,70.5,79.72339845092873,21
4,21.5,17.508356023774766,30
5,83.5,84.52441334068315,51
6,91.0,85.27498208266753,66
7,74.5,87.38270161272538,69
8,99.0,88.31046593900868,76
9,40.0,1.9781100337827553,90
