,real_%top,predicted_%top,index
0,99.0,86.33701513993368,27
1,96.5,96.55018333960511,28
2,99.5,100.31687249609412,48
3,99.0,85.94470853850511,50
4,98.0,95.48846446085642,63
5,81.0,75.69257929744536,74
6,78.0,94.68465086175682,77
7,45.0,47.91332559635592,92
8,11.0,27.903405241014628,101
9,5.0,6.85585293193651,102
