,real_%top,predicted_%top,index
0,82.0,87.13450466185111,38
1,98.5,99.77830522221224,46
2,8.0,15.78782580953588,63
3,85.0,91.48664553431271,64
4,81.5,95.90728790540942,70
5,78.0,85.40758370842455,72
6,98.5,98.71570863498869,84
7,98.0,95.50000181870075,86
8,20.0,14.257955208779059,94
9,9.0,1.1068636018372926,97
