,real_%top,predicted_%top,index
0,98.45,93.74240557680228,5
1,99.7,99.9276417671737,6
2,70.5,75.27678617035436,20
3,57.0,83.4325367390301,28
4,54.0,85.0136350163466,30
5,23.5,22.507446220460366,33
6,36.5,59.48692646521115,42
7,97.5,83.37453102493522,67
8,95.5,83.658103903274,69
9,98.5,91.98865818034076,83
