,real_%top,predicted_%top,index
0,98.45,93.65625,5
1,99.7,99.84375,6
2,70.5,75.1875,20
3,57.0,83.34375,28
4,54.0,84.9375,30
5,23.5,22.40625,33
6,36.5,59.375,42
7,97.5,83.3125,67
8,95.5,83.59375,69
9,98.5,91.9375,83
