,real_%top,predicted_%top,index
0,7.0,27.386147,10
1,99.95,87.15448,11
2,97.5,87.62096,19
3,99.0,87.13705,26
4,94.0,87.66163,35
5,99.5,87.75044,37
6,31.5,27.493015,39
7,59.5,87.399895,56
8,96.5,87.586815,60
9,95.5,97.58932,85
