,real_%top,predicted_%top,index
0,99.7,89.79529,6
1,54.0,65.65037,30
2,82.0,89.81049,38
3,15.0,89.378204,41
4,99.5,89.82634,48
5,96.5,89.78329,60
6,85.0,89.75207,64
7,78.0,65.32117,72
8,96.0,89.70954,78
9,39.5,32.524517,92
