,real_%top,predicted_%top,index
0,7.0,91.80574,10
1,99.95,91.80902,11
2,97.5,93.09198,19
3,99.0,93.075096,26
4,94.0,91.99862,35
5,99.5,92.0235,37
6,31.5,25.603271,39
7,59.5,93.07669,56
8,96.5,93.120445,60
9,95.5,92.92759,85
