,real_%top,predicted_%top,index
0,99.95,107.3883994179989,4
1,99.5,94.39103002482082,40
2,99.5,92.70467387967905,48
3,98.0,106.85149977541322,74
4,96.0,96.91589223954405,78
5,21.0,27.80677351677049,80
6,98.5,98.26695758132718,82
7,63.0,58.63868350536944,87
8,44.5,58.5943953641839,90
9,66.5,91.01215375289651,98
