,real_%top,predicted_%top,index
0,92.15,85.3348241944993,1
1,91.4,81.13289068538228,4
2,93.8,94.49621770719497,9
3,70.5,78.23614353191729,21
4,21.5,18.0397859735788,30
5,83.5,78.48119494049664,51
6,91.0,85.05388273812395,66
7,74.5,89.49565639465392,69
8,99.0,85.73661473254171,76
9,40.0,12.086424596702258,90
