,real_%top,predicted_%top,index
0,99.95,104.24603990846549,10
1,57.0,83.35839634227068,29
2,10.0,9.372596858224526,32
3,99.5,95.30333852059943,38
4,98.5,93.45612740017648,45
5,62.0,78.7493222104028,55
6,97.0,84.19667322985082,67
7,98.0,99.09889389266777,75
8,45.5,-11.162942889339774,89
9,66.5,87.15899622172675,99
