,real_%top,predicted_%top,index
0,93.8,93.8434159855374,8
1,99.3,97.39940975667062,16
2,96.5,87.18798254569515,27
3,99.5,94.06309426501939,47
4,62.0,75.953448989989,54
5,98.0,88.66726831883183,57
6,98.0,86.55239636888743,62
7,79.0,83.0157448532471,71
8,22.0,7.254585891779826,99
9,6.5,16.337910303774734,102
