,real_%top,predicted_%top,index
0,99.0,88.9194029850746,27
1,96.5,88.9194029850746,28
2,99.5,88.9194029850746,48
3,99.0,88.9194029850746,50
4,98.0,88.9194029850746,63
5,81.0,88.9194029850746,74
6,78.0,88.9194029850746,77
7,45.0,88.91940298507467,92
8,11.0,21.384615384615643,101
9,5.0,21.384615384615643,102
