,real_%top,predicted_%top,index
0,82.0,89.91235749410644,38
1,98.5,89.91235749410644,46
2,8.0,29.19632886356547,63
3,85.0,88.39397918535758,64
4,81.5,80.21705962976718,70
5,78.0,78.78722974823536,72
6,98.5,95.96205644085805,84
7,98.0,95.96205644085805,86
8,20.0,6.4721250176738465,94
9,9.0,16.968789558401113,97
