,real_%top,predicted_%top,index
0,7.0,18.96428571428561,11
1,99.75,87.44999999999997,13
2,99.9,87.44999999999997,18
3,98.5,87.44999999999997,26
4,94.0,87.44999999999997,36
5,99.5,87.44999999999997,41
6,99.5,87.44999999999997,46
7,96.5,87.44999999999997,54
8,62.5,87.44999999999997,56
9,21.5,18.96428571428575,96
10,22.0,18.96428571428575,100
