,real_%top,predicted_%top,index
0,98.45,97.76722864905737,5
1,99.7,84.25722619219148,6
2,70.5,97.84543537936912,20
3,57.0,84.83099344057749,28
4,54.0,80.65323142320268,30
5,23.5,21.598996112440652,33
6,36.5,28.11917379975332,42
7,97.5,90.7596051965537,67
8,95.5,90.7596051965537,69
9,98.5,97.92196968187656,83
