,real_%top,predicted_%top,index
0,91.85,74.22049645973266,3
1,98.5,97.27027635454564,16
2,88.0,89.43804113342422,62
3,95.5,89.43804113342422,70
4,79.0,84.15758796747735,72
5,99.5,97.27027635454564,80
6,98.5,97.27027635454564,84
7,98.0,97.27027635454564,87
8,44.5,74.22049645973266,91
9,30.0,22.058700490826208,97
