,real_%top,predicted_%top,index
0,98.45,97.51520894608886,5
1,99.7,85.6140654452792,6
2,70.5,97.71426159157141,20
3,57.0,86.32002942368487,28
4,54.0,82.75269547463382,30
5,23.5,20.071251950230238,33
6,36.5,27.314847109368262,42
7,97.5,90.30130144464977,67
8,95.5,90.30130144464977,69
9,98.5,97.79324651968642,83
