,real_%top,predicted_%top,index
0,91.85,72.80730718576734,3
1,98.5,96.41587556259121,16
2,88.0,91.51195407515468,62
3,95.5,91.51195407515468,70
4,79.0,80.78335032666217,72
5,99.5,96.41587556259121,80
6,98.5,96.41587556259121,84
7,98.0,96.41587556259121,87
8,44.5,72.80730718576734,91
9,30.0,20.284928474082836,97
