,real_%top,predicted_%top,index
0,82.0,99.84033651034801,38
1,98.5,100.39389491530865,46
2,8.0,24.228317633251052,63
3,85.0,96.5674430851785,64
4,81.5,95.44136402827654,70
5,78.0,80.84794154429649,72
6,98.5,99.03613358614489,84
7,98.0,95.9134586599357,86
8,20.0,27.230068088283353,94
9,9.0,10.96483725715203,97
