,real_%top,predicted_%top,index
0,99.95,98.14500714285715,4
1,99.5,98.21800833333334,40
2,99.5,98.6033273809524,48
3,98.0,96.10695833333334,74
4,96.0,89.03378214285715,78
5,21.0,16.978434523809522,80
6,98.5,93.65927698412698,82
7,63.0,62.904853174603176,87
8,44.5,62.86335317460317,90
9,66.5,87.65732738095235,98
