,real_%top,predicted_%top,index
0,92.15,78.85568095238096,1
1,91.4,77.09750833333332,4
2,93.8,97.58493484848486,9
3,70.5,95.27881904761907,21
4,21.5,23.475172619047616,30
5,83.5,75.20960476190477,51
6,91.0,93.68313095238096,66
7,74.5,96.8890238095238,69
8,99.0,93.56936547619051,76
9,40.0,31.122398809523805,90
