,real_%top,predicted_%top,index
0,99.95,101.3006398277004,5
1,98.45,91.28538659711137,6
2,99.0,98.65359834538386,15
3,99.3,99.39157580865717,17
4,99.5,104.04983758475142,35
5,36.5,23.125568387414944,43
6,97.0,93.1418111947477,44
7,99.0,92.45834499363008,82
8,98.5,95.37435008184244,83
9,48.5,40.81857011679815,94
10,6.5,6.525079945044885,103
