,real_%top,predicted_%top,index
0,92.0,80.54319816300985,1
1,99.95,97.56406834382415,7
2,86.5,86.48934315592997,21
3,10.0,22.66235774391216,31
4,97.0,94.36654398340065,43
5,99.5,97.11977800124922,45
6,82.0,89.49813460538799,51
7,68.5,91.9270111905421,59
8,78.0,101.30579807991803,76
9,45.5,27.610494115639487,88
10,5.0,6.114545380130036,101
