,real_%top,predicted_%top,index
0,82.0,90.73076256714172,38
1,98.5,90.73076256714172,46
2,8.0,22.685837682782527,63
3,85.0,82.62188599620187,64
4,81.5,71.06797669565822,70
5,78.0,71.06797669565822,72
6,98.5,97.1169236915095,84
7,98.0,97.1169236915095,86
8,20.0,22.721587955144436,94
9,9.0,22.685837682782527,97
