,real_%top,predicted_%top,index
0,99.0,82.33840932897914,27
1,96.5,80.79914819711733,28
2,99.5,90.03160859092957,48
3,99.0,90.03160859092957,50
4,98.0,90.03160859092957,63
5,81.0,80.79914819711733,74
6,78.0,79.53312220069827,77
7,45.0,70.26572514169843,92
8,11.0,21.029157933155073,101
9,5.0,20.979319549316692,102
