,real_%top,predicted_%top,index
0,93.8,99.62401183169787,8
1,99.3,99.62401183169787,16
2,96.5,91.11444803871872,27
3,99.5,88.25182994556974,47
4,62.0,79.05925696173537,54
5,98.0,83.42326347675095,57
6,98.0,87.78726999176652,62
7,79.0,87.0491209549356,71
8,22.0,16.766594733591376,99
9,6.5,17.517288944524665,102
