,real_%top,predicted_%top,index
0,99.95,87.72954545454547,10
1,57.0,87.72954545454547,29
2,10.0,18.53571428571422,32
3,99.5,87.72954545454547,38
4,98.5,87.72954545454547,45
5,62.0,87.72954545454547,55
6,97.0,87.72954545454547,67
7,98.0,87.72954545454547,75
8,45.5,18.53571428571422,89
9,66.5,87.72954545454547,99
