,real_%top,predicted_%top,index
0,99.95,105.91696186861189,4
1,99.5,91.3269679216336,40
2,99.5,88.02640695459556,48
3,98.0,101.97030106885728,74
4,96.0,96.1955713661426,78
5,21.0,37.29781750474504,80
6,98.5,94.21812869380726,82
7,63.0,67.43716726613998,87
8,44.5,67.35048586700566,90
9,66.5,79.47977888768997,98
