,real_%top,predicted_%top,index
0,92.15,88.36978782704693,1
1,91.4,84.08650787745242,4
2,93.8,95.23674749208024,9
3,70.5,80.09176491605777,21
4,21.5,20.99057021963627,30
5,83.5,80.17184106949284,51
6,91.0,85.25844476212315,66
7,74.5,88.58468207400743,69
8,99.0,87.00649674177215,76
9,40.0,8.133931238510783,90
