,real_%top,predicted_%top,index
0,93.8,93.75769455735417,8
1,99.3,97.02846883583595,16
2,96.5,90.54888878694229,27
3,99.5,94.45746747206736,47
4,62.0,73.65959636841447,54
5,98.0,88.885550630392,57
6,98.0,87.82217932056548,62
7,79.0,74.29881612989139,71
8,22.0,21.10441214239904,99
9,6.5,21.085917980311127,102
