,real_%top,predicted_%top,index
0,92.0,84.28125,1
1,99.95,105.5,7
2,86.5,84.875,21
3,10.0,14.3125,31
4,97.0,85.75,43
5,99.5,94.21875,45
6,82.0,98.75,51
7,68.5,88.75,59
8,78.0,99.6875,76
9,45.5,-10.59375,88
10,5.0,21.46875,101
