,real_%top,predicted_%top,index
0,92.0,84.22710083502885,1
1,99.95,105.44269247375098,7
2,86.5,84.83836068087724,21
3,10.0,14.229252700797119,31
4,97.0,85.71112432183799,43
5,99.5,94.1761477256996,45
6,82.0,98.69893826898209,51
7,68.5,88.6883359799978,59
8,78.0,99.63387683116926,76
9,45.5,-10.66429536352031,88
10,5.0,21.39621538537972,101
