,real_%top,predicted_%top,index
0,99.95,83.696434,9
1,98.5,83.6579,15
2,99.5,84.06474,34
3,89.5,84.07439,36
4,15.0,83.924736,41
5,83.5,84.44295,50
6,96.5,86.35105,53
7,62.5,86.15153,55
8,95.5,86.164345,58
9,40.0,55.038143,89
