,real_%top,predicted_%top,index
0,99.95,89.979,9
1,98.5,89.97075,15
2,99.5,89.966545,34
3,89.5,89.9393,36
4,15.0,20.973408,41
5,83.5,98.69749,50
6,96.5,98.68531,53
7,62.5,88.671394,55
8,95.5,89.9347,58
9,40.0,87.2744,89
