,real_%top,predicted_%top,index
0,98.0,85.54303,13
1,86.5,85.56932,21
2,23.0,40.755466,23
3,98.5,85.543175,46
4,96.5,85.568275,52
5,98.0,85.54675,57
6,97.5,85.54145,67
7,97.0,85.50946,77
8,21.0,84.88392,80
9,95.5,85.50215,85
