,real_%top,predicted_%top,index
0,99.7,88.84331406470845,7
1,54.0,62.32946806830762,31
2,82.0,91.73367185956941,39
3,15.0,16.622236707549785,42
4,99.5,98.54773987395231,49
5,96.5,95.35524803226423,61
6,85.0,95.31426032198978,65
7,78.0,79.6933330443975,73
8,96.0,93.2922305939157,79
9,39.5,49.09255282416,93
