,real_%top,predicted_%top,index
0,7.0,12.48168225091252,10
1,99.95,104.90023202966721,11
2,97.5,99.75289230049015,19
3,99.0,91.24129795129876,26
4,94.0,87.03483631511538,35
5,99.5,83.29993209586495,37
6,31.5,22.25599416597976,39
7,59.5,67.14869123343011,56
8,96.5,95.27543477654478,60
9,95.5,99.0261285340784,85
