,real_%top,predicted_%top,index
0,98.0,101.47902840888167,14
1,86.5,83.63018450160749,22
2,23.0,19.723035677502608,24
3,98.5,89.45956588225195,47
4,96.5,95.28708375152364,53
5,98.0,88.54010137619368,58
6,97.5,84.39842134798394,68
7,97.0,96.79637380770937,78
8,21.0,36.71227170672362,81
9,95.5,96.16044796066751,86
