,real_%top,predicted_%top,index
0,99.95,100.04410724707763,9
1,98.5,98.62011895571581,15
2,99.5,99.81222918070505,34
3,89.5,91.04116441810584,36
4,15.0,34.40230137640859,41
5,83.5,79.81622778225933,50
6,96.5,89.98886992002784,53
7,62.5,71.48255951194544,55
8,95.5,79.54417669630132,58
9,40.0,8.556052000939161,89
