,real_%top,predicted_%top,index
0,99.95,96.62342115653956,5
1,98.45,92.9262320780956,6
2,99.0,98.05676340877473,15
3,99.3,98.03259674210807,17
4,99.5,93.37578326697815,35
5,36.5,16.934167233093703,43
6,97.0,86.4390361064181,44
7,99.0,92.37727597839466,82
8,98.5,95.40690755734208,83
9,48.5,61.44180982824364,94
10,6.5,17.11725467343114,103
