,real_%top,predicted_%top,index
0,92.0,76.84561687062937,1
1,99.95,95.37723818983302,7
2,86.5,94.45461619932357,21
3,10.0,23.28858692247296,31
4,97.0,88.38621829672522,43
5,99.5,97.43887956487957,45
6,82.0,77.21553993228994,51
7,68.5,90.92306231268732,59
8,78.0,96.62518240811477,76
9,45.5,19.93737278611911,88
10,5.0,17.759184787842873,101
