,real_%top,predicted_%top,index
0,98.0,96.70285548440097,14
1,86.5,83.36582363280942,22
2,23.0,20.642396204491092,24
3,98.5,91.73319672962415,47
4,96.5,90.52325810912872,53
5,98.0,91.20647846327466,58
6,97.5,83.63755712029598,68
7,97.0,100.81732151380486,78
8,21.0,32.67597736939173,81
9,95.5,93.85780790380605,86
