,real_%top,predicted_%top,index
0,99.95,95.02184343205043,9
1,98.5,95.74382615495013,15
2,99.5,106.00213811281067,34
3,89.5,98.72353481622814,36
4,15.0,28.84619948934349,41
5,83.5,83.44392273883196,50
6,96.5,99.71044115975938,53
7,62.5,77.39035292085222,55
8,95.5,77.12942883000801,58
9,40.0,-3.41597951729608,89
