,real_%top,predicted_%top,index
0,91.85,83.8084548432784,2
1,99.75,96.37026108448717,12
2,51.5,88.30294995922543,22
3,64.0,82.56309234459277,32
4,96.5,91.41981545299531,52
5,97.0,83.57243329902295,66
6,99.0,88.25880152114487,75
7,97.0,99.9673668304876,77
8,39.5,65.61098512945767,92
9,30.0,16.200070431342,96
10,11.0,14.91118495048417,100
