,real_%top,predicted_%top,index
0,7.0,41.87705808897366,11
1,99.75,98.66782922739326,13
2,99.9,97.6468537065655,18
3,98.5,75.34269416275201,26
4,94.0,83.05928972644301,36
5,99.5,89.39479026092589,41
6,99.5,89.34396369220312,46
7,96.5,90.13441507481033,54
8,62.5,70.89611211245865,56
9,21.5,3.0407414152286094,96
10,22.0,8.289688724645146,100
