,real_%top,predicted_%top,index
0,92.15,94.78487360802332,0
1,98.0,100.87819075940037,13
2,99.9,99.23212492939697,17
3,71.0,80.23565386911905,18
4,34.5,24.90989374317258,24
5,21.5,20.930701292401857,29
6,98.5,95.08915517548266,44
7,74.5,97.29621857915666,68
8,81.0,77.84930142316261,73
9,45.0,44.95824069147982,91
