,real_%top,predicted_%top,index
0,71.0,87.75195526129936,19
1,97.5,92.73219603978615,20
2,51.5,80.20616272898127,23
3,64.0,58.481181574366055,33
4,95.5,79.86217844626528,59
5,68.5,87.73004077136657,60
6,8.0,20.048372332512468,64
7,63.0,44.0427142474281,88
8,20.0,20.999341154525904,95
9,9.0,6.596563592590663,98
