,real_%top,predicted_%top,index
0,92.0,78.03938494060705,1
1,99.95,97.29906569115664,7
2,86.5,97.09994511225652,21
3,10.0,21.385033918587173,31
4,97.0,78.94303206468753,43
5,99.5,95.29650283625104,45
6,82.0,97.07647181172226,51
7,68.5,92.85407818218991,59
8,78.0,96.36875643326871,76
9,45.5,21.374229231087174,88
10,5.0,21.363541731087174,101
