,real_%top,predicted_%top,index
0,91.4,85.3082427423768,3
1,99.0,97.61830130410566,14
2,23.0,16.610223088381005,23
3,98.5,78.9582280949148,25
4,99.0,91.35004534386596,49
5,88.0,82.93410866688046,61
6,91.0,84.17532478737449,65
7,99.5,92.26540345519484,79
8,99.0,85.63638819829319,81
9,48.5,65.31183526523438,93
10,21.5,6.162265325413628,95
