,real_%top,predicted_%top,index
0,91.85,77.63305178571426,3
1,98.5,98.31488928571426,16
2,88.0,84.5741134920635,62
3,95.5,91.6137876984127,70
4,79.0,80.0938035714286,72
5,99.5,95.90214285714286,80
6,98.5,94.8750130952381,84
7,98.0,95.7947261904762,87
8,44.5,63.33087857142856,91
9,30.0,23.53848809523809,97
