,real_%top,predicted_%top,index
0,98.45,92.67895654761905,5
1,99.7,87.62838253968253,6
2,70.5,87.99898273809528,20
3,57.0,73.03777301587303,28
4,54.0,75.7194535714286,30
5,23.5,16.982499999999998,33
6,36.5,20.059000000000005,42
7,97.5,91.33166428571428,67
8,95.5,91.54076190476191,69
9,98.5,95.26198095238092,83
