,real_%top,predicted_%top,index
0,7.0,16.099013958110923,11
1,99.75,99.072841865043,13
2,99.9,100.0154778945538,18
3,98.5,85.15376784137234,26
4,94.0,87.71262758032489,36
5,99.5,99.06409484864606,41
6,99.5,97.20120888800116,46
7,96.5,95.98768460157193,54
8,62.5,87.31773847064744,56
9,21.5,9.948622456909899,96
10,22.0,10.519994366875876,100
