,real_%top,predicted_%top,index
0,93.8,90.2542472202745,8
1,99.3,99.86464438984962,16
2,96.5,93.35344841621259,27
3,99.5,98.63151553842116,47
4,62.0,69.03012198101895,54
5,98.0,96.78948959621623,57
6,98.0,95.63277574101124,62
7,79.0,80.49875576121434,71
8,22.0,23.029062046578193,99
9,6.5,5.006005966367686,102
