,real_%top,predicted_%top,index
0,99.95,98.5573477146908,10
1,57.0,66.76206255454156,29
2,10.0,22.039913919547406,32
3,99.5,86.33770976710444,38
4,98.5,94.2149219650068,45
5,62.0,74.24463250540911,55
6,97.0,96.34590725911613,67
7,98.0,103.14701554559275,75
8,45.5,27.457699097183717,89
9,66.5,79.72716663868944,99
