,real_%top,predicted_%top,index
0,92.15,82.36363636363635,0
1,98.0,94.39827586206894,13
2,99.9,94.39827586206894,17
3,71.0,84.61785714285713,18
4,34.5,36.50000000000005,24
5,21.5,21.000000000000014,29
6,98.5,82.36363636363635,44
7,74.5,94.39827586206894,68
8,81.0,82.36363636363635,73
9,45.0,48.875000000000036,91
