,real_%top,predicted_%top,index
0,71.0,57.06999695024172,19
1,97.5,87.99608890490587,20
2,51.5,95.80548585948,23
3,64.0,70.06813582712593,33
4,95.5,85.05594214760646,59
5,68.5,58.09304592528308,60
6,8.0,23.134643386494638,64
7,63.0,66.09526088239082,88
8,20.0,23.851816983150727,95
9,9.0,29.95497337316856,98
