,real_%top,predicted_%top,index
0,99.95,98.23365178571429,10
1,57.0,76.0593015873016,29
2,10.0,22.75718452380952,32
3,99.5,93.0224130952381,38
4,98.5,92.25906587301586,45
5,62.0,76.11769444444445,55
6,97.0,90.2333357142857,67
7,98.0,95.09059642857143,75
8,45.5,24.198795634920636,89
9,66.5,79.60213690476189,99
