,real_%top,predicted_%top,index
0,93.8,90.86075178571431,8
1,99.3,99.14390257936513,16
2,96.5,93.30372698412702,27
3,99.5,97.80323809523809,47
4,62.0,70.82203849206347,54
5,98.0,94.99652023809521,57
6,98.0,91.50192857142858,62
7,79.0,81.91918015873016,71
8,22.0,19.77560317460318,99
9,6.5,12.47088095238096,102
