,real_%top,predicted_%top,index
0,7.0,21.42884237247244,10
1,99.95,78.61332433776612,11
2,97.5,95.35862111588673,19
3,99.0,83.36712590582913,26
4,94.0,95.35862111588673,35
5,99.5,92.69874425296275,37
6,31.5,21.414057116062185,39
7,59.5,83.24532400202492,56
8,96.5,92.69874425296275,60
9,95.5,97.66328836725795,85
