,real_%top,predicted_%top,index
0,99.95,92.42961700168325,5
1,98.45,85.16379163964069,6
2,99.0,97.53104564707226,15
3,99.3,97.53104564707226,17
4,99.5,91.77587216641163,35
5,36.5,22.219525054349383,43
6,97.0,79.10055391843012,44
7,99.0,76.3829273696865,82
8,98.5,91.411644804924,83
9,48.5,75.2467343337671,94
10,6.5,21.416579166903492,103
