,real_%top,predicted_%top,index
0,92.0,77.00488208966537,1
1,99.95,95.50863106392451,7
2,86.5,92.58040870809907,21
3,10.0,21.52935792381554,31
4,97.0,74.68351256876267,43
5,99.5,95.56458264814248,45
6,82.0,92.55514400221674,51
7,68.5,91.4445352683584,59
8,78.0,96.4712454652849,76
9,45.5,21.52935792381554,88
10,5.0,21.52935792381554,101
