,real_%top,predicted_%top,index
0,93.8,100.00290504003144,8
1,99.3,100.11285767775247,16
2,96.5,84.37073769351964,27
3,99.5,94.8754730122709,47
4,62.0,56.719673441352946,54
5,98.0,96.75379427247856,57
6,98.0,87.74679865496454,62
7,79.0,80.86478999455858,71
8,22.0,20.141333004091376,99
9,6.5,18.227949992131528,102
