,real_%top,predicted_%top,index
0,91.85,82.80572053560716,3
1,98.5,97.87671021269531,16
2,88.0,83.9199496542468,62
3,95.5,89.30177226977196,70
4,79.0,81.95264247833884,72
5,99.5,97.03953351822062,80
6,98.5,91.60915126997575,84
7,98.0,95.0031401751288,87
8,44.5,67.60956357662586,91
9,30.0,16.262614304714276,97
