,real_%top,predicted_%top,index
0,98.45,93.5892529045342,5
1,99.7,96.84417383461653,6
2,70.5,81.07553764933374,20
3,57.0,82.44424802756066,28
4,54.0,79.89315762986195,30
5,23.5,16.73470824272931,33
6,36.5,59.767119552358906,42
7,97.5,85.02011665080555,67
8,95.5,86.40254544839537,69
9,98.5,91.95939133954553,83
