,real_%top,predicted_%top,index
0,82.0,84.85175694834324,38
1,98.5,89.4835222195348,46
2,8.0,36.32005289994693,63
3,85.0,81.28682600284006,64
4,81.5,81.52021906726853,70
5,78.0,74.98726961295813,72
6,98.5,92.23245245480364,84
7,98.0,95.73677885137056,86
8,20.0,4.400089513998424,94
9,9.0,22.740899061847117,97
