,real_%top,predicted_%top,index
0,99.0,75.84278342215306,27
1,96.5,82.390446842774,28
2,99.5,91.43812018678867,48
3,99.0,90.62205769861323,50
4,98.0,85.48939039962103,63
5,81.0,83.3636155329415,74
6,78.0,95.89728380980853,77
7,45.0,68.05436422330038,92
8,11.0,19.126128742744598,101
9,5.0,21.60128834778942,102
