,real_%top,predicted_%top,index
0,7.0,45.12685961840103,10
1,99.95,90.82353822210507,11
2,97.5,84.94763574388779,19
3,99.0,70.13804232479032,26
4,94.0,86.53785024875717,35
5,99.5,95.37407165688319,37
6,31.5,34.013832199583014,39
7,59.5,73.6384486353538,56
8,96.5,90.81072390431177,60
9,95.5,94.15434352676303,85
