,real_%top,predicted_%top,index
0,99.7,99.69200424719969,7
1,54.0,81.0683760526579,31
2,82.0,90.19924101079579,39
3,15.0,29.31810525226677,42
4,99.5,90.76104348109034,49
5,96.5,89.5101586365132,61
6,85.0,76.7276408504574,65
7,78.0,85.95866781136267,73
8,96.0,95.08953276950056,79
9,39.5,68.92563671637997,93
