,real_%top,predicted_%top,index
0,7.0,21.342823090180445,11
1,99.75,92.94709337054363,13
2,99.9,95.79128039810051,18
3,98.5,91.48710327526447,26
4,94.0,81.19096359751187,36
5,99.5,91.67111350829937,41
6,99.5,92.83419553780426,46
7,96.5,91.50492777629499,54
8,62.5,75.56385472099079,56
9,21.5,21.18826753462489,96
10,22.0,21.18826753462489,100
