,real_%top,predicted_%top,index
0,91.85,57.25615394368675,2
1,99.75,99.92480064844945,12
2,51.5,94.48451360204844,22
3,64.0,60.71116261871718,32
4,96.5,98.91399585564416,52
5,97.0,91.98336426148957,66
6,99.0,86.70742751244586,75
7,97.0,86.34156951029948,77
8,39.5,48.80749415257219,92
9,30.0,6.112208783510004,96
10,11.0,24.82382724241294,100
