,real_%top,predicted_%top,index
0,7.0,16.75000000000004,10
1,99.95,81.76428571428569,11
2,97.5,94.86249999999998,19
3,99.0,81.76428571428569,26
4,94.0,94.86249999999998,35
5,99.5,94.07037037037036,37
6,31.5,16.75000000000004,39
7,59.5,85.9730769230769,56
8,96.5,94.07037037037036,60
9,95.5,94.07037037037036,85
