,real_%top,predicted_%top,index
0,99.7,95.66896866720526,7
1,54.0,67.63617995516327,31
2,82.0,87.25127476297132,39
3,15.0,27.242824119126194,42
4,99.5,87.25127476297132,49
5,96.5,88.11289769423547,61
6,85.0,87.76655917048474,65
7,78.0,81.92931505127456,73
8,96.0,98.24994073789455,79
9,39.5,48.48183232786743,93
