,real_%top,predicted_%top,index
0,92.15,75.02783398474229,1
1,91.4,92.30553375744651,4
2,93.8,99.90926181764692,9
3,70.5,91.75275972740715,21
4,21.5,22.331337107217497,30
5,83.5,72.96949577855118,51
6,91.0,94.6091917924595,66
7,74.5,96.93149870938777,69
8,99.0,96.096625024175,76
9,40.0,46.74815678427109,90
