,real_%top,predicted_%top,index
0,99.95,97.47388650320404,4
1,99.5,82.03821852425452,40
2,99.5,98.69308579745064,48
3,98.0,94.16230269467398,74
4,96.0,99.52239342859085,78
5,21.0,23.104767684400734,80
6,98.5,96.80178655444148,82
7,63.0,43.855796742822164,87
8,44.5,44.61138455913926,90
9,66.5,41.523388421059074,98
