,real_%top,predicted_%top,index
0,91.85,86.85153371210338,3
1,98.5,99.46202947805297,16
2,88.0,97.94181256193804,62
3,95.5,104.39007217027708,70
4,79.0,81.66505783388727,72
5,99.5,97.04068332878586,80
6,98.5,96.99852254134801,84
7,98.0,96.99852254134801,87
8,44.5,74.4091115281417,91
9,30.0,9.034407252783971,97
