,real_%top,predicted_%top,index
0,92.0,82.62906395052872,2
1,99.95,101.81415855714646,8
2,99.95,86.47426934818742,12
3,34.5,27.66657047987559,25
4,23.5,17.34629807404484,34
5,89.5,95.21219525954551,37
6,31.5,29.717709712747023,40
7,82.0,98.27904021869,52
8,59.5,73.90512482690245,57
9,81.5,83.04875687753113,71
10,98.5,94.60691623279928,85
