,real_%top,predicted_%top,index
0,92.15,86.0095787086322,1
1,91.4,81.85429295110869,4
2,93.8,95.14998164927941,9
3,70.5,81.9157492932433,21
4,21.5,19.88091032174168,30
5,83.5,77.97857971378527,51
6,91.0,86.5767508924492,66
7,74.5,86.85511929458174,69
8,99.0,86.90386691211906,76
9,40.0,4.027777202583408,90
