,real_%top,predicted_%top,index
0,99.95,106.46555123099557,4
1,99.5,92.78735246087042,40
2,99.5,87.76225695350863,48
3,98.0,103.66533192788644,74
4,96.0,96.328409418183,78
5,21.0,33.943705922786286,80
6,98.5,95.51372605947857,82
7,63.0,69.40484189171241,87
8,44.5,69.27286968646857,90
9,66.5,82.65197823078066,98
