,real_%top,predicted_%top,index
0,92.15,86.3486641638218,1
1,91.4,84.39854225774585,4
2,93.8,97.18168285116086,9
3,70.5,74.3971054769516,21
4,21.5,16.678060291983016,30
5,83.5,78.29475855629538,51
6,91.0,84.33921555372217,66
7,74.5,85.434497977002,69
8,99.0,88.6501776904297,76
9,40.0,11.086384536592107,90
