,real_%top,predicted_%top,index
0,99.95,93.80456175844628,10
1,57.0,60.25906720712903,29
2,10.0,23.360881912826578,32
3,99.5,101.81339113797236,38
4,98.5,94.27710452208518,45
5,62.0,60.69252925486266,55
6,97.0,74.59876056267026,67
7,98.0,94.9561967737534,75
8,45.5,23.268796579240416,89
9,66.5,58.66942106376671,99
