,real_%top,predicted_%top,index
0,99.95,102.25250350259961,4
1,99.5,99.58933755792533,40
2,99.5,98.55940845900139,48
3,98.0,96.70596438904447,74
4,96.0,85.74779497567788,78
5,21.0,26.816119267034658,80
6,98.5,96.79293378170851,82
7,63.0,53.60949094079154,87
8,44.5,53.39915785412654,90
9,66.5,99.65912012119597,98
