,real_%top,predicted_%top,index
0,92.15,91.87220243045628,1
1,91.4,90.94939208148102,4
2,93.8,91.62061273558379,9
3,70.5,97.02348282705007,21
4,21.5,18.59049643119621,30
5,83.5,72.76552723328506,51
6,91.0,95.50728416391948,66
7,74.5,97.00046902048902,69
8,99.0,94.86971794864247,76
9,40.0,47.11568769571697,90
