,real_%top,predicted_%top,index
0,82.0,90.89648577157821,38
1,98.5,90.32552252643124,46
2,8.0,25.8712550644849,63
3,85.0,78.25161727802846,64
4,81.5,84.67992209282203,70
5,78.0,80.4861841213064,72
6,98.5,93.04781197193147,84
7,98.0,94.77478120810588,86
8,20.0,6.706199629434579,94
9,9.0,18.543541813096255,97
