,real_%top,predicted_%top,index
0,82.0,76.90417534078372,38
1,98.5,100.12212241415438,46
2,8.0,21.703289441105845,63
3,85.0,98.7731828890034,64
4,81.5,61.27428595156754,70
5,78.0,60.01816579537477,72
6,98.5,97.81338848114123,84
7,98.0,95.9371880561059,86
8,20.0,22.19695634445974,94
9,9.0,8.011432475878662,97
