,real_%top,predicted_%top,index
0,93.8,94.74609285714281,8
1,99.3,99.1152380952381,16
2,96.5,87.80061071428575,27
3,99.5,98.67708874458874,47
4,62.0,70.27208055555555,54
5,98.0,89.42194523809523,57
6,98.0,89.79501190476192,62
7,79.0,84.34067499999998,71
8,22.0,19.459035714285715,99
9,6.5,10.816750000000003,102
