,real_%top,predicted_%top,index
0,99.95,98.37428095238096,10
1,57.0,79.49502380952381,29
2,10.0,21.915087301587306,32
3,99.5,92.76073730158731,38
4,98.5,92.9416424603175,45
5,62.0,78.65547619047621,55
6,97.0,89.37155555555557,67
7,98.0,93.21114087301588,75
8,45.5,22.85862896825397,89
9,66.5,79.02810436507937,99
