,real_%top,predicted_%top,index
0,7.0,39.81243320800032,11
1,99.75,98.24176806724476,13
2,99.9,99.66455631932662,18
3,98.5,79.70937898011978,26
4,94.0,86.54293092615174,36
5,99.5,91.54327642664539,41
6,99.5,91.56765878242697,46
7,96.5,90.4998430175935,54
8,62.5,71.10277455095088,56
9,21.5,1.879766613112281,96
10,22.0,5.317009942800084,100
