,real_%top,predicted_%top,index
0,91.85,86.42351224059969,2
1,99.75,97.41113287857654,12
2,51.5,86.25339151417846,22
3,64.0,82.0732841284974,32
4,96.5,95.13999947207984,52
5,97.0,85.2134858957889,66
6,99.0,88.87120639929972,75
7,97.0,101.99104941905489,77
8,39.5,60.08756269321444,92
9,30.0,17.465726175096634,96
10,11.0,18.95570100517918,100
