,real_%top,predicted_%top,index
0,7.0,21.92621501814117,10
1,99.95,80.40313871831655,11
2,97.5,93.41305065395792,19
3,99.0,79.39037523077668,26
4,94.0,76.13325276185473,35
5,99.5,92.91535759548114,37
6,31.5,21.89149452840325,39
7,59.5,71.95045378756228,56
8,96.5,92.3098252304225,60
9,95.5,97.71016048874813,85
