,real_%top,predicted_%top,index
0,82.0,91.49819590047106,38
1,98.5,90.40364491814893,46
2,8.0,23.676244068107906,63
3,85.0,76.469930485384,64
4,81.5,86.37454720242165,70
5,78.0,83.30335625207987,72
6,98.5,92.98425767427696,84
7,98.0,93.94625396495236,86
8,20.0,6.532951333084,94
9,9.0,16.752178972692775,97
