,real_%top,predicted_%top,index
0,99.0,70.70290967472818,27
1,96.5,78.99917079983234,28
2,99.5,93.17580021996687,48
3,99.0,91.54150320834654,50
4,98.0,85.79646397347686,63
5,81.0,85.32042817219573,74
6,78.0,97.13375959076654,77
7,45.0,56.04655777642898,92
8,11.0,22.464202934976555,101
9,5.0,23.735914503480615,102
