,real_%top,predicted_%top,index
0,93.8,98.35385811829802,8
1,99.3,98.35385811829802,16
2,96.5,93.13891447976984,27
3,99.5,90.48965445201856,47
4,62.0,76.19551942434425,54
5,98.0,80.01365142387968,57
6,98.0,83.8317834234151,62
7,79.0,87.69187904464285,71
8,22.0,15.893294619757597,99
9,6.5,16.47773060564967,102
