,real_%top,predicted_%top,index
0,99.95,87.58153846153847,10
1,57.0,87.58153846153847,29
2,10.0,16.366666666666646,32
3,99.5,87.58153846153847,38
4,98.5,87.58153846153847,45
5,62.0,87.58153846153847,55
6,97.0,87.58153846153847,67
7,98.0,87.58153846153847,75
8,45.5,16.366666666666646,89
9,66.5,87.58153846153847,99
