,real_%top,predicted_%top,index
0,98.45,93.20248984558793,5
1,99.7,98.48454734024841,6
2,70.5,86.16221666658355,20
3,57.0,86.95164010693263,28
4,54.0,87.4410665849216,30
5,23.5,20.202627108779467,33
6,36.5,54.469344054630376,42
7,97.5,82.45814063446628,67
8,95.5,82.90616950045268,69
9,98.5,91.65612416835424,83
