,real_%top,predicted_%top,index
0,91.85,81.70839326070308,3
1,98.5,99.5185889920708,16
2,88.0,83.65544316556597,62
3,95.5,87.3097261431767,70
4,79.0,83.35150084766605,72
5,99.5,96.60813155200748,80
6,98.5,92.43230273257561,84
7,98.0,95.04219574472053,87
8,44.5,67.01163905886301,91
9,30.0,9.021210034747497,97
