,real_%top,predicted_%top,index
0,99.95,94.63545262525172,4
1,99.5,91.94330465446228,40
2,99.5,94.61184502476576,48
3,98.0,93.21713058327614,74
4,96.0,93.92891938279544,78
5,21.0,20.691104308844757,80
6,98.5,93.90138639605767,82
7,63.0,76.42420800097825,87
8,44.5,76.37907385278393,90
9,66.5,94.36732934461882,98
