,real_%top,predicted_%top,index
0,91.85,84.09235094398139,3
1,98.5,97.79118795716059,16
2,88.0,83.6639060821403,62
3,95.5,85.88776334641315,70
4,79.0,84.88286949328126,72
5,99.5,97.04949430855102,80
6,98.5,93.16592516469316,84
7,98.0,95.59315587960432,87
8,44.5,69.90074742376262,91
9,30.0,17.894522779677857,97
