,real_%top,predicted_%top,index
0,98.45,93.27850901318698,5
1,99.7,99.56314449501451,6
2,70.5,80.38112627940494,20
3,57.0,84.7168439011064,28
4,54.0,84.63794434338624,30
5,23.5,20.372740392564154,33
6,36.5,58.54710695240878,42
7,97.5,83.72272321817891,67
8,95.5,85.06434468591529,69
9,98.5,90.66040798761283,83
