,real_%top,predicted_%top,index
0,82.0,92.60788122480218,38
1,98.5,95.68473232451547,46
2,8.0,22.231286625179536,63
3,85.0,79.25258645218965,64
4,81.5,78.35207244194335,70
5,78.0,74.54849566821908,72
6,98.5,94.31013799438358,84
7,98.0,94.40726012931697,86
8,20.0,21.990097472114464,94
9,9.0,21.990097472114464,97
