,real_%top,predicted_%top,index
0,99.95,103.98964713969366,5
1,98.45,90.92396600616551,6
2,99.0,97.04993707919078,15
3,99.3,97.06765987196107,17
4,99.5,98.66695806415328,35
5,36.5,52.93089853153069,43
6,97.0,83.39871264427288,44
7,99.0,83.76095656638822,82
8,98.5,91.65497135451747,83
9,48.5,68.04413579418235,94
10,6.5,17.785452999710074,103
