,real_%top,predicted_%top,index
0,7.0,25.301854273113562,11
1,99.75,105.69534259045442,13
2,99.9,98.61934926389603,18
3,98.5,77.37871449596486,26
4,94.0,93.64675454938717,36
5,99.5,100.94321652185933,41
6,99.5,99.88700483553416,46
7,96.5,100.81618316702921,54
8,62.5,51.79915586310579,56
9,21.5,11.470567458785085,96
10,22.0,13.985342662584882,100
