,real_%top,predicted_%top,index
0,91.85,91.10857995742201,2
1,99.75,101.21167542081605,12
2,51.5,84.9212299018782,22
3,64.0,55.93154754495535,32
4,96.5,98.35473610115582,52
5,97.0,74.81702024483945,66
6,99.0,95.35732372276193,75
7,97.0,98.17830821063629,77
8,39.5,44.584487986922795,92
9,30.0,31.247142610434825,96
10,11.0,33.49663442403191,100
