,real_%top,predicted_%top,index
0,99.95,105.32026462483303,4
1,99.5,93.481702672856,40
2,99.5,90.54532282935301,48
3,98.0,101.1330094114277,74
4,96.0,93.88550114779103,78
5,21.0,27.79596719829489,80
6,98.5,95.0274251423156,82
7,63.0,66.22243134387774,87
8,44.5,66.14531429748271,90
9,66.5,84.65414149128146,98
