,real_%top,predicted_%top,index
0,99.95,105.3359375,4
1,99.5,93.4921875,40
2,99.5,90.5546875,48
3,98.0,101.140625,74
4,96.0,93.8984375,78
5,21.0,27.8125,80
6,98.5,95.0390625,82
7,63.0,66.234375,87
8,44.5,66.15625,90
9,66.5,84.6640625,98
