,real_%top,predicted_%top,index
0,91.4,85.96927,3
1,99.0,85.98525,14
2,23.0,24.013672,23
3,98.5,86.06189,25
4,99.0,85.97723,49
5,88.0,86.02375,61
6,91.0,86.0591,65
7,99.5,86.109055,79
8,99.0,86.11167,81
9,48.5,26.907185,93
10,21.5,14.385769,95
