,real_%top,predicted_%top,index
0,92.0,90.43775,1
1,99.95,90.4818,7
2,99.95,90.53744,11
3,34.5,22.974352,24
4,23.5,23.036238,33
5,89.5,90.517235,36
6,31.5,23.044569,39
7,82.0,90.52261,51
8,59.5,90.423706,56
9,81.5,90.469246,70
10,98.5,90.495705,84
