,real_%top,predicted_%top,index
0,91.4,84.205666,3
1,99.0,84.23412,14
2,23.0,12.698403,23
3,98.5,84.25112,25
4,99.0,84.25465,49
5,88.0,84.25097,61
6,91.0,84.167,65
7,99.5,95.289215,79
8,99.0,95.2234,81
9,48.5,84.164825,93
10,21.5,11.390698,95
