,real_%top,predicted_%top,index
0,91.4,85.969284,3
1,99.0,85.98525,14
2,23.0,24.013662,23
3,98.5,86.0619,25
4,99.0,85.97724,49
5,88.0,86.02375,61
6,91.0,86.0591,65
7,99.5,86.109055,79
8,99.0,86.11167,81
9,48.5,26.907173,93
10,21.5,14.385763,95
