,real_%top,predicted_%top,index
0,71.0,87.41657340547646,19
1,97.5,84.31926694439231,20
2,51.5,82.16263671787344,23
3,64.0,57.67163289700274,33
4,95.5,89.31384202468892,59
5,68.5,86.93582545939452,60
6,8.0,20.773795287325395,64
7,63.0,44.35920691631118,88
8,20.0,23.275049213358756,95
9,9.0,6.78088784468293,98
