,real_%top,predicted_%top,index
0,92.15,94.24388719954855,0
1,98.0,100.82222443535095,13
2,99.9,97.36961977707725,17
3,71.0,68.47845720214309,18
4,34.5,15.682857819045557,24
5,21.5,18.61684180605076,29
6,98.5,93.59157036449585,44
7,74.5,97.1319090019077,68
8,81.0,77.92697290228571,73
9,45.0,46.47292298770833,91
