,real_%top,predicted_%top,index
0,71.0,89.74848484848484,19
1,97.5,89.74848484848484,20
2,51.5,89.74848484848484,23
3,64.0,89.74848484848484,33
4,95.5,89.74848484848484,59
5,68.5,89.74848484848484,60
6,8.0,19.92857142857129,64
7,63.0,89.7484848484849,88
8,20.0,19.928571428571402,95
9,9.0,19.928571428571402,98
