,real_%top,predicted_%top,index
0,92.15,80.31857476591512,0
1,98.0,97.47250481543922,13
2,99.9,98.27600794104168,17
3,71.0,77.0092900781055,18
4,34.5,21.315315915270972,24
5,21.5,20.453657441950813,29
6,98.5,93.02708643062863,44
7,74.5,97.40577951685151,68
8,81.0,71.7677021204405,73
9,45.0,77.5475176972807,91
