,real_%top,predicted_%top,index
0,71.0,79.58643827559116,19
1,97.5,94.71383894443194,20
2,51.5,95.37944454422022,23
3,64.0,75.63048236186265,33
4,95.5,75.40228526744053,59
5,68.5,91.26166468972897,60
6,8.0,24.116331173341624,64
7,63.0,70.36497151537517,88
8,20.0,23.61768738249195,95
9,9.0,23.61768738249195,98
