,real_%top,predicted_%top,index
0,71.0,78.73538894999766,19
1,97.5,95.07125810950338,20
2,51.5,95.41472749131694,23
3,64.0,75.28992672508808,33
4,95.5,77.2629723093284,59
5,68.5,91.68353939791656,60
6,8.0,24.482692719246124,64
7,63.0,76.23909271939864,88
8,20.0,24.482692719246124,95
9,9.0,24.482692719246124,98
