,real_%top,predicted_%top,index
0,92.15,78.47683261254778,0
1,98.0,97.56940288451007,13
2,99.9,97.88165506704976,17
3,71.0,78.84505093748265,18
4,34.5,24.39883176065382,24
5,21.5,21.500108488578466,29
6,98.5,93.71958304413991,44
7,74.5,97.06368045635861,68
8,81.0,70.84048676444901,73
9,45.0,72.5229445056805,91
