,real_%top,predicted_%top,index
0,91.85,64.13664392413139,3
1,98.5,98.46199515958753,16
2,88.0,90.40325507341385,62
3,95.5,94.82562120671078,70
4,79.0,74.81689616919029,72
5,99.5,91.34275688119071,80
6,98.5,92.87966584167464,84
7,98.0,92.82042683068563,87
8,44.5,65.97478813963808,91
9,30.0,15.842159071986668,97
