,real_%top,predicted_%top,index
0,98.45,92.89740556179933,5
1,99.7,94.39810520718318,6
2,70.5,90.87624267986914,20
3,57.0,78.91891745615497,28
4,54.0,73.44633632894883,30
5,23.5,21.688097654431058,33
6,36.5,22.317069869715773,42
7,97.5,92.42185483813573,67
8,95.5,91.19619050524639,69
9,98.5,95.09111217838532,83
