,real_%top,predicted_%top,index
0,92.0,86.53062147381162,2
1,99.95,99.15865470052792,8
2,99.95,91.09388037103261,12
3,34.5,39.13890557937144,25
4,23.5,14.008613869104579,34
5,89.5,86.52101775602434,37
6,31.5,22.37208412124231,40
7,82.0,90.76601598329437,52
8,59.5,76.02275395183284,57
9,81.5,83.41224049287965,71
10,98.5,92.24617687986601,85
