,real_%top,predicted_%top,index
0,91.4,87.42440269075296,3
1,99.0,97.23515843595821,14
2,23.0,17.90405962727246,23
3,98.5,87.88794683814989,25
4,99.0,91.84714995487178,49
5,88.0,82.29153342108904,61
6,91.0,83.72910556925473,65
7,99.5,95.35025442797338,79
8,99.0,89.60782279638887,81
9,48.5,59.905026347927745,93
10,21.5,2.329445860340826,95
