,real_%top,predicted_%top,index
0,92.0,85.73471019725247,2
1,99.95,104.91519935785615,8
2,99.95,88.4527180448403,12
3,34.5,40.87453098981228,25
4,23.5,18.376252169723443,34
5,89.5,93.7428057740643,37
6,31.5,31.14217007924894,40
7,82.0,97.57374829676363,52
8,59.5,72.80095536633536,57
9,81.5,84.9665840413872,71
10,98.5,92.98494866306129,85
