,real_%top,predicted_%top,index
0,92.15,83.60474004693053,1
1,91.4,84.25955251067529,4
2,93.8,93.94634227198941,9
3,70.5,80.23917175124635,21
4,21.5,19.073993723365106,30
5,83.5,76.40830210467895,51
6,91.0,84.42965283865598,66
7,74.5,85.15250211336864,69
8,99.0,87.88168158526318,76
9,40.0,6.754186707739791,90
