,real_%top,predicted_%top,index
0,99.95,106.38932797845608,4
1,99.5,95.78282547014011,40
2,99.5,90.29582491766307,48
3,98.0,100.7217227038301,74
4,96.0,91.46721047496048,78
5,21.0,32.258985201254944,80
6,98.5,96.64759479370821,82
7,63.0,75.22144133551966,87
8,44.5,75.07733829070713,90
9,66.5,87.36133332855542,98
