,real_%top,predicted_%top,index
0,91.85,89.33074892629914,2
1,99.75,99.8150030005157,12
2,51.5,95.40247600611768,22
3,64.0,56.700137453255,32
4,96.5,95.37129628655896,52
5,97.0,76.38610810702887,66
6,99.0,91.30281748425581,75
7,97.0,95.26216458325854,77
8,39.5,48.11909401334807,92
9,30.0,8.862227949581087,96
10,11.0,8.961643629167737,100
