,real_%top,predicted_%top,index
0,92.0,87.35909090909094,2
1,99.95,87.35909090909094,8
2,99.95,87.35909090909094,12
3,34.5,38.25000000000013,25
4,23.5,18.57142857142847,34
5,89.5,87.35909090909094,37
6,31.5,18.57142857142847,40
7,82.0,87.35909090909094,52
8,59.5,87.35909090909094,57
9,81.5,87.35909090909094,71
10,98.5,87.35909090909094,85
