,real_%top,predicted_%top,index
0,91.4,84.67426433919076,3
1,99.0,99.55578955086338,14
2,23.0,29.57454132938922,23
3,98.5,88.78693731281763,25
4,99.0,88.78693731281763,49
5,88.0,89.32224618581151,61
6,91.0,93.23356058667679,65
7,99.5,94.67687792887115,79
8,99.0,94.15228092735836,81
9,48.5,63.33594485740712,93
10,21.5,-9.155564158517308,95
