,real_%top,predicted_%top,index
0,92.0,87.1509357142857,2
1,99.95,96.5449261904762,8
2,99.95,94.51360714285717,12
3,34.5,30.92782142857142,25
4,23.5,20.796744047619043,34
5,89.5,86.58544484126983,37
6,31.5,22.80959523809524,40
7,82.0,84.15877619047619,52
8,59.5,69.19484523809523,57
9,81.5,82.24815674603173,71
10,98.5,97.24346785714282,85
