,real_%top,predicted_%top,index
0,91.4,82.0192369047619,3
1,99.0,98.77607083333336,14
2,23.0,28.53191468253968,23
3,98.5,87.9684910714286,25
4,99.0,96.42092857142856,49
5,88.0,85.08357738095236,61
6,91.0,91.68498214285715,65
7,99.5,94.38794246031745,79
8,99.0,94.08704047619045,81
9,48.5,49.861035714285734,93
10,21.5,18.16607738095238,95
