,real_%top,predicted_%top,index
0,92.0,82.70052226423809,2
1,99.95,89.0721435901154,8
2,99.95,104.53952543475091,12
3,34.5,17.477795946794664,25
4,23.5,15.81335685796806,34
5,89.5,84.00188419325168,37
6,31.5,29.235327868370494,40
7,82.0,85.81121286838761,52
8,59.5,66.61321775903036,57
9,81.5,82.9617298222022,71
10,98.5,99.52853324893164,85
