,real_%top,predicted_%top,index
0,98.0,97.97932725582706,14
1,86.5,90.12273814122872,22
2,23.0,20.185382095582508,24
3,98.5,97.12818959796749,47
4,96.5,95.76230621877846,53
5,98.0,92.0878104958964,58
6,97.5,95.83954517942428,68
7,97.0,91.58130507886509,78
8,21.0,20.100291186491596,81
9,95.5,96.3619509146239,86
