,real_%top,predicted_%top,index
0,99.95,97.06824184736674,9
1,98.5,97.89400899627174,15
2,99.5,90.99170908820328,34
3,89.5,88.58776140100483,36
4,15.0,20.77424420421526,41
5,83.5,78.80653501061244,50
6,96.5,90.55228103181521,53
7,62.5,74.84065917361615,55
8,95.5,78.92975928271544,58
9,40.0,22.760882223140783,89
