,real_%top,predicted_%top,index
0,99.95,96.78318630952384,5
1,98.45,87.80898035714284,6
2,99.0,98.28786428571426,15
3,99.3,98.46744999999999,17
4,99.5,96.76816904761908,35
5,36.5,16.463738095238092,43
6,97.0,85.65153293650796,44
7,99.0,90.89697499999998,82
8,98.5,94.63995317460318,83
9,48.5,48.917874999999995,94
10,6.5,10.078444444444447,103
