,real_%top,predicted_%top,index
0,92.0,77.21869285714286,1
1,99.95,97.34112619047619,7
2,86.5,93.13794285714286,21
3,10.0,22.548833333333338,31
4,97.0,85.26553730158729,43
5,99.5,97.17185714285715,45
6,82.0,93.09169285714285,51
7,68.5,94.08626626984127,59
8,78.0,97.22158690476188,76
9,45.5,22.447305555555555,88
10,5.0,9.74622023809524,101
