,real_%top,predicted_%top,index
0,92.15,79.72815456349207,1
1,91.4,79.02352123015874,4
2,93.8,87.0751095238095,9
3,70.5,88.00073988095241,21
4,21.5,22.31831944444444,30
5,83.5,72.83827023809523,51
6,91.0,92.69678841991343,66
7,74.5,96.91886507936506,69
8,99.0,92.05010595238093,76
9,40.0,32.431956349206345,90
