,real_%top,predicted_%top,index
0,99.95,98.68467976190473,4
1,99.5,97.0759742063492,40
2,99.5,97.10735396825397,48
3,98.0,97.98088452380951,74
4,96.0,91.52774761904757,78
5,21.0,11.64220238095238,80
6,98.5,96.36357499999997,82
7,63.0,54.5725003968254,87
8,44.5,54.1887503968254,90
9,66.5,82.1007384920635,98
