,real_%top,predicted_%top,index
0,92.0,91.94299160746411,2
1,99.95,90.42156515842827,8
2,99.95,101.91127236026495,12
3,34.5,19.52090983960699,25
4,23.5,20.558564586979564,34
5,89.5,84.76122635975402,37
6,31.5,25.70158571096691,40
7,82.0,92.19539293852041,52
8,59.5,66.40335249335945,57
9,81.5,94.06304133898561,71
10,98.5,98.86318967695371,85
