,real_%top,predicted_%top,index
0,91.4,92.56678108447755,3
1,99.0,99.30001271482102,14
2,23.0,-1.4358949170414677,23
3,98.5,80.01492701986281,25
4,99.0,94.07741230063603,49
5,88.0,87.05064680772615,61
6,91.0,92.99471896191346,65
7,99.5,98.77513394555878,79
8,99.0,99.00256000567445,81
9,48.5,42.68680293153673,93
10,21.5,9.020993071082087,95
