,real_%top,predicted_%top,index
0,99.95,104.14316471793018,5
1,98.45,91.20807267221068,6
2,99.0,97.01828736722916,15
3,99.3,96.98914722594618,17
4,99.5,100.72436754311867,35
5,36.5,55.413732639309146,43
6,97.0,84.76447102056115,44
7,99.0,84.3922973966648,82
8,98.5,92.20741295406933,83
9,48.5,64.63909798457425,94
10,6.5,19.604407549469386,103
