,real_%top,predicted_%top,index
0,92.0,83.0377824031485,1
1,99.95,102.72232004341889,7
2,86.5,84.56173684684079,21
3,10.0,11.844324412522468,31
4,97.0,84.95666011055567,43
5,99.5,93.98428094050925,45
6,82.0,98.2185182909748,51
7,68.5,88.2842470108613,59
8,78.0,97.65961256924905,76
9,45.5,-10.811298736576603,88
10,5.0,19.018645998411273,101
