,real_%top,predicted_%top,index
0,99.95,97.06805495817615,9
1,98.5,97.06805495817615,15
2,99.5,94.99977666574149,34
3,89.5,83.71110349219681,36
4,15.0,19.492596152315574,41
5,83.5,83.71110349219681,50
6,96.5,77.21010374059657,53
7,62.5,78.87135645183785,55
8,95.5,94.99977666574149,58
9,40.0,34.42389189892767,89
