,real_%top,predicted_%top,index
0,98.0,97.73715942107498,14
1,86.5,86.0481411406467,22
2,23.0,22.496029839330784,24
3,98.5,92.78018788186246,47
4,96.5,92.78018788186246,53
5,98.0,94.9890731880662,58
6,97.5,92.78018788186246,68
7,97.0,97.73715942107498,78
8,21.0,22.48505581335676,81
9,95.5,97.73715942107498,86
