,real_%top,predicted_%top,index
0,99.95,98.71003275205184,4
1,99.5,97.39599527070152,40
2,99.5,97.58352309704183,48
3,98.0,98.02213952416047,74
4,96.0,92.03151338522589,78
5,21.0,18.79163305921375,80
6,98.5,98.07455560807655,82
7,63.0,65.48859407187027,87
8,44.5,65.48859407187027,90
9,66.5,98.53433083799369,98
