,real_%top,predicted_%top,index
0,92.15,66.02841063936063,1
1,91.4,71.81075030924958,4
2,93.8,80.15248674038382,9
3,70.5,92.29788470438872,21
4,21.5,23.122280021449132,30
5,83.5,77.08063293312082,51
6,91.0,90.11501351231328,66
7,74.5,95.737482786748,69
8,99.0,89.46361726308822,76
9,40.0,25.555020381089502,90
