,real_%top,predicted_%top,index
0,99.95,97.12299824730006,9
1,98.5,98.2212628993147,15
2,99.5,95.6421251541179,34
3,89.5,70.15326444735821,36
4,15.0,20.6564593009115,41
5,83.5,78.12051157853585,50
6,96.5,95.5954507359707,53
7,62.5,64.20738044941169,55
8,95.5,87.36719174363218,58
9,40.0,23.222329493219185,89
