,real_%top,predicted_%top,index
0,98.0,99.034775443878,14
1,86.5,88.02057423552759,22
2,23.0,23.910182061565887,24
3,98.5,98.65870675533618,47
4,96.5,98.56233217505536,53
5,98.0,91.92543454396913,58
6,97.5,91.97477598888042,68
7,97.0,89.4502423798832,78
8,21.0,17.893474975759535,81
9,95.5,97.66555536832452,86
