,real_%top,predicted_%top,index
0,91.4,93.01820103345246,3
1,99.0,98.86176362216396,14
2,23.0,24.820379094960213,23
3,98.5,95.52288226013403,25
4,99.0,99.77833600403437,49
5,88.0,86.25011300052502,61
6,91.0,96.84346800059967,65
7,99.5,97.79705979978587,79
8,99.0,99.15996582039958,81
9,48.5,39.78230105928454,93
10,21.5,12.387589715844543,95
