,real_%top,predicted_%top,index
0,92.0,85.374690353951,2
1,99.95,101.47182723944475,8
2,99.95,100.82684928195239,12
3,34.5,29.930812003796007,25
4,23.5,23.054669812241215,34
5,89.5,71.15738221850852,37
6,31.5,21.25471516364812,40
7,82.0,85.48705878897039,52
8,59.5,65.3886319143835,57
9,81.5,78.48421532948596,71
10,98.5,98.69217060158786,85
