,real_%top,predicted_%top,index
0,92.15,86.38604315643767,0
1,98.0,98.16154946479496,13
2,99.9,96.0935676628819,17
3,71.0,72.59823152691634,18
4,34.5,41.16000173520658,24
5,21.5,19.17754557748701,29
6,98.5,91.35034094729622,44
7,74.5,85.07735064274313,68
8,81.0,81.49997934425623,73
9,45.0,65.55928433542184,91
