,real_%top,predicted_%top,index
0,71.0,70.23075524828027,19
1,97.5,89.43037617082628,20
2,51.5,81.08374266511677,23
3,64.0,78.60262189749763,33
4,95.5,81.69323616534663,59
5,68.5,89.0815925639585,60
6,8.0,27.41298961526256,64
7,63.0,67.303525619375,88
8,20.0,9.820835059978123,95
9,9.0,23.27786302056319,98
