,real_%top,predicted_%top,index
0,99.95,93.9800681528267,5
1,98.45,86.26471291625043,6
2,99.0,97.04751807924833,15
3,99.3,96.99066580652106,17
4,99.5,91.87048068602151,35
5,36.5,21.979483525053375,43
6,97.0,77.81511035149491,44
7,99.0,81.09867037007108,82
8,98.5,92.66819396169917,83
9,48.5,65.35512253742986,94
10,6.5,20.567390451460305,103
