,real_%top,predicted_%top,index
0,92.0,78.92329048457562,1
1,99.95,97.92309615363997,7
2,86.5,97.22140409797457,21
3,10.0,23.139647457826833,31
4,97.0,84.71905624330734,43
5,99.5,94.48782386057572,45
6,82.0,97.16320380937428,51
7,68.5,93.2693743953759,59
8,78.0,96.35955770107088,76
9,45.5,20.531066275936823,88
10,5.0,19.80255349623287,101
