,real_%top,predicted_%top,index
0,99.0,85.508064,26
1,96.5,85.54393,27
2,99.5,85.598145,47
3,99.0,85.57469,49
4,98.0,85.54854,62
5,81.0,85.459366,73
6,78.0,85.50577,76
7,45.0,28.634426,91
8,11.0,28.227228,100
9,5.0,28.032797,101
