,real_%top,predicted_%top,index
0,82.0,93.177734,38
1,98.5,93.17488,46
2,8.0,92.390915,63
3,85.0,93.23358,64
4,81.5,93.14088,70
5,78.0,63.40146,72
6,98.5,93.258804,84
7,98.0,93.27289,86
8,20.0,20.380507,94
9,9.0,20.369091,97
