,real_%top,predicted_%top,index
0,82.0,85.76002,38
1,98.5,85.79047,46
2,8.0,49.440266,63
3,85.0,85.758644,64
4,81.5,95.40942,70
5,78.0,92.250916,72
6,98.5,95.71044,84
7,98.0,95.778015,86
8,20.0,38.75209,94
9,9.0,38.525997,97
