,real_%top,predicted_%top,index
0,82.0,93.17775,38
1,98.5,93.17488,46
2,8.0,92.390915,63
3,85.0,93.2336,64
4,81.5,93.140884,70
5,78.0,63.401478,72
6,98.5,93.25882,84
7,98.0,93.272896,86
8,20.0,20.380487,94
9,9.0,20.369072,97
