,real_%top,predicted_%top,index
0,99.95,97.39104463292368,9
1,98.5,96.77218612687042,15
2,99.5,102.431436848729,34
3,89.5,96.02263418825646,36
4,15.0,34.240775941882696,41
5,83.5,75.51518796390052,50
6,96.5,88.47236965891472,53
7,62.5,72.92695968646882,55
8,95.5,79.08256326480394,58
9,40.0,5.830796102861115,89
