,real_%top,predicted_%top,index
0,98.0,98.37034367729993,14
1,86.5,79.37708498239596,22
2,23.0,17.66856002737886,24
3,98.5,86.96816585091176,47
4,96.5,91.05292217728531,53
5,98.0,90.64250609535705,58
6,97.5,82.39730820484438,68
7,97.0,103.89130044975394,78
8,21.0,37.43373021191033,81
9,95.5,96.49872485466574,86
