,real_%top,predicted_%top,index
0,99.95,93.34602855886804,4
1,99.5,96.5098102223694,40
2,99.5,96.66536077690832,48
3,98.0,89.91138080175001,74
4,96.0,87.46730754627184,78
5,21.0,19.921372620311864,80
6,98.5,89.63183020651194,82
7,63.0,75.45133158572436,87
8,44.5,75.26433988886446,90
9,66.5,96.99394306878024,98
