,real_%top,predicted_%top,index
0,92.15,75.84870277223203,1
1,91.4,72.05013420260721,4
2,93.8,90.90986791549847,9
3,70.5,83.98858897890354,21
4,21.5,19.533992696403562,30
5,83.5,72.82582575144363,51
6,91.0,92.64454303301882,66
7,74.5,96.91237919571105,69
8,99.0,77.92185810605136,76
9,40.0,21.695283389263338,90
