,real_%top,predicted_%top,index
0,98.45,96.04001477240001,5
1,99.7,92.13602034321966,6
2,70.5,84.70014540739983,20
3,57.0,80.79615097821947,28
4,54.0,76.48288643710042,30
5,23.5,16.822617405828794,33
6,36.5,51.31194614432869,42
7,97.5,85.02126205603294,67
8,95.5,85.02126205603294,69
9,98.5,94.5119407498317,83
