,real_%top,predicted_%top,index
0,7.0,24.472509377287825,11
1,99.75,101.8104394218386,13
2,99.9,99.90730036674266,18
3,98.5,87.45350160677765,26
4,94.0,91.3804646020757,36
5,99.5,101.1266431573666,41
6,99.5,98.40727136110071,46
7,96.5,98.48480708826683,54
8,62.5,53.3245571440888,56
9,21.5,10.693074587160934,96
10,22.0,8.027911592854544,100
