,real_%top,predicted_%top,index
0,99.7,95.04634193454218,7
1,54.0,55.86129140283188,31
2,82.0,99.5071199138299,39
3,15.0,31.47031748242589,42
4,99.5,98.65352075844709,49
5,96.5,89.5667208429139,61
6,85.0,95.6018094031271,65
7,78.0,75.31707434585434,73
8,96.0,99.57585705172593,79
9,39.5,48.311595305525614,93
