,real_%top,predicted_%top,index
0,7.0,26.30237196855259,10
1,99.95,98.96867492378584,11
2,97.5,99.67424104264208,19
3,99.0,91.66416366920016,26
4,94.0,96.54220253714706,35
5,99.5,95.75699853069001,37
6,31.5,14.979052386891235,39
7,59.5,62.45459827024399,56
8,96.5,92.9189117005831,60
9,95.5,96.95815299907295,85
