,real_%top,predicted_%top,index
0,99.95,101.6778411683675,4
1,99.5,82.12080655009504,40
2,99.5,98.4916010662495,48
3,98.0,94.59685064363985,74
4,96.0,99.52940462329738,78
5,21.0,14.891593620751118,80
6,98.5,96.9214265109754,82
7,63.0,52.44456593013122,87
8,44.5,44.40090624935588,90
9,66.5,54.690926489963175,98
