,real_%top,predicted_%top,index
0,92.15,86.60846153846155,1
1,91.4,86.60846153846155,4
2,93.8,86.60846153846155,9
3,70.5,86.60846153846155,21
4,21.5,18.937499999999915,30
5,83.5,86.60846153846155,51
6,91.0,86.60846153846155,66
7,74.5,86.60846153846155,69
8,99.0,86.60846153846155,76
9,40.0,34.50000000000017,90
