,real_%top,predicted_%top,index
0,99.95,95.16276303086548,4
1,99.5,88.92066757387647,40
2,99.5,88.92066757387647,48
3,98.0,92.48185380300995,74
4,96.0,96.76005967412492,78
5,21.0,27.996656978654983,80
6,98.5,99.22964492938692,82
7,63.0,53.25830319525041,87
8,44.5,53.25830319525041,90
9,66.5,89.36392980067383,98
