,real_%top,predicted_%top,index
0,99.95,94.13865940417725,10
1,57.0,79.38759269064269,29
2,10.0,22.418485340639755,32
3,99.5,91.14364824697799,38
4,98.5,92.16922639130516,45
5,62.0,78.48432236513486,55
6,97.0,93.8047838195688,67
7,98.0,91.83353609426565,75
8,45.5,21.844086794741205,89
9,66.5,94.03359197976299,99
