,real_%top,predicted_%top,index
0,93.8,94.76446944538304,8
1,99.3,98.680558389119,16
2,96.5,94.4269152601763,27
3,99.5,94.75562404669206,47
4,62.0,75.19384084926511,54
5,98.0,92.81794388188138,57
6,98.0,88.21729386249717,62
7,79.0,78.24632473073453,71
8,22.0,21.150512180629832,99
9,6.5,20.973254244121893,102
