,real_%top,predicted_%top,index
0,93.8,95.99426223036978,8
1,99.3,96.85212090884337,16
2,96.5,81.12357819053803,27
3,99.5,93.28462160377875,47
4,62.0,73.6153920613169,54
5,98.0,93.1554198072582,57
6,98.0,84.68047413567598,62
7,79.0,84.17155670039897,71
8,22.0,10.961025045503888,99
9,6.5,18.482561417390457,102
