,real_%top,predicted_%top,index
0,91.85,87.31153846153846,3
1,98.5,87.31153846153846,16
2,88.0,87.31153846153846,62
3,95.5,87.31153846153846,70
4,79.0,87.31153846153846,72
5,99.5,87.31153846153846,80
6,98.5,87.31153846153846,84
7,98.0,87.31153846153846,87
8,44.5,87.31153846153853,91
9,30.0,19.000000000000014,97
