,real_%top,predicted_%top,index
0,98.45,93.88882028168146,5
1,99.7,89.22415713903266,6
2,70.5,86.51018573642052,20
3,57.0,81.84552259377172,28
4,54.0,80.3830301473529,30
5,23.5,14.145693157504894,33
6,36.5,52.27030207544594,42
7,97.5,86.77361835734,67
8,95.5,86.77361835734,69
9,98.5,95.426159671464,83
