,real_%top,predicted_%top,index
0,92.15,92.64746665109135,0
1,98.0,99.36481603089551,13
2,99.9,98.78536434638647,17
3,71.0,78.50315189391513,18
4,34.5,33.3249230494979,24
5,21.5,19.40934452449939,29
6,98.5,96.23829329360069,44
7,74.5,96.9991597935165,68
8,81.0,79.06135475555843,73
9,45.0,45.107666331822166,91
