,real_%top,predicted_%top,index
0,71.0,86.06098539663988,19
1,97.5,97.75739828232719,20
2,51.5,92.79039263354397,23
3,64.0,58.90575327674106,33
4,95.5,88.50569535235076,59
5,68.5,86.49253201192657,60
6,8.0,18.017614958495763,64
7,63.0,45.62378597020643,88
8,20.0,21.786284701200696,95
9,9.0,8.860967036467358,98
