,real_%top,predicted_%top,index
0,99.95,98.14833626823024,10
1,57.0,69.56670825705653,29
2,10.0,21.806046841021786,32
3,99.5,93.83319182695858,38
4,98.5,93.64624191744886,45
5,62.0,78.06343103840315,55
6,97.0,94.51414237558365,67
7,98.0,100.77275409922314,75
8,45.5,23.032478368381632,89
9,66.5,99.02935601923623,99
