,real_%top,predicted_%top,index
0,93.8,81.83296053502028,8
1,99.3,99.47650655689206,16
2,96.5,94.40648762796191,27
3,99.5,97.8239244294021,47
4,62.0,74.61337949580866,54
5,98.0,94.55730268373598,57
6,98.0,96.5233230097395,62
7,79.0,81.2216267725423,71
8,22.0,22.9294869658813,99
9,6.5,4.133382696097833,102
