,real_%top,predicted_%top,index
0,92.0,78.27445115468855,1
1,99.95,96.76890435977494,7
2,86.5,93.87709449985888,21
3,10.0,22.09919219789398,31
4,97.0,80.40039995352649,43
5,99.5,93.35814582154543,45
6,82.0,94.0217215221036,51
7,68.5,92.43408670888819,59
8,78.0,97.25901097402519,76
9,45.5,21.99361019166491,88
10,5.0,21.96285126309348,101
