,real_%top,predicted_%top,index
0,99.95,97.90788591984325,10
1,57.0,70.60541253236894,29
2,10.0,22.24323642810149,32
3,99.5,93.97358710639331,38
4,98.5,96.09489196903316,45
5,62.0,73.41682223098815,55
6,97.0,92.95774753838629,67
7,98.0,98.65404589597989,75
8,45.5,23.458180137692906,89
9,66.5,98.81646258538709,99
