,real_%top,predicted_%top,index
0,93.8,95.5713382762361,8
1,99.3,99.62606458070243,16
2,96.5,97.38001199883034,27
3,99.5,98.49238455539722,47
4,62.0,49.7006537470569,54
5,98.0,96.38401344894244,57
6,98.0,95.96972300355041,62
7,79.0,80.95580964943387,71
8,22.0,22.379497927673743,99
9,6.5,11.171074769694034,102
