,real_%top,predicted_%top,index
0,99.95,96.33834367854367,9
1,98.5,98.70835431414987,15
2,99.5,94.76064856116103,34
3,89.5,68.10030021115362,36
4,15.0,18.37575113162982,41
5,83.5,80.66575072958085,50
6,96.5,93.66479220450601,53
7,62.5,64.95456677653272,55
8,95.5,87.48387993117993,58
9,40.0,23.65359998334998,89
