,real_%top,predicted_%top,index
0,98.0,98.7863215875606,14
1,86.5,94.53074258188708,22
2,23.0,22.670914016539022,24
3,98.5,97.67501077970235,47
4,96.5,96.54194838159988,53
5,98.0,91.35376570978043,58
6,97.5,92.71650625599891,68
7,97.0,92.11190210153413,78
8,21.0,20.6718518981019,81
9,95.5,96.55292740707007,86
