,real_%top,predicted_%top,index
0,92.15,83.61416442881884,0
1,98.0,99.66456297700897,13
2,99.9,99.66456297700897,17
3,71.0,79.59364925993486,18
4,34.5,36.499999999999716,24
5,21.5,18.011674949392614,29
6,98.5,93.09151302836126,44
7,74.5,88.25859280199722,68
8,81.0,80.10830887062997,73
9,45.0,60.51639486210844,91
