,real_%top,predicted_%top,index
0,99.95,99.5951864008298,10
1,57.0,71.0420738369947,29
2,10.0,21.617311112532466,32
3,99.5,86.2249073867988,38
4,98.5,96.51069866384935,45
5,62.0,77.01789259999065,55
6,97.0,97.51430338071022,67
7,98.0,94.48442860627767,75
8,45.5,7.80130923550895,89
9,66.5,89.8026876087614,99
