,real_%top,predicted_%top,index
0,93.8,94.4730769230769,8
1,99.3,94.4730769230769,16
2,96.5,81.54642857142855,27
3,99.5,94.4730769230769,47
4,62.0,85.8433333333332,54
5,98.0,93.49285714285715,57
6,98.0,94.4730769230769,62
7,79.0,85.8433333333332,71
8,22.0,20.750000000000032,99
9,6.5,16.062500000000036,102
