,real_%top,predicted_%top,index
0,91.4,81.21836904761906,3
1,99.0,98.8344916666667,14
2,23.0,28.909761904761904,23
3,98.5,96.00448373015871,25
4,99.0,96.61506190476187,49
5,88.0,81.70795634920634,61
6,91.0,91.31612301587302,65
7,99.5,94.77684523809526,79
8,99.0,94.53835476190476,81
9,48.5,48.6790238095238,93
10,21.5,18.00496031746031,95
