,real_%top,predicted_%top,index
0,92.0,77.84512857142856,2
1,99.95,97.19212579365082,8
2,99.95,94.37151785714285,12
3,34.5,25.405130952380958,25
4,23.5,19.45447420634921,34
5,89.5,89.34732619047617,37
6,31.5,20.811059523809526,40
7,82.0,87.11099761904761,52
8,59.5,64.45263928571428,57
9,81.5,80.97427261904764,71
10,98.5,94.2053869047619,85
