,real_%top,predicted_%top,index
0,7.0,22.07705214945443,10
1,99.95,85.81919460417039,11
2,97.5,91.5573370101304,19
3,99.0,82.9785295266417,26
4,94.0,84.3179845711478,35
5,99.5,89.69665421284509,37
6,31.5,21.884733745636026,39
7,59.5,75.13296366244052,56
8,96.5,88.64614436117718,60
9,95.5,95.11081615120987,85
