,real_%top,predicted_%top,index
0,99.7,93.1936206776883,7
1,54.0,72.6067150745088,31
2,82.0,92.83787229177128,39
3,15.0,19.41948496388802,42
4,99.5,97.44642388729048,49
5,96.5,90.03186212074816,61
6,85.0,82.74056994969897,65
7,78.0,70.98820843600842,73
8,96.0,94.38027078851232,79
9,39.5,69.68459272324895,93
