,real_%top,predicted_%top,index
0,71.0,88.81641791044775,19
1,97.5,88.81641791044775,20
2,51.5,88.81641791044775,23
3,64.0,88.81641791044775,33
4,95.5,88.81641791044775,59
5,68.5,88.81641791044775,60
6,8.0,18.384615384615273,64
7,63.0,88.81641791044783,88
8,20.0,18.384615384615415,95
9,9.0,18.384615384615415,98
