,real_%top,predicted_%top,index
0,92.15,84.80728646536782,0
1,98.0,99.42850750766671,13
2,99.9,99.42850750766671,17
3,71.0,80.11459682215481,18
4,34.5,49.62458637799826,24
5,21.5,17.28756415605632,29
6,98.5,91.85206970293007,44
7,74.5,88.65629314060563,68
8,81.0,81.24306071207302,73
9,45.0,67.11290476102423,91
