,real_%top,predicted_%top,index
0,99.95,100.50246031805399,4
1,99.5,99.21185327527566,40
2,99.5,98.54571651141735,48
3,98.0,97.70062125795071,74
4,96.0,86.19458884604387,78
5,21.0,38.237577833171606,80
6,98.5,97.59625693163939,82
7,63.0,50.70805590956749,87
8,44.5,50.15380008216461,90
9,66.5,99.85666255877648,98
