,real_%top,predicted_%top,index
0,91.4,94.0593326230243,3
1,99.0,99.32925192047318,14
2,23.0,11.997770159397236,23
3,98.5,85.86539409268407,25
4,99.0,90.17349005717865,49
5,88.0,76.61330947843456,61
6,91.0,87.7543182221138,65
7,99.5,97.02119550213735,79
8,99.0,94.85022067332908,81
9,48.5,43.83335511864946,93
10,21.5,11.803732443537411,95
