,real_%top,predicted_%top,index
0,92.0,84.07157665597647,2
1,99.95,105.39014895502902,8
2,99.95,106.1605913193255,12
3,34.5,11.529384523167451,25
4,23.5,13.972144428097886,34
5,89.5,78.69921773530406,37
6,31.5,23.06736746328989,40
7,82.0,81.95992730552915,52
8,59.5,68.46183395492736,57
9,81.5,90.35906971261268,71
10,98.5,101.41558250651549,85
