,real_%top,predicted_%top,index
0,93.8,73.59456010287082,8
1,99.3,99.20105693930157,16
2,96.5,96.20400432112052,27
3,99.5,99.40951647540054,47
4,62.0,56.05315533359951,54
5,98.0,91.39916041564082,57
6,98.0,94.58067084415532,62
7,79.0,79.69523486084745,71
8,22.0,18.72350438439438,99
9,6.5,5.187234317711019,102
