,real_%top,predicted_%top,index
0,99.95,98.85542197572236,10
1,57.0,73.38701718490834,29
2,10.0,21.018964399836662,32
3,99.5,95.31304388959948,38
4,98.5,95.53121268375244,45
5,62.0,72.2866555868366,55
6,97.0,96.40239236846253,67
7,98.0,92.29156365388693,75
8,45.5,20.480575035364843,89
9,66.5,101.9579384654471,99
