,real_%top,predicted_%top,index
0,92.15,93.50390253811449,1
1,91.4,89.61349599178413,4
2,93.8,99.11368774068447,9
3,70.5,95.60353750369512,21
4,21.5,19.9790621104622,30
5,83.5,70.9571899068108,51
6,91.0,93.20101175008175,66
7,74.5,96.98976600564814,69
8,99.0,93.41469259704265,76
9,40.0,49.06876569097512,90
