,real_%top,predicted_%top,index
0,91.85,84.73914056545746,3
1,98.5,96.80516632063402,16
2,88.0,83.61223149224853,62
3,95.5,84.25883105113324,70
4,79.0,80.84549603995279,72
5,99.5,91.6684802700877,80
6,98.5,92.03946657673993,84
7,98.0,91.80760013508228,87
8,44.5,67.78101514752639,91
9,30.0,17.04022882204076,97
