,real_%top,predicted_%top,index
0,92.15,85.33834421839317,0
1,98.0,98.86619778841361,13
2,99.9,98.86619778841361,17
3,71.0,83.11118927020975,18
4,34.5,49.43608459073997,24
5,21.5,18.51691731930977,29
6,98.5,94.37356566340071,44
7,74.5,87.73047419675358,68
8,81.0,81.9876717322087,73
9,45.0,69.75758913540999,91
