,real_%top,predicted_%top,index
0,71.0,88.11119402985076,19
1,97.5,88.11119402985076,20
2,51.5,88.11119402985076,23
3,64.0,88.11119402985076,33
4,95.5,88.11119402985076,59
5,68.5,88.11119402985076,60
6,8.0,20.291666666666444,64
7,63.0,88.11119402985084,88
8,20.0,20.291666666666615,95
9,9.0,20.291666666666615,98
