,real_%top,predicted_%top,index
0,99.95,93.71142008991643,9
1,98.5,99.57699033976756,15
2,99.5,104.55268222036557,34
3,89.5,88.11424455231395,36
4,15.0,31.338810623623836,41
5,83.5,71.98716701942479,50
6,96.5,100.28287060929208,53
7,62.5,55.29976325730672,55
8,95.5,85.46789973572433,58
9,40.0,45.043765241565744,89
