,real_%top,predicted_%top,index
0,98.0,97.35162393394349,14
1,86.5,74.13564092360303,22
2,23.0,14.953623775058505,24
3,98.5,100.32862679542747,47
4,96.5,76.89691010227342,53
5,98.0,95.87977733927417,58
6,97.5,93.5959333628895,68
7,97.0,92.35680762587155,78
8,21.0,7.143890145042462,81
9,95.5,98.63746100973778,86
