,real_%top,predicted_%top,index
0,92.15,79.77441421032135,0
1,98.0,98.05400920842041,13
2,99.9,97.90541250833687,17
3,71.0,77.40858613779616,18
4,34.5,22.614994071706434,24
5,21.5,20.39076686105158,29
6,98.5,92.54014789678773,44
7,74.5,96.75606257466863,68
8,81.0,73.92915491252205,73
9,45.0,79.65051626645561,91
