,real_%top,predicted_%top,index
0,99.0,90.137001205045,27
1,96.5,95.06749113615147,28
2,99.5,95.9554675737962,48
3,99.0,95.88843926876788,50
4,98.0,90.50405967382288,63
5,81.0,78.49677726232103,74
6,78.0,96.91769916725426,77
7,45.0,65.89573142706966,92
8,11.0,24.80857896768693,101
9,5.0,22.860062067920033,102
