,real_%top,predicted_%top,index
0,82.0,79.29175694930501,38
1,98.5,98.36087141697315,46
2,8.0,19.35520824355382,63
3,85.0,90.92596423797221,64
4,81.5,73.64808526813529,70
5,78.0,63.709885027403836,72
6,98.5,96.23316956205561,84
7,98.0,96.23316956205561,86
8,20.0,23.494479787369496,94
9,9.0,18.097207882803467,97
