,real_%top,predicted_%top,index
0,91.85,84.44645302987024,2
1,99.75,95.48199424104983,12
2,51.5,85.43905169304043,22
3,64.0,82.14833848568706,32
4,96.5,91.338211104861,52
5,97.0,84.0025806271591,66
6,99.0,89.81531195756223,75
7,97.0,97.15531042593476,77
8,39.5,66.44330992215377,92
9,30.0,14.042351625251229,96
10,11.0,13.934401962385152,100
