,real_%top,predicted_%top,index
0,99.95,100.81871183587424,9
1,98.5,101.15145976875749,15
2,99.5,104.43124225044212,34
3,89.5,78.48837890188432,36
4,15.0,15.047651241501532,41
5,83.5,67.30631612349524,50
6,96.5,97.53965122440987,53
7,62.5,53.544583181021075,55
8,95.5,90.79464938725148,58
9,40.0,45.45531517333022,89
