,real_%top,predicted_%top,index
0,98.0,99.89001988142387,14
1,86.5,84.48873199313121,22
2,23.0,28.34444842605185,24
3,98.5,99.85059451286116,47
4,96.5,98.74133553601885,53
5,98.0,99.4147653527978,58
6,97.5,95.58969852755467,68
7,97.0,95.2814273172908,78
8,21.0,19.026872956244393,81
9,95.5,97.95973943452864,86
