,real_%top,predicted_%top,index
0,71.0,87.35345468129941,19
1,97.5,89.60555319065075,20
2,51.5,85.99150814349532,23
3,64.0,57.56843127885719,33
4,95.5,93.27120888402769,59
5,68.5,84.97135289651568,60
6,8.0,21.097180348735655,64
7,63.0,44.47145433236731,88
8,20.0,25.098826012527244,95
9,9.0,5.1692846532741665,98
