,real_%top,predicted_%top,index
0,92.15,93.3784030420173,0
1,98.0,98.01949129549307,13
2,99.9,96.69982977534649,17
3,71.0,77.51833560783517,18
4,34.5,15.130234438304026,24
5,21.5,19.260964729287803,29
6,98.5,93.2407951764577,44
7,74.5,96.96682484039209,68
8,81.0,78.55195798200909,73
9,45.0,46.16455515830863,91
