,real_%top,predicted_%top,index
0,98.45,98.72177228151534,5
1,99.7,90.78724702893402,6
2,70.5,88.37363336044424,20
3,57.0,63.35193868952298,28
4,54.0,69.15555182350295,30
5,23.5,20.626325342145474,33
6,36.5,18.9457032876697,42
7,97.5,95.56254827448764,67
8,95.5,97.38831494672911,69
9,98.5,94.54372398150434,83
