,real_%top,predicted_%top,index
0,91.85,79.68009943339227,3
1,98.5,98.58646462289116,16
2,88.0,78.64635849283957,62
3,95.5,98.4126764061882,70
4,79.0,76.04024887416368,72
5,99.5,96.4594836448183,80
6,98.5,87.32602288163788,84
7,98.0,95.50000427465534,87
8,44.5,59.52565548800777,91
9,30.0,15.205950370223931,97
