,real_%top,predicted_%top,index
0,91.4,84.2594438234576,3
1,99.0,98.60560304459511,14
2,23.0,22.716533119433734,23
3,98.5,86.19723372823898,25
4,99.0,94.56197436770397,49
5,88.0,82.89689009532026,61
6,91.0,84.19054598026403,65
7,99.5,91.05486915859018,79
8,99.0,84.14578664114788,81
9,48.5,72.96509396493073,93
10,21.5,4.741857722214249,95
