,real_%top,predicted_%top,index
0,92.15,90.5779342294977,0
1,98.0,97.69672501009178,13
2,99.9,99.37531768846196,17
3,71.0,89.15250697784212,18
4,34.5,34.19321116558006,24
5,21.5,19.40140269847747,29
6,98.5,95.73937147990863,44
7,74.5,97.78515254649153,68
8,81.0,81.7784812923202,73
9,45.0,47.01903303923325,91
