,real_%top,predicted_%top,index
0,99.95,102.47183479474364,9
1,98.5,100.10706415694018,15
2,99.5,100.27150674522494,34
3,89.5,87.22211488026059,36
4,15.0,39.42392710990906,41
5,83.5,76.47677486071059,50
6,96.5,90.42025757580211,53
7,62.5,67.77998437878952,55
8,95.5,80.28065639850529,58
9,40.0,5.923007997443889,89
