,real_%top,predicted_%top,index
0,98.0,101.19525622478665,14
1,86.5,78.87657329849596,22
2,23.0,16.363501584212955,24
3,98.5,87.38549897972084,47
4,96.5,94.32547792868742,53
5,98.0,90.42062932592746,58
6,97.5,84.21520380173567,68
7,97.0,100.53423236713428,78
8,21.0,39.69284153178755,81
9,95.5,97.63203675539923,86
