,real_%top,predicted_%top,index
0,91.85,85.06839272187209,3
1,98.5,98.68961185132449,16
2,88.0,83.01927789192489,62
3,95.5,87.04207749429246,70
4,79.0,83.12304991182626,72
5,99.5,97.70369737356191,80
6,98.5,92.78016597834561,84
7,98.0,95.8573731003558,87
8,44.5,69.9210642703842,91
9,30.0,19.331232304318036,97
