,real_%top,predicted_%top,index
0,92.0,92.14032604745287,1
1,99.95,99.69524169367132,7
2,86.5,81.01091211980406,21
3,10.0,4.685814442816195,31
4,97.0,87.79707777262064,43
5,99.5,88.56582776602251,45
6,82.0,87.79707777262064,51
7,68.5,79.77997075151005,59
8,78.0,89.22031555812706,76
9,45.5,-13.826984979778587,88
10,5.0,18.793467734178876,101
