,real_%top,predicted_%top,index
0,99.95,103.52301813150162,9
1,98.5,100.74444097977945,15
2,99.5,99.48575138811694,34
3,89.5,86.61306276757725,36
4,15.0,36.147703647479254,41
5,83.5,77.00559563861081,50
6,96.5,90.42442482932047,53
7,62.5,67.35195714816395,55
8,95.5,79.82624295402807,58
9,40.0,9.805869784548918,89
