,real_%top,predicted_%top,index
0,98.0,100.24808643774467,14
1,86.5,85.03418909472369,22
2,23.0,21.284510103237366,24
3,98.5,93.61868353733766,47
4,96.5,94.50828968355694,53
5,98.0,89.33861132009902,58
6,97.5,85.98683478392444,68
7,97.0,96.53774831814317,78
8,21.0,36.70292238186335,81
9,95.5,96.88800290805212,86
