,real_%top,predicted_%top,index
0,91.85,82.49806043904654,3
1,98.5,97.2130714138217,16
2,88.0,85.47961552089376,62
3,95.5,88.18934194095007,70
4,79.0,83.58242993828033,72
5,99.5,95.96118775802015,80
6,98.5,91.30926158422933,84
7,98.0,94.2167154428486,87
8,44.5,69.32561707510973,91
9,30.0,13.789022837012581,97
