,real_%top,predicted_%top,index
0,98.45,92.28565305970031,5
1,99.7,97.75421900949942,6
2,70.5,82.9518690177746,20
3,57.0,85.77350340902963,28
4,54.0,85.09393718153687,30
5,23.5,19.899129524739465,33
6,36.5,72.46188162227892,42
7,97.5,84.38594723409811,67
8,95.5,84.47919122116802,69
9,98.5,93.79909548715099,83
