,real_%top,predicted_%top,index
0,99.95,99.93298711306886,9
1,98.5,98.33499589503256,15
2,99.5,100.68733545651783,34
3,89.5,95.67601732858982,36
4,15.0,32.96137363441598,41
5,83.5,75.64093316626239,50
6,96.5,86.32297346240671,53
7,62.5,69.81294909198941,55
8,95.5,80.08384722560771,58
9,40.0,9.959170889558976,89
