,real_%top,predicted_%top,index
0,98.0,97.52111555555541,14
1,86.5,86.86103558235808,22
2,23.0,22.227074503743836,24
3,98.5,93.50652916816783,47
4,96.5,90.05437850613862,53
5,98.0,89.98232928966844,58
6,97.5,84.29277546248483,68
7,97.0,99.0412558735273,78
8,21.0,34.144313663095254,81
9,95.5,95.53003039280705,86
