,real_%top,predicted_%top,index
0,91.4,92.03585758057432,3
1,99.0,99.96806634059861,14
2,23.0,23.763288226269218,23
3,98.5,56.80157205016605,25
4,99.0,90.71656634320463,49
5,88.0,96.09113473585023,61
6,91.0,94.12777204633404,65
7,99.5,96.92051662505554,79
8,99.0,94.40753575238605,81
9,48.5,43.47853104623984,93
10,21.5,20.101528592531626,95
