,real_%top,predicted_%top,index
0,92.0,78.55174020285273,1
1,99.95,95.96529152518235,7
2,86.5,94.68592239793448,21
3,10.0,22.0173640853041,31
4,97.0,83.82179602827732,43
5,99.5,96.91212950844304,45
6,82.0,94.64682247008456,51
7,68.5,94.39216649758482,59
8,78.0,96.98440431388785,76
9,45.5,21.336416935231945,88
10,5.0,19.07137969469471,101
