,real_%top,predicted_%top,index
0,99.95,94.06101886230594,5
1,98.45,89.64054283939096,6
2,99.0,98.126173931044,15
3,99.3,98.05072948659955,17
4,99.5,92.26297587877805,35
5,36.5,24.851178183336273,43
6,97.0,84.44065643172185,44
7,99.0,82.99412844426816,82
8,98.5,92.42873982683984,83
9,48.5,68.01635125152622,94
10,6.5,21.340769765945268,103
