,real_%top,predicted_%top,index
0,92.0,84.76629595004417,1
1,99.95,101.41089412545809,7
2,86.5,85.0439464489654,21
3,10.0,13.744439928799679,31
4,97.0,88.47811030093077,43
5,99.5,98.09204558182189,45
6,82.0,92.09122884754578,51
7,68.5,85.32777894664711,59
8,78.0,96.03603093800001,76
9,45.5,-15.306835646717005,88
10,5.0,21.340741182438336,101
