,real_%top,predicted_%top,index
0,92.0,84.10177657201677,1
1,99.95,103.06917443085763,7
2,86.5,88.65971998013606,21
3,10.0,16.86530486545962,31
4,97.0,87.0848884069697,43
5,99.5,94.69963762891106,45
6,82.0,97.56889754179409,51
7,68.5,87.1128729662605,59
8,78.0,97.2978249994007,76
9,45.5,-8.570977741849902,88
10,5.0,17.483300222542212,101
