,real_%top,predicted_%top,index
0,98.0,98.35459894532974,14
1,86.5,76.31144240833524,22
2,23.0,29.736610457120705,24
3,98.5,98.62025231702573,47
4,96.5,71.58441253306448,53
5,98.0,92.98789397842046,58
6,97.5,94.77621954099642,68
7,97.0,93.28207022502647,78
8,21.0,32.0349948707905,81
9,95.5,98.49087419625585,86
