,real_%top,predicted_%top,index
0,99.95,93.93329745445692,9
1,98.5,96.84287240470222,15
2,99.5,97.37932580227735,34
3,89.5,83.0864361886524,36
4,15.0,31.434482771916755,41
5,83.5,71.12051443721907,50
6,96.5,96.19206766838684,53
7,62.5,60.683927797626886,55
8,95.5,81.34514879611147,58
9,40.0,44.32066469481881,89
