,real_%top,predicted_%top,index
0,93.8,93.23086526482048,8
1,99.3,101.35600981715392,16
2,96.5,92.98308746661723,27
3,99.5,100.04791261419793,47
4,62.0,64.35436030748633,54
5,98.0,93.37046783104263,57
6,98.0,97.5337750712508,62
7,79.0,77.81620527519652,71
8,22.0,20.951424965759756,99
9,6.5,6.993030936344004,102
