,real_%top,predicted_%top,index
0,99.95,105.40477870621334,10
1,57.0,65.28317604852877,29
2,10.0,21.00768311451214,32
3,99.5,86.4651125983754,38
4,98.5,98.14459649175333,45
5,62.0,60.57558727570579,55
6,97.0,74.50001824957296,67
7,98.0,100.975933754997,75
8,45.5,24.37541699375145,89
9,66.5,66.39602635536421,99
