,real_%top,predicted_%top,index
0,91.85,85.8238875583939,3
1,98.5,98.06339104146434,16
2,88.0,81.2744903443293,62
3,95.5,97.23545576828606,70
4,79.0,77.53008575522071,72
5,99.5,98.75133385342741,80
6,98.5,90.90150640205847,84
7,98.0,95.94712449230249,87
8,44.5,61.9402871388611,91
9,30.0,29.81752256940488,97
