,real_%top,predicted_%top,index
0,98.45,100.29243647479805,5
1,99.7,96.11313196045329,6
2,70.5,88.7949452513742,20
3,57.0,62.656655221648315,28
4,54.0,65.78335416989958,30
5,23.5,17.932462224171573,33
6,36.5,24.77409294362093,42
7,97.5,95.16078922551381,67
8,95.5,96.84657873288042,69
9,98.5,88.96761636725428,83
