,real_%top,predicted_%top,index
0,99.95,96.38511369047623,5
1,98.45,90.77619801587302,6
2,99.0,98.46458531746035,15
3,99.3,98.46458531746035,17
4,99.5,96.7628279761905,35
5,36.5,15.37616111111111,43
6,97.0,89.325955952381,44
7,99.0,91.61878690476193,82
8,98.5,95.51660595238094,83
9,48.5,54.91500396825395,94
10,6.5,10.362182539682538,103
