,real_%top,predicted_%top,index
0,92.0,84.74301666666668,1
1,99.95,96.35191626984125,7
2,86.5,94.42223313492063,21
3,10.0,21.666785714285723,31
4,97.0,79.39896792929294,43
5,99.5,97.97149404761903,45
6,82.0,94.48985257936505,51
7,68.5,94.07980654761903,59
8,78.0,97.3788212301587,76
9,45.5,21.482821428571434,88
10,5.0,11.403851190476187,101
