,real_%top,predicted_%top,index
0,7.0,21.679556806788334,11
1,99.75,80.42885675260501,13
2,99.9,97.1851234728094,18
3,98.5,88.67792058308929,26
4,94.0,95.6556445803667,36
5,99.5,88.67792058308929,41
6,99.5,88.67792058308929,46
7,96.5,79.19693817891299,54
8,62.5,80.42885675260501,56
9,21.5,21.679556806788334,96
10,22.0,21.679556806788334,100
