,real_%top,predicted_%top,index
0,91.85,69.8220419036136,2
1,99.75,78.91931353130381,12
2,51.5,93.19177897897393,22
3,64.0,79.13445254424936,32
4,96.5,93.19177897897393,52
5,97.0,93.19177897897393,66
6,99.0,94.43723609735338,75
7,97.0,97.42032177896245,77
8,39.5,69.8220419036136,92
9,30.0,20.26315812603019,96
10,11.0,20.40351775806482,100
