,real_%top,predicted_%top,index
0,82.0,80.00460466857493,38
1,98.5,97.66312415917419,46
2,8.0,17.890272292658327,63
3,85.0,90.69952780645995,64
4,81.5,78.41564929445556,70
5,78.0,68.75387820790318,72
6,98.5,95.37746453546457,84
7,98.0,95.37163120213123,86
8,20.0,23.016631489017517,94
9,9.0,17.636561073322106,97
