,real_%top,predicted_%top,index
0,99.0,90.47233995057229,27
1,96.5,94.07359887428747,28
2,99.5,96.05449225855845,48
3,99.0,96.07841448078067,50
4,98.0,88.9342350484891,63
5,81.0,77.39796737221754,74
6,78.0,95.90231118366931,77
7,45.0,67.12816700836143,92
8,11.0,23.1212164338929,101
9,5.0,17.407860026411498,102
