,real_%top,predicted_%top,index
0,92.0,87.03258985935017,1
1,99.95,92.81934326000932,7
2,86.5,87.26911471607734,21
3,10.0,22.552071413793005,31
4,97.0,93.4598715348816,43
5,99.5,98.16528870524526,45
6,82.0,86.83711549225234,51
7,68.5,98.70062956261759,59
8,78.0,98.6195078558582,76
9,45.5,20.419051630644454,88
10,5.0,7.13093152428461,101
