,real_%top,predicted_%top,index
0,99.95,105.23236279360924,5
1,98.45,96.17720781719147,6
2,99.0,98.57800490257925,15
3,99.3,99.21827689608433,17
4,99.5,110.72527639013087,35
5,36.5,17.583014372438054,43
6,97.0,89.47776926512384,44
7,99.0,97.86960100907076,82
8,98.5,95.397941410873,83
9,48.5,42.73608319233768,94
10,6.5,8.04777510322202,103
