,real_%top,predicted_%top,index
0,99.7,98.94526767066552,7
1,54.0,83.15069405534219,31
2,82.0,91.4071083552765,39
3,15.0,29.109529516472996,42
4,99.5,92.15665183111938,49
5,96.5,88.22252624318727,61
6,85.0,77.13401301851583,65
7,78.0,84.43606107525771,73
8,96.0,92.69247537519202,79
9,39.5,69.93464397904599,93
