,real_%top,predicted_%top,index
0,7.0,39.53617376522869,10
1,99.95,92.95029237791384,11
2,97.5,85.44056917958326,19
3,99.0,74.33466590596247,26
4,94.0,88.78343420439015,35
5,99.5,95.97058118104742,37
6,31.5,31.3177147768455,39
7,59.5,74.83486177879587,56
8,96.5,87.79849947351791,60
9,95.5,93.38497510924007,85
