,real_%top,predicted_%top,index
0,98.45,96.89375524638719,5
1,99.7,89.38780951747584,6
2,70.5,94.36652505050772,20
3,57.0,65.5383043192354,28
4,54.0,65.21522151482449,30
5,23.5,18.463522110751388,33
6,36.5,21.8603446216589,42
7,97.5,83.57761860115136,67
8,95.5,84.85348138694387,69
9,98.5,93.76773393020837,83
