,real_%top,predicted_%top,index
0,91.85,87.4246708849234,3
1,98.5,98.00870529317886,16
2,88.0,79.29762173767836,62
3,95.5,96.5781916169958,70
4,79.0,90.61315201544642,72
5,99.5,96.08651777102246,80
6,98.5,87.4791087623932,84
7,98.0,95.81818916895645,87
8,44.5,61.46614761291938,91
9,30.0,24.946145387538735,97
