,real_%top,predicted_%top,index
0,92.15,90.28950165095942,1
1,91.4,85.95054880137847,4
2,93.8,91.02486818660329,9
3,70.5,94.69165309028642,21
4,21.5,12.478990153902947,30
5,83.5,70.2117915139682,51
6,91.0,90.12524330634497,66
7,74.5,96.99999634341349,69
8,99.0,98.11121763471397,76
9,40.0,49.1460972960917,90
