,real_%top,predicted_%top,index
0,99.95,101.02642279038753,4
1,99.5,100.56718769427988,40
2,99.5,97.9151067994134,48
3,98.0,97.22345736276088,74
4,96.0,77.76092287803327,78
5,21.0,20.85975985831988,80
6,98.5,87.92410294569824,82
7,63.0,44.09511980043374,87
8,44.5,42.290836258184,90
9,66.5,72.78300983633594,98
