,real_%top,predicted_%top,index
0,92.15,76.0749275292518,1
1,91.4,79.05667776929816,4
2,93.8,93.12868747821456,9
3,70.5,89.62219738717165,21
4,21.5,23.333047838406,30
5,83.5,78.26393935362027,51
6,91.0,93.61627540729818,66
7,74.5,95.93905293048881,69
8,99.0,84.84326898969194,76
9,40.0,24.11435909659226,90
