,real_%top,predicted_%top,index
0,99.95,95.35517856740998,4
1,99.5,90.47307962162753,40
2,99.5,94.8989934216755,48
3,98.0,93.15812895435964,74
4,96.0,95.58989321856765,78
5,21.0,22.906467843280726,80
6,98.5,93.77963287543855,82
7,63.0,68.85365583411689,87
8,44.5,68.94634712199569,90
9,66.5,96.22895075355717,98
