,real_%top,predicted_%top,index
0,93.8,84.45044441280554,8
1,99.3,100.00029728111316,16
2,96.5,99.76311985926418,27
3,99.5,98.2205468870698,47
4,62.0,55.61541581806446,54
5,98.0,94.13250958696143,57
6,98.0,95.52684190909339,62
7,79.0,79.66096306267512,71
8,22.0,16.598664159124404,99
9,6.5,8.65317346888826,102
