,real_%top,predicted_%top,index
0,99.0,72.65987773543976,27
1,96.5,80.33076831186175,28
2,99.5,89.06976859865486,48
3,99.0,87.5502135796097,50
4,98.0,84.42260065374887,63
5,81.0,84.05147377531388,74
6,78.0,96.93598905716337,77
7,45.0,68.49580572668111,92
8,11.0,18.967461238872275,101
9,5.0,19.220984258694187,102
