,real_%top,predicted_%top,index
0,82.0,93.5798899210662,38
1,98.5,91.68421660758662,46
2,8.0,20.111534160908192,63
3,85.0,78.28071756940658,64
4,81.5,87.22657286095016,70
5,78.0,87.52179829122217,72
6,98.5,91.13838191140321,84
7,98.0,92.19867376470536,86
8,20.0,6.51091286674459,94
9,9.0,15.46304727848539,97
