,real_%top,predicted_%top,index
0,7.0,14.350997191801392,10
1,99.95,101.39069362537414,11
2,97.5,96.87710500926396,19
3,99.0,93.02423312682494,26
4,94.0,87.61109080335281,35
5,99.5,89.77091508817986,37
6,31.5,20.963107022981784,39
7,59.5,55.444982884696344,56
8,96.5,93.89790613329178,60
9,95.5,99.36573976768139,85
