,real_%top,predicted_%top,index
0,99.7,75.8853778270612,7
1,54.0,68.26831453907725,31
2,82.0,79.0893872525263,39
3,15.0,9.003840093907453,42
4,99.5,98.85257350897336,49
5,96.5,96.29307903026998,61
6,85.0,94.11791913110805,65
7,78.0,80.29302244479466,73
8,96.0,97.57569073759883,79
9,39.5,49.015659592211264,93
