,real_%top,predicted_%top,index
0,99.95,97.65563011861259,10
1,57.0,71.06413915413276,29
2,10.0,22.770023655359953,32
3,99.5,83.21216138338079,38
4,98.5,96.46632037358677,45
5,62.0,79.31164960323979,55
6,97.0,97.48756041415189,67
7,98.0,98.97681718145786,75
8,45.5,9.808686333154157,89
9,66.5,89.20919946549144,99
