,real_%top,predicted_%top,index
0,91.4,91.589353332963,3
1,99.0,99.36682123059163,14
2,23.0,11.061850108378707,23
3,98.5,55.04530396519787,25
4,99.0,91.08576897303904,49
5,88.0,97.54467423815869,61
6,91.0,93.96101188634056,65
7,99.5,96.32588361111623,79
8,99.0,100.86539539820029,81
9,48.5,43.35460578543386,93
10,21.5,19.475927491006146,95
