,real_%top,predicted_%top,index
0,98.0,96.18455296013673,14
1,86.5,88.86169139026471,22
2,23.0,22.98984228888904,24
3,98.5,92.70989260168187,47
4,96.5,91.03391987622167,53
5,98.0,91.4255693165543,58
6,97.5,91.35016784599165,68
7,97.0,92.58667414319457,78
8,21.0,23.063133955555703,81
9,95.5,95.71961439479561,86
