,real_%top,predicted_%top,index
0,91.4,88.7067810940004,3
1,99.0,101.15779479706123,14
2,23.0,29.153382419235164,23
3,98.5,85.93650197299908,25
4,99.0,85.93650197299908,49
5,88.0,86.97576891956692,61
6,91.0,91.66141906903015,65
7,99.5,94.58523288683453,79
8,99.0,94.852889011056,81
9,48.5,62.57190368278177,93
10,21.5,-5.721204952314906,95
