,real_%top,predicted_%top,index
0,99.95,96.4090577592323,10
1,57.0,88.26702611368717,29
2,10.0,12.925949255135109,32
3,99.5,103.43096431332934,38
4,98.5,96.70725081460506,45
5,62.0,76.30823248230827,55
6,97.0,86.34112277192628,67
7,98.0,100.0204516532396,75
8,45.5,-22.515871421827967,89
9,66.5,92.2856837407288,99
