,real_%top,predicted_%top,index
0,93.8,97.21125096401666,8
1,99.3,95.33178551927456,16
2,96.5,81.48987841672712,27
3,99.5,90.56031597755607,47
4,62.0,75.34325898645588,54
5,98.0,91.55314173602414,57
6,98.0,85.16666546372618,62
7,79.0,85.9203861231815,71
8,22.0,10.818230389799368,99
9,6.5,18.6052433857934,102
