,real_%top,predicted_%top,index
0,92.15,90.02162181288061,1
1,91.4,93.32818734487654,4
2,93.8,70.62737937383743,9
3,70.5,89.11839782341224,21
4,21.5,15.145899745222923,30
5,83.5,72.65196071575896,51
6,91.0,87.93975429598301,66
7,74.5,96.78918237000836,69
8,99.0,99.67670334998661,76
9,40.0,52.75613825253453,90
