,real_%top,predicted_%top,index
0,99.95,106.30041364179057,4
1,99.5,104.4462973273953,40
2,99.5,98.66241625907728,48
3,98.0,99.39447887445642,74
4,96.0,91.22937996108844,78
5,21.0,9.881359001377122,80
6,98.5,96.46845325167588,82
7,63.0,46.60041502540636,87
8,44.5,45.53973180717573,90
9,66.5,60.102323449284796,98
