,real_%top,predicted_%top,index
0,7.0,24.234127553432117,11
1,99.75,94.96203243236283,13
2,99.9,97.73358925522864,18
3,98.5,95.40580992883561,26
4,94.0,76.96238208810352,36
5,99.5,94.09372501176652,41
6,99.5,95.07465831217692,46
7,96.5,93.68066945835173,54
8,62.5,75.90820400979246,56
9,21.5,23.61768738249195,96
10,22.0,23.61768738249195,100
