,real_%top,predicted_%top,index
0,91.85,77.46027556731791,2
1,99.75,93.59220234902394,12
2,51.5,94.91255448601291,22
3,64.0,74.62745546570635,32
4,96.5,95.88715370866542,52
5,97.0,97.40577951685151,66
6,99.0,78.92108663525745,75
7,97.0,92.69754413957696,77
8,39.5,77.5475176972807,92
9,30.0,20.584521078314452,96
10,11.0,20.584521078314452,100
