,real_%top,predicted_%top,index
0,92.15,87.06436481418348,0
1,98.0,95.54231288229784,13
2,99.9,99.09407511611084,17
3,71.0,70.11171791345879,18
4,34.5,40.6850319149303,24
5,21.5,15.683570787441852,29
6,98.5,91.58483151101046,44
7,74.5,89.04567923050486,68
8,81.0,79.63607466543294,73
9,45.0,69.4934403283674,91
