,real_%top,predicted_%top,index
0,92.15,87.09375,0
1,98.0,95.5625,13
2,99.9,99.125,17
3,71.0,70.125,18
4,34.5,40.71875,24
5,21.5,15.71875,29
6,98.5,91.59375,44
7,74.5,89.0625,68
8,81.0,79.65625,73
9,45.0,69.5,91
