,real_%top,predicted_%top,index
0,99.0,76.82252749148836,27
1,96.5,90.95285781951071,28
2,99.5,99.81622843871914,48
3,99.0,93.00355334673178,50
4,98.0,87.94246617553536,63
5,81.0,80.59603453380987,74
6,78.0,97.01952122587682,77
7,45.0,54.26173206150438,92
8,11.0,19.266704749225667,101
9,5.0,9.793103157133764,102
