,real_%top,predicted_%top,index
0,82.0,99.41658304348931,38
1,98.5,100.28548627838917,46
2,8.0,25.19155527553675,63
3,85.0,96.65638019036405,64
4,81.5,95.38564900970972,70
5,78.0,82.46433084920551,72
6,98.5,97.30296450732449,84
7,98.0,95.50534721982932,86
8,20.0,20.92596659309014,94
9,9.0,29.732888943790204,97
