,real_%top,predicted_%top,index
0,99.95,105.55539028259844,5
1,98.45,90.8823302150461,6
2,99.0,96.79664986923092,15
3,99.3,96.80481355867894,17
4,99.5,102.56293529031548,35
5,36.5,55.55077825040635,43
6,97.0,84.57766526515537,44
7,99.0,83.9159538796281,82
8,98.5,93.68290085485441,83
9,48.5,65.2492169212483,94
10,6.5,18.995995763451376,103
