,real_%top,predicted_%top,index
0,92.0,82.3795237373489,1
1,99.95,102.33627868958268,7
2,86.5,84.64206361308514,21
3,10.0,15.937408208444594,31
4,97.0,85.66759356835495,43
5,99.5,93.2998274714186,45
6,82.0,98.44491002385966,51
7,68.5,88.45359292818024,59
8,78.0,97.71236779266368,76
9,45.5,-10.523699216482555,88
10,5.0,18.013760543659217,101
