,real_%top,predicted_%top,index
0,92.0,91.26042852419033,1
1,99.95,99.54291668182174,7
2,86.5,80.38016045545494,21
3,10.0,-0.7332082892775134,31
4,97.0,88.29347788967178,43
5,99.5,88.66264861308635,45
6,82.0,88.29347788967178,51
7,68.5,80.04472231756024,59
8,78.0,87.9250400608356,76
9,45.5,-13.346473960495643,88
10,5.0,14.635782191974926,101
