,real_%top,predicted_%top,index
0,99.95,97.28469869381975,10
1,57.0,86.51043526159015,29
2,10.0,18.5923523594099,32
3,99.5,92.46200820004212,38
4,98.5,82.50283030646494,45
5,62.0,86.51043526159015,55
6,97.0,92.46200820004212,67
7,98.0,95.05298267205218,75
8,45.5,18.5923523594099,89
9,66.5,92.46200820004212,99
