,real_%top,predicted_%top,index
0,98.0,97.69275880876081,14
1,86.5,84.72314439756022,22
2,23.0,21.16237464393936,24
3,98.5,99.27823109679085,47
4,96.5,75.39020759713995,53
5,98.0,94.1752231063764,58
6,97.5,94.27489331996715,68
7,97.0,95.2507623219726,78
8,21.0,17.592250129685816,81
9,95.5,97.84437158422702,86
