,real_%top,predicted_%top,index
0,99.95,93.81008282591125,9
1,98.5,96.58400491845185,15
2,99.5,103.7186687477587,34
3,89.5,100.83254695282673,36
4,15.0,31.425594043789392,41
5,83.5,69.83649633772829,50
6,96.5,94.60416513562656,53
7,62.5,56.51457020470619,55
8,95.5,89.88839968575775,58
9,40.0,33.97061858667002,89
