,real_%top,predicted_%top,index
0,98.45,96.4376109541571,5
1,99.7,91.52186505655554,6
2,70.5,84.49330933845468,20
3,57.0,65.09338712678237,28
4,54.0,62.17570476853647,30
5,23.5,17.29543638879267,33
6,36.5,27.05120353552713,42
7,97.5,94.09369821928304,67
8,95.5,94.73805367091575,69
9,98.5,94.50433851475319,83
