,real_%top,predicted_%top,index
0,99.7,99.02582331996727,7
1,54.0,84.88269615562109,31
2,82.0,94.44208801990276,39
3,15.0,32.15862907152249,42
4,99.5,94.38210605104757,49
5,96.5,91.41233533382946,61
6,85.0,78.4983588359281,65
7,78.0,84.46606324754512,73
8,96.0,94.02545511182679,79
9,39.5,67.2436701295588,93
