,real_%top,predicted_%top,index
0,7.0,39.11398471228101,10
1,99.95,89.73478685165556,11
2,97.5,84.19014002496556,19
3,99.0,70.37414075101967,26
4,94.0,85.28925840044181,35
5,99.5,96.215558020484,37
6,31.5,31.77476739975568,39
7,59.5,75.95269482096627,56
8,96.5,91.78503454082166,60
9,95.5,94.87211101118085,85
