,real_%top,predicted_%top,index
0,91.4,84.91894755721809,3
1,99.0,95.96825751002825,14
2,23.0,18.068546823212557,23
3,98.5,81.74579853587376,25
4,99.0,88.78181068038153,49
5,88.0,84.76908936875546,61
6,91.0,86.18147144747896,65
7,99.5,93.37575814757868,79
8,99.0,85.83258964223744,81
9,48.5,69.8820777268798,93
10,21.5,7.7648118677355455,95
