,real_%top,predicted_%top,index
0,92.15,86.34684268768231,1
1,91.4,84.7477856649601,4
2,93.8,96.39762547215555,9
3,70.5,78.81661237610699,21
4,21.5,19.33916210367221,30
5,83.5,76.91273507976497,51
6,91.0,82.83498525136403,66
7,74.5,83.95726940894194,69
8,99.0,88.68187043031811,76
9,40.0,6.476323751998805,90
