,real_%top,predicted_%top,index
0,99.95,105.92194309276431,4
1,99.5,93.58432528993593,40
2,99.5,91.60564348994384,48
3,98.0,103.42359595937097,74
4,96.0,95.57913980693732,78
5,21.0,33.44578003407596,80
6,98.5,95.46030010365095,82
7,63.0,63.43065357767341,87
8,44.5,63.37868819706756,90
9,66.5,82.02726145372068,98
