,real_%top,predicted_%top,index
0,99.95,98.29478176806373,9
1,98.5,98.05997620225706,15
2,99.5,100.49129013426226,34
3,89.5,75.19367434945974,36
4,15.0,9.82321576535665,41
5,83.5,71.68438249778686,50
6,96.5,97.76893160434471,53
7,62.5,57.784727236427,55
8,95.5,86.14311455473127,58
9,40.0,44.95627401522702,89
