,real_%top,predicted_%top,index
0,98.0,98.94304464285713,14
1,86.5,88.92231825396826,22
2,23.0,32.357464285714286,24
3,98.5,98.90912499999999,47
4,96.5,95.52663928571428,53
5,98.0,92.51383333333334,58
6,97.5,95.85197023809522,68
7,97.0,95.1725273809524,78
8,21.0,16.49597619047619,81
9,95.5,98.10322916666662,86
