,real_%top,predicted_%top,index
0,99.95,98.1268890873016,9
1,98.5,98.39952361111112,15
2,99.5,95.50183095238097,34
3,89.5,85.2367988095238,36
4,15.0,15.888023809523814,41
5,83.5,69.35665357142857,50
6,96.5,91.62845833333338,53
7,62.5,65.05347619047619,55
8,95.5,86.30833452380953,58
9,40.0,32.684571428571424,89
