,real_%top,predicted_%top,index
0,99.7,99.58129564170459,7
1,54.0,88.38419275592156,31
2,82.0,94.31452198085537,39
3,15.0,31.205601938072896,42
4,99.5,94.48918786436587,49
5,96.5,90.301546118168,61
6,85.0,79.82458018392904,65
7,78.0,88.08848239334263,73
8,96.0,94.01881161827643,79
9,39.5,67.9256482116419,93
