,real_%top,predicted_%top,index
0,7.0,38.673836749515324,10
1,99.95,88.2726293035253,11
2,97.5,85.24395171629351,19
3,99.0,68.980624813412,26
4,94.0,86.4974016178472,35
5,99.5,97.7066413966069,37
6,31.5,31.134838043143994,39
7,59.5,73.51503472849426,56
8,96.5,92.7366611096379,60
9,95.5,94.29950703405491,85
