,real_%top,predicted_%top,index
0,98.0,98.7382679973178,14
1,86.5,81.82487596456203,22
2,23.0,0.9213815667231571,24
3,98.5,97.95330213776663,47
4,96.5,104.07658480128715,53
5,98.0,87.39908519122962,58
6,97.5,93.01927651389383,68
7,97.0,99.39354247312764,78
8,21.0,28.143577462582034,81
9,95.5,97.5731607430061,86
