,real_%top,predicted_%top,index
0,92.0,86.55921411093276,2
1,99.95,102.43819385879901,8
2,99.95,104.6277783176505,12
3,34.5,37.783258211699405,25
4,23.5,15.44189110935312,34
5,89.5,71.34784090531059,37
6,31.5,15.051381658816291,40
7,82.0,89.68081517140159,52
8,59.5,68.67879707373127,57
9,81.5,70.57131615965713,71
10,98.5,96.97236965764972,85
