,real_%top,predicted_%top,index
0,91.4,91.80875674180531,3
1,99.0,99.23964507242039,14
2,23.0,17.68191028483563,23
3,98.5,51.545841522410434,25
4,99.0,93.67037162918375,49
5,88.0,97.94975529111404,61
6,91.0,95.09637366849992,65
7,99.5,100.40027534560355,79
8,99.0,96.03621006814951,81
9,48.5,41.84334512693464,93
10,21.5,16.03598187039617,95
