,real_%top,predicted_%top,index
0,93.8,92.21372804806384,8
1,99.3,96.62421513375342,16
2,96.5,90.92946495122155,27
3,99.5,95.91143887677039,47
4,62.0,73.28303259004105,54
5,98.0,91.33653960939908,57
6,98.0,88.83509398717752,62
7,79.0,72.9177392524838,71
8,22.0,21.24897298982278,99
9,6.5,21.15900733048212,102
