,real_%top,predicted_%top,index
0,71.0,82.70898138181263,19
1,97.5,97.20677167476916,20
2,51.5,92.57940369997648,23
3,64.0,75.37348621317409,33
4,95.5,85.68408158732605,59
5,68.5,90.68787558217926,60
6,8.0,22.591299441657405,64
7,63.0,65.77044145723558,88
8,20.0,25.076489973347943,95
9,9.0,22.860062067920033,98
