,real_%top,predicted_%top,index
0,92.15,69.46767629516386,0
1,98.0,98.81068966666503,13
2,99.9,98.79895365039373,17
3,71.0,79.35353471393803,18
4,34.5,25.037178075192777,24
5,21.5,24.752480148119854,29
6,98.5,89.9398948184491,44
7,74.5,95.00397849952763,68
8,81.0,74.67789666934372,73
9,45.0,63.42039558143314,91
