,real_%top,predicted_%top,index
0,99.95,96.03901354370817,9
1,98.5,96.38420877355627,15
2,99.5,102.62881942825919,34
3,89.5,96.3224671937093,36
4,15.0,31.46638061790921,41
5,83.5,68.55957875465842,50
6,96.5,81.09118500151352,53
7,62.5,74.10485308651337,55
8,95.5,77.68128468750336,58
9,40.0,7.533710966847266,89
