,real_%top,predicted_%top,index
0,91.4,83.21587441049789,3
1,99.0,97.25231377678934,14
2,23.0,21.566263229330744,23
3,98.5,82.47477256798614,25
4,99.0,93.58023785409938,49
5,88.0,83.38029420988781,61
6,91.0,84.81492715316824,65
7,99.5,92.22807401438865,79
8,99.0,84.56606937874598,81
9,48.5,61.82231006226364,93
10,21.5,5.987892902068921,95
