,real_%top,predicted_%top,index
0,91.4,73.35963735202706,3
1,99.0,98.90561971598663,14
2,23.0,23.92962782478958,23
3,98.5,97.64580502275503,25
4,99.0,97.32077427433674,49
5,88.0,88.54756271163477,61
6,91.0,90.8271089832553,65
7,99.5,94.41885261821511,79
8,99.0,90.43735220335222,81
9,48.5,67.4911594923867,93
10,21.5,25.180714654626414,95
