,real_%top,predicted_%top,index
0,92.0,79.31519823509825,2
1,99.95,92.6229550047583,8
2,99.95,90.56721081018657,12
3,34.5,23.29183762887439,25
4,23.5,22.51209410850587,34
5,89.5,70.14801996312512,37
6,31.5,22.51209410850587,40
7,82.0,74.64516835378674,52
8,59.5,82.68168028548249,57
9,81.5,75.34143827283829,71
10,98.5,96.78505438508002,85
