,real_%top,predicted_%top,index
0,99.95,94.58749999999998,9
1,98.5,94.58749999999998,15
2,99.5,92.90833333333332,34
3,89.5,83.70999999999998,36
4,15.0,15.000000000000028,41
5,83.5,83.70999999999998,50
6,96.5,83.01153846153845,53
7,62.5,83.01153846153845,55
8,95.5,92.90833333333332,58
9,40.0,45.50000000000004,89
