,real_%top,predicted_%top,index
0,98.0,104.86613820186328,14
1,86.5,89.47543098613379,22
2,23.0,23.227397394992078,24
3,98.5,99.22799510517514,47
4,96.5,104.15391751240195,53
5,98.0,95.51854342523279,58
6,97.5,97.01863955287048,68
7,97.0,97.76364811118341,78
8,21.0,-0.36103071015220645,81
9,95.5,98.33073661290801,86
