,real_%top,predicted_%top,index
0,99.95,100.30312749603354,5
1,98.45,95.31154728019722,6
2,99.0,98.97561752637404,15
3,99.3,99.91043630801296,17
4,99.5,99.400192190035,35
5,36.5,15.013064984196482,43
6,97.0,75.20109567992402,44
7,99.0,100.20886872498083,82
8,98.5,95.63630073502381,83
9,48.5,39.45936996989183,94
10,6.5,5.295497877349928,103
