,real_%top,predicted_%top,index
0,92.0,84.37168438679872,1
1,99.95,100.46606761335178,7
2,86.5,98.47331135455285,21
3,10.0,22.185317821464015,31
4,97.0,73.09192525236124,43
5,99.5,99.08618671967929,45
6,82.0,90.24835961900229,51
7,68.5,97.42890313040819,59
8,78.0,97.35309719821659,76
9,45.5,23.358395340105208,88
10,5.0,8.451349785532264,101
