,real_%top,predicted_%top,index
0,92.0,83.8125,1
1,99.95,104.21875,7
2,86.5,84.3125,21
3,10.0,17.5,31
4,97.0,85.875,43
5,99.5,94.03125,45
6,82.0,98.375,51
7,68.5,88.46875,59
8,78.0,98.40625,76
9,45.5,-9.90625,88
10,5.0,17.75,101
