,real_%top,predicted_%top,index
0,92.0,83.89781613029103,1
1,99.95,104.31523814721916,7
2,86.5,84.40137594399921,21
3,10.0,17.5572152495362,31
4,97.0,85.94903887959283,43
5,99.5,94.11378365151953,45
6,82.0,98.45318218340711,51
7,68.5,88.55023881662106,59
8,78.0,98.49117858471782,76
9,45.5,-9.825724223430683,88
10,5.0,17.857880869521466,101
