,real_%top,predicted_%top,index
0,92.0,82.46341022850847,2
1,99.95,97.61967784200277,8
2,99.95,85.6257144071794,12
3,34.5,36.49271248780766,25
4,23.5,13.52181694060878,34
5,89.5,86.49311676536091,37
6,31.5,22.94315016378916,40
7,82.0,95.337821668554,52
8,59.5,65.60999762603757,57
9,81.5,48.298573650651754,71
10,98.5,97.34173958481533,85
