,real_%top,predicted_%top,index
0,91.4,84.21153846153844,3
1,99.0,93.57307692307693,14
2,23.0,13.500000000000018,23
3,98.5,93.57307692307693,25
4,99.0,93.57307692307693,49
5,88.0,93.57307692307693,61
6,91.0,84.21153846153844,65
7,99.5,93.57307692307693,79
8,99.0,80.76428571428569,81
9,48.5,48.00000000000002,93
10,21.5,14.833333333333348,95
