,real_%top,predicted_%top,index
0,7.0,22.27329246310536,10
1,99.95,88.39439299140186,11
2,97.5,90.61936876010127,19
3,99.0,85.04471861230876,26
4,94.0,82.02032113956304,35
5,99.5,89.47070418929195,37
6,31.5,22.610959490522383,39
7,59.5,75.30289154485219,56
8,96.5,88.13742647395176,60
9,95.5,96.45379125445632,85
