,real_%top,predicted_%top,index
0,99.7,93.03827077481559,7
1,54.0,75.12560790308548,31
2,82.0,91.35876191670388,39
3,15.0,24.296667718289626,42
4,99.5,95.42602239495112,49
5,96.5,88.88002143577957,61
6,85.0,83.65732691299716,65
7,78.0,73.23237415199179,73
8,96.0,94.05378315014234,79
9,39.5,67.36237917189021,93
