,real_%top,predicted_%top,index
0,98.45,99.20289414897472,5
1,99.7,57.40031403470353,6
2,70.5,96.67420860823182,20
3,57.0,66.82867686502952,28
4,54.0,67.22703237052802,30
5,23.5,20.421877377660323,33
6,36.5,23.915585466607073,42
7,97.5,97.78245219096512,67
8,95.5,98.05923012646896,69
9,98.5,95.70826422655156,83
