,real_%top,predicted_%top,index
0,91.85,66.99387979536316,3
1,98.5,98.13340975125959,16
2,88.0,77.56345067936815,62
3,95.5,96.31538469852623,70
4,79.0,67.4576717208489,72
5,99.5,97.29024392889488,80
6,98.5,99.05432961063455,84
7,98.0,95.5531288678488,87
8,44.5,62.474044351822286,91
9,30.0,8.876287251262475,97
