,real_%top,predicted_%top,index
0,98.45,95.20473017085041,5
1,99.7,83.99566254958279,6
2,70.5,95.66753294891387,20
3,57.0,77.66526317257089,28
4,54.0,70.88065586876358,30
5,23.5,23.546329147181506,33
6,36.5,22.595637013008496,42
7,97.5,90.9423492563401,67
8,95.5,90.9316349706258,69
9,98.5,96.60635207954458,83
