,real_%top,predicted_%top,index
0,91.85,64.56301104773496,3
1,98.5,98.70025755899582,16
2,88.0,85.45938942095913,62
3,95.5,90.43989386055118,70
4,79.0,77.82426240144657,72
5,99.5,95.50988193354846,80
6,98.5,95.71304930229084,84
7,98.0,95.67230942133845,87
8,44.5,61.31394730257489,91
9,30.0,14.553952163778254,97
