,real_%top,predicted_%top,index
0,91.85,89.19053086330831,2
1,99.75,102.27416583155558,12
2,51.5,98.33516582389069,22
3,64.0,56.524347680506835,32
4,96.5,96.82170182415723,52
5,97.0,74.60794089986234,66
6,99.0,91.716274669198,75
7,97.0,98.84475081581357,77
8,39.5,44.862794204049315,92
9,30.0,9.006322751727039,96
10,11.0,17.613863023251614,100
