,real_%top,predicted_%top,index
0,92.15,79.41798899447733,0
1,98.0,96.7080054160698,13
2,99.9,97.27537589536918,17
3,71.0,78.62411873569948,18
4,34.5,24.233972943027194,24
5,21.5,22.17701436478069,29
6,98.5,93.05833219007135,44
7,74.5,95.47857071613139,68
8,81.0,71.8538451814128,73
9,45.0,73.6061267783351,91
