,real_%top,predicted_%top,index
0,99.95,104.42526168167437,4
1,99.5,101.81223966651498,40
2,99.5,99.17897637261001,48
3,98.0,102.84870638364559,74
4,96.0,86.89682437221082,78
5,21.0,9.092536051337277,80
6,98.5,97.97108951711172,82
7,63.0,43.99844811952803,87
8,44.5,42.43143768797134,90
9,66.5,57.778749070152664,98
