,real_%top,predicted_%top,index
0,92.15,92.9362577416753,1
1,91.4,93.23114342296778,4
2,93.8,88.68163081822686,9
3,70.5,95.08501041018077,21
4,21.5,17.415867383196638,30
5,83.5,70.59287300752801,51
6,91.0,84.37020841508168,66
7,74.5,96.99997702521487,69
8,99.0,96.56262460672203,76
9,40.0,48.44355605769276,90
