,real_%top,predicted_%top,index
0,92.15,81.09255630215999,0
1,98.0,97.08612324991651,13
2,99.9,97.53926157303134,17
3,71.0,78.98150181844927,18
4,34.5,21.337923682221632,24
5,21.5,19.79847787802583,29
6,98.5,90.55875384729427,44
7,74.5,97.34898695142827,68
8,81.0,71.78523689856951,73
9,45.0,71.64806563803253,91
