,real_%top,predicted_%top,index
0,71.0,83.74935265651148,19
1,97.5,95.1406659216396,20
2,51.5,96.69020650677761,23
3,64.0,77.58224927681586,33
4,95.5,76.1879401712843,59
5,68.5,90.78952007385794,60
6,8.0,22.77924090933987,64
7,63.0,70.37899865945339,88
8,20.0,22.663479004577965,95
9,9.0,22.663479004577965,98
