,real_%top,predicted_%top,index
0,91.85,77.52134920109502,2
1,99.75,96.02449327517786,12
2,51.5,94.57666566662652,22
3,64.0,74.50925360356855,32
4,96.5,94.48000499257633,52
5,97.0,92.71046764901534,66
6,99.0,76.28764266976991,75
7,97.0,91.02179177923539,77
8,39.5,76.23034211361428,92
9,30.0,21.026924664598305,96
10,11.0,21.026924664598305,100
