,real_%top,predicted_%top,index
0,71.0,83.38950682264922,19
1,97.5,92.58630690570007,20
2,51.5,98.47175045206278,23
3,64.0,54.39489015625714,33
4,95.5,84.50181785446142,59
5,68.5,87.87437089010965,60
6,8.0,24.893427698075048,64
7,63.0,44.893726216911844,88
8,20.0,23.74627519829421,95
9,9.0,29.97487923038066,98
