,real_%top,predicted_%top,index
0,92.15,91.39503435898885,0
1,98.0,98.34934686088742,13
2,99.9,98.04318421004594,17
3,71.0,86.20863920050155,18
4,34.5,30.816622436055553,24
5,21.5,12.866885867523976,29
6,98.5,91.27220283733523,44
7,74.5,96.99883770990246,68
8,81.0,79.0408359015022,73
9,45.0,46.23176931936229,91
