,real_%top,predicted_%top,index
0,7.0,13.500000000000018,10
1,99.95,80.76428571428569,11
2,97.5,94.86249999999998,19
3,99.0,80.76428571428569,26
4,94.0,94.86249999999998,35
5,99.5,93.57307692307693,37
6,31.5,13.500000000000018,39
7,59.5,84.21153846153844,56
8,96.5,93.57307692307693,60
9,95.5,93.57307692307693,85
