,real_%top,predicted_%top,index
0,99.7,91.10475092950773,7
1,54.0,59.20534110010058,31
2,82.0,87.32424517900668,39
3,15.0,22.94315016378916,42
4,99.5,87.32424517900668,49
5,96.5,92.95250601453976,61
6,85.0,85.26662816670944,65
7,78.0,48.29895192195638,73
8,96.0,98.27091550807876,79
9,39.5,46.74401723240962,93
