,real_%top,predicted_%top,index
0,82.0,91.17484887906934,38
1,98.5,91.17484887906934,46
2,8.0,23.738452063721866,63
3,85.0,85.6864701497534,64
4,81.5,81.43217024351759,70
5,78.0,84.63434093974757,72
6,98.5,95.426159671464,84
7,98.0,95.426159671464,86
8,20.0,6.22116427444675,94
9,9.0,15.550490559744361,97
