,real_%top,predicted_%top,index
0,99.0,87.31153846153846,27
1,96.5,87.31153846153846,28
2,99.5,87.31153846153846,48
3,99.0,87.31153846153846,50
4,98.0,87.31153846153846,63
5,81.0,87.31153846153846,74
6,78.0,87.31153846153846,77
7,45.0,87.31153846153853,92
8,11.0,19.000000000000014,101
9,5.0,19.000000000000014,102
