,real_%top,predicted_%top,index
0,98.45,92.39417551803204,5
1,99.7,90.9880577202682,6
2,70.5,95.26942939360907,20
3,57.0,80.25802772954381,28
4,54.0,70.2928257662294,30
5,23.5,24.426122470666595,33
6,36.5,17.271589267758383,42
7,97.5,90.81504680319682,67
8,95.5,90.63654427794428,69
9,98.5,95.04865162998766,83
