,real_%top,predicted_%top,index
0,91.85,68.24182141706977,3
1,98.5,98.48425689935065,16
2,88.0,86.79545378999661,62
3,95.5,90.42470414716003,70
4,79.0,76.6315604100943,72
5,99.5,95.09069241999825,80
6,98.5,95.43331522219606,84
7,98.0,95.37954400729984,87
8,44.5,63.385248033874014,91
9,30.0,17.07801848274275,97
