,real_%top,predicted_%top,index
0,99.95,98.14134107142858,5
1,98.45,95.06281190476193,6
2,99.0,98.69981785714286,15
3,99.3,98.94174404761903,17
4,99.5,95.87882034632031,35
5,36.5,18.859392857142858,43
6,97.0,82.72487391774892,44
7,99.0,91.82889880952388,82
8,98.5,95.71967023809525,83
9,48.5,55.83182305194806,94
10,6.5,13.274011904761903,103
