,real_%top,predicted_%top,index
0,92.0,79.59876785714286,1
1,99.95,95.36107559523808,7
2,86.5,92.39530811688313,21
3,10.0,22.246827380952386,31
4,97.0,90.1412972222222,43
5,99.5,97.90579166666666,45
6,82.0,92.74464978354979,51
7,68.5,94.57897023809521,59
8,78.0,97.64522976190477,76
9,45.5,21.126027777777786,88
10,5.0,11.93095238095238,101
