,real_%top,predicted_%top,index
0,99.0,75.92438110271304,27
1,96.5,82.22656293264671,28
2,99.5,90.51596086390633,48
3,99.0,87.59971534520129,50
4,98.0,87.16516577917287,63
5,81.0,82.48990857344627,74
6,78.0,95.54996978815123,77
7,45.0,67.91377839387295,92
8,11.0,16.651009926456027,101
9,5.0,21.076713208056447,102
