,real_%top,predicted_%top,index
0,82.0,90.18368803071422,38
1,98.5,91.60707360597534,46
2,8.0,25.893105653412633,63
3,85.0,80.69374353155621,64
4,81.5,83.98702211475162,70
5,78.0,79.63474232488929,72
6,98.5,91.06895716859161,84
7,98.0,94.14439671206604,86
8,20.0,5.577943315880887,94
9,9.0,19.613371125214655,97
