,real_%top,predicted_%top,index
0,99.95,92.85522591435138,9
1,98.5,97.02795443104318,15
2,99.5,92.97142967367951,34
3,89.5,91.34524997465314,36
4,15.0,19.495243113029318,41
5,83.5,81.11202960905506,50
6,96.5,91.27756025841536,53
7,62.5,77.48404448969484,55
8,95.5,79.42204739719887,58
9,40.0,24.188976942216588,89
