,real_%top,predicted_%top,index
0,7.0,39.347530501455736,11
1,99.75,99.06044969187752,13
2,99.9,96.6674300408936,18
3,98.5,82.23492746557369,26
4,94.0,87.1038667883556,36
5,99.5,92.96977161372998,41
6,99.5,92.93261545291334,46
7,96.5,91.63191243401276,54
8,62.5,75.01981649837187,56
9,21.5,0.22109070057668134,96
10,22.0,2.844094449041876,100
