,real_%top,predicted_%top,index
0,91.85,85.90543294856009,2
1,99.75,95.83182763910253,12
2,51.5,88.44774679383883,22
3,64.0,81.51047890925814,32
4,96.5,89.86083766944328,52
5,97.0,87.36841692551383,66
6,99.0,88.20591707669713,75
7,97.0,99.0059182683593,77
8,39.5,74.55713843368397,92
9,30.0,15.42689968086134,96
10,11.0,16.32840980814379,100
