,real_%top,predicted_%top,index
0,98.45,92.32302639948489,5
1,99.7,98.95019263169533,6
2,70.5,79.24060396244504,20
3,57.0,85.9557232989403,28
4,54.0,86.08845043609826,30
5,23.5,15.007307469889895,33
6,36.5,65.02425037653555,42
7,97.5,85.12085771696748,67
8,95.5,85.47225096883811,69
9,98.5,94.6203176936818,83
