,real_%top,predicted_%top,index
0,91.85,82.73546182595672,3
1,98.5,97.71478332793893,16
2,88.0,83.54707735176218,62
3,95.5,85.83473100040324,70
4,79.0,81.16266524950693,72
5,99.5,93.37257774018825,80
6,98.5,92.41678539752648,84
7,98.0,93.01415561169009,87
8,44.5,67.80642538053918,91
9,30.0,16.38466518211665,97
