,real_%top,predicted_%top,index
0,91.85,77.62044404761905,3
1,98.5,98.81635555555555,16
2,88.0,89.91458874458874,62
3,95.5,94.69651309523813,70
4,79.0,79.90962738095239,72
5,99.5,93.46762261904765,80
6,98.5,94.20711666666668,84
7,98.0,95.11532976190477,87
8,44.5,57.597827380952374,91
9,30.0,18.658708333333337,97
