,real_%top,predicted_%top,index
0,98.45,93.96869404761902,5
1,99.7,87.1485369047619,6
2,70.5,90.10138928571432,20
3,57.0,77.36515476190476,28
4,54.0,72.0667357142857,30
5,23.5,17.780253968253966,33
6,36.5,14.852619047619044,42
7,97.5,96.83267857142853,67
8,95.5,97.1163327380952,69
9,98.5,97.55803373015871,83
