,real_%top,predicted_%top,index
0,92.0,85.948586,1
1,99.95,85.94001,7
2,99.95,85.970375,11
3,34.5,31.075377,24
4,23.5,31.057507,33
5,89.5,85.940346,36
6,31.5,31.053139,39
7,82.0,85.98383,51
8,59.5,86.00969,56
9,81.5,85.81139,70
10,98.5,85.76294,84
