,real_%top,predicted_%top,index
0,91.4,74.75137,3
1,99.0,74.82623,14
2,23.0,73.714516,23
3,98.5,74.829636,25
4,99.0,74.86492,49
5,88.0,74.85585,61
6,91.0,74.905785,65
7,99.5,77.9619,79
8,99.0,78.01317,81
9,48.5,74.88416,93
10,21.5,73.23567,95
