,real_%top,predicted_%top,index
0,91.4,86.366875,3
1,99.0,86.47825,14
2,23.0,43.552162,23
3,98.5,87.451324,25
4,99.0,86.53947,49
5,88.0,87.45074,61
6,91.0,87.40894,65
7,99.5,87.24332,79
8,99.0,87.235405,81
9,48.5,46.08233,93
10,21.5,17.41258,95
