,real_%top,predicted_%top,index
0,91.4,86.3669,3
1,99.0,86.47828,14
2,23.0,43.552174,23
3,98.5,87.45135,25
4,99.0,86.5395,49
5,88.0,87.45077,61
6,91.0,87.40896,65
7,99.5,87.243355,79
8,99.0,87.235435,81
9,48.5,46.08234,93
10,21.5,17.412624,95
