,real_%top,predicted_%top,index
0,91.85,80.33108932864133,2
1,99.75,95.10464777121359,12
2,51.5,94.5158628161621,22
3,64.0,75.58508569000234,32
4,96.5,94.30870700997804,52
5,97.0,92.2092587203665,66
6,99.0,76.54716301447128,75
7,97.0,92.93407449246766,77
8,39.5,71.91917111329279,92
9,30.0,20.300722128704933,96
10,11.0,20.300722128704933,100
