,real_%top,predicted_%top,index
0,92.15,88.54768243698817,0
1,98.0,96.19028850723988,13
2,99.9,97.39124737423262,17
3,71.0,72.8741380354467,18
4,34.5,41.48063368427383,24
5,21.5,19.350077386319654,29
6,98.5,91.06237918165436,44
7,74.5,86.1985262127652,68
8,81.0,83.47358383159624,73
9,45.0,66.0448233546584,91
