,real_%top,predicted_%top,index
0,71.0,79.44867598462889,19
1,97.5,93.25865748454794,20
2,51.5,87.50581922966917,23
3,64.0,87.91444319265722,33
4,95.5,82.968027607534,59
5,68.5,86.97173835335074,60
6,8.0,13.655263929360913,64
7,63.0,55.47971921279605,88
8,20.0,10.819158694423876,95
9,9.0,19.19479989997292,98
