,real_%top,predicted_%top,index
0,93.8,96.69690225078521,8
1,99.3,95.39224000456244,16
2,96.5,82.1826352545924,27
3,99.5,90.98506383786955,47
4,62.0,73.74865755648133,54
5,98.0,92.61724783249664,57
6,98.0,84.43351956108773,62
7,79.0,83.46874379833291,71
8,22.0,8.936055930816664,99
9,6.5,15.229571077647932,102
