,real_%top,predicted_%top,index
0,93.8,96.78125,8
1,99.3,95.5,16
2,96.5,82.21875,27
3,99.5,91.0625,47
4,62.0,73.84375,54
5,98.0,92.71875,57
6,98.0,84.53125,62
7,79.0,83.5625,71
8,22.0,8.96875,99
9,6.5,15.3125,102
