,real_%top,predicted_%top,index
0,71.0,75.6564380952381,19
1,97.5,97.51284027777783,20
2,51.5,94.27450238095238,23
3,64.0,63.27848928571429,33
4,95.5,89.83023452380954,59
5,68.5,88.93388333333333,60
6,8.0,21.540202380952383,64
7,63.0,53.388170238095235,88
8,20.0,20.873589285714278,95
9,9.0,15.062345238095237,98
