,real_%top,predicted_%top,index
0,92.15,80.75477380952384,0
1,98.0,99.17883214285716,13
2,99.9,98.3870226190476,17
3,71.0,78.59477619047617,18
4,34.5,30.746511904761892,24
5,21.5,22.31606547619047,29
6,98.5,92.8122496031746,44
7,74.5,96.37745238095236,68
8,81.0,75.66643333333333,73
9,45.0,62.85165317460317,91
