,real_%top,predicted_%top,index
0,71.0,85.9443496841852,19
1,97.5,98.61078017848921,20
2,51.5,96.62040556003808,23
3,64.0,58.73168741430224,33
4,95.5,82.92029956031588,59
5,68.5,85.93712366388944,60
6,8.0,19.75767940623399,64
7,63.0,44.620840938706266,88
8,20.0,21.518323750733078,95
9,9.0,6.661512871309786,98
