,real_%top,predicted_%top,index
0,92.15,92.93586881257515,0
1,98.0,99.46325911097453,13
2,99.9,99.2856974245807,17
3,71.0,86.01785313124755,18
4,34.5,34.77706078138544,24
5,21.5,20.959202967893606,29
6,98.5,98.75441028786437,44
7,74.5,97.0070945265983,68
8,81.0,78.97666466203856,73
9,45.0,43.95608762134026,91
