,real_%top,predicted_%top,index
0,91.4,79.18619368172675,3
1,99.0,97.76609777116371,14
2,23.0,22.192306226045204,23
3,98.5,88.65245423069581,25
4,99.0,94.55520509000807,49
5,88.0,90.03953729130353,61
6,91.0,91.64000901290834,65
7,99.5,93.93557712326583,79
8,99.0,84.5870221890124,81
9,48.5,74.70705299785998,93
10,21.5,19.819961642524138,95
