,real_%top,predicted_%top,index
0,92.0,77.04291880207211,2
1,99.95,93.89524262809564,8
2,99.95,86.4890030737645,12
3,34.5,26.257442624991974,25
4,23.5,19.710818006962935,34
5,89.5,91.3286145036358,37
6,31.5,19.600746578391508,40
7,82.0,91.01228902984491,52
8,59.5,76.49580155314456,57
9,81.5,62.74802349264296,71
10,98.5,95.64074908856834,85
