,real_%top,predicted_%top,index
0,92.15,79.5130642857143,1
1,91.4,78.78104761904765,4
2,93.8,88.49033214285716,9
3,70.5,89.68270000000003,21
4,21.5,22.424482142857137,30
5,83.5,73.00034166666667,51
6,91.0,92.17836746031746,66
7,74.5,97.34255158730159,69
8,99.0,94.19401309523809,76
9,40.0,31.692267857142852,90
