,real_%top,predicted_%top,index
0,99.95,98.27058154761907,4
1,99.5,98.41768571428567,40
2,99.5,97.35725357142856,48
3,98.0,94.2655218253968,74
4,96.0,90.86598214285713,78
5,21.0,15.427428571428575,80
6,98.5,93.10963333333333,82
7,63.0,64.2132051948052,87
8,44.5,64.0456142857143,90
9,66.5,93.0341607142857,98
