,real_%top,predicted_%top,index
0,92.0,83.27305626788618,2
1,99.95,103.17686811779815,8
2,99.95,85.85713026471755,12
3,34.5,61.38977026156128,25
4,23.5,15.927742825146183,34
5,89.5,94.53694994610449,37
6,31.5,29.176325181862182,40
7,82.0,97.78298205654183,52
8,59.5,71.75934918953952,57
9,81.5,83.22642894292639,71
10,98.5,93.47206289111,85
