,real_%top,predicted_%top,index
0,99.95,98.26536398585785,9
1,98.5,96.49330224698177,15
2,99.5,102.29973153499427,34
3,89.5,77.66412152841446,36
4,15.0,7.163386308685056,41
5,83.5,73.26588018769426,50
6,96.5,94.21274264247094,53
7,62.5,49.29900818273656,55
8,95.5,82.97500648798817,58
9,40.0,47.25926715747606,89
