,real_%top,predicted_%top,index
0,98.0,101.1943603791775,14
1,86.5,83.21926350415565,22
2,23.0,12.580969325034264,24
3,98.5,100.5164036703292,47
4,96.5,100.6394043894795,53
5,98.0,92.5058179033457,58
6,97.5,92.57985455687123,68
7,97.0,104.73586388515142,78
8,21.0,6.738185015112222,81
9,95.5,98.10362663675329,86
