,real_%top,predicted_%top,index
0,7.0,23.36347619047619,11
1,99.75,97.65552678571429,13
2,99.9,97.58372202380947,18
3,98.5,94.69501130952379,26
4,94.0,87.6332648809524,36
5,99.5,96.14724821428568,41
6,99.5,97.72090714285713,46
7,96.5,93.64611031746036,54
8,62.5,64.21799603174603,56
9,21.5,17.18647023809523,96
10,22.0,16.642589285714276,100
