,real_%top,predicted_%top,index
0,91.85,71.9286619047619,2
1,99.75,96.9881529761905,12
2,51.5,89.55210714285711,22
3,64.0,65.1992007936508,32
4,96.5,96.55818273809524,52
5,97.0,96.73691428571428,66
6,99.0,92.60287857142858,75
7,97.0,96.69868750000002,77
8,39.5,56.552874999999986,92
9,30.0,21.587537698412692,96
10,11.0,21.361537698412693,100
