,real_%top,predicted_%top,index
0,99.95,94.05624999999998,4
1,99.5,94.5517857142857,40
2,99.5,94.5517857142857,48
3,98.0,94.05624999999998,74
4,96.0,94.5517857142857,78
5,21.0,16.25000000000005,80
6,98.5,82.54333333333332,82
7,63.0,44.33333333333333,87
8,44.5,44.33333333333333,90
9,66.5,94.5517857142857,98
