,real_%top,predicted_%top,index
0,92.15,79.9439852007715,1
1,91.4,71.90958214128155,4
2,93.8,99.77659982518733,9
3,70.5,95.72039887931338,21
4,21.5,18.423341241754382,30
5,83.5,98.59856333626703,51
6,91.0,93.42154883569151,66
7,74.5,97.29079659577913,69
8,99.0,97.95838251274388,76
9,40.0,45.66261125038801,90
