,real_%top,predicted_%top,index
0,99.7,88.28538461538459,7
1,54.0,88.28538461538459,31
2,82.0,88.28538461538459,39
3,15.0,18.406249999999986,42
4,99.5,88.28538461538459,49
5,96.5,88.28538461538459,61
6,85.0,88.28538461538459,65
7,78.0,88.28538461538459,73
8,96.0,88.28538461538459,79
9,39.5,88.28538461538466,93
