,real_%top,predicted_%top,index
0,99.95,96.63058948942137,9
1,98.5,98.72605249195249,15
2,99.5,94.97523382589634,34
3,89.5,72.7658316933067,36
4,15.0,21.503405958828758,41
5,83.5,75.94740647571382,50
6,96.5,96.48086398695258,53
7,62.5,65.83412941780442,55
8,95.5,87.13640589107531,58
9,40.0,21.275473859881956,89
