,real_%top,predicted_%top,index
0,91.85,89.03884657948454,2
1,99.75,105.60956439546474,12
2,51.5,95.00317328403369,22
3,64.0,58.2952995133039,32
4,96.5,102.308533623129,52
5,97.0,74.50000551411348,66
6,99.0,95.13171222212891,75
7,97.0,93.3824306736259,77
8,39.5,47.27118895708425,92
9,30.0,31.2716631071295,96
10,11.0,27.26875702219785,100
