,real_%top,predicted_%top,index
0,7.0,18.737509890603842,11
1,99.75,102.15499355774536,13
2,99.9,96.8784141740659,18
3,98.5,95.46261648172019,26
4,94.0,93.96571946593788,36
5,99.5,96.99553209828451,41
6,99.5,96.9617812815859,46
7,96.5,96.74622468593115,54
8,62.5,49.89365340492844,56
9,21.5,7.95719774965127,96
10,22.0,10.68106691420662,100
