,real_%top,predicted_%top,index
0,92.0,85.36499999999998,1
1,99.95,94.36379310344826,7
2,86.5,85.36499999999998,21
3,10.0,18.666666666666686,31
4,97.0,85.36499999999998,43
5,99.5,94.36379310344826,45
6,82.0,85.36499999999998,51
7,68.5,85.36499999999998,59
8,78.0,85.36499999999998,76
9,45.5,18.666666697765574,88
10,5.0,16.777777777777803,101
