,real_%top,predicted_%top,index
0,99.95,96.23700927093803,5
1,98.45,96.23700927093803,6
2,99.0,99.20925612198744,15
3,99.3,97.87809109928413,17
4,99.5,82.25125051508884,35
5,36.5,34.47856975150984,43
6,97.0,91.21232461553947,44
7,99.0,87.56188835496663,82
8,98.5,93.3412858310578,83
9,48.5,42.24740328865941,94
10,6.5,30.587490345364454,103
