,real_%top,predicted_%top,index
0,91.85,72.48097030330781,2
1,99.75,95.70598100561502,12
2,51.5,96.54843281754795,22
3,64.0,77.53736783910531,32
4,96.5,96.35130754576092,52
5,97.0,91.60905823196414,66
6,99.0,81.37251260198133,75
7,97.0,92.6838147686743,77
8,39.5,66.03868077061827,92
9,30.0,20.78563394448689,96
10,11.0,21.918553025405974,100
