,real_%top,predicted_%top,index
0,7.0,23.93193892820286,11
1,99.75,95.04007009379504,13
2,99.9,97.4520720182595,18
3,98.5,85.68788698254359,26
4,94.0,83.12699671277724,36
5,99.5,85.05324142344581,41
6,99.5,90.98596967574903,46
7,96.5,90.12323940969159,54
8,62.5,69.34644009260005,56
9,21.5,23.41374224335176,96
10,22.0,23.41374224335176,100
