,real_%top,predicted_%top,index
0,92.0,86.69481,1
1,99.95,86.73733,7
2,86.5,86.711945,21
3,10.0,25.571281,31
4,97.0,86.63303,43
5,99.5,86.719986,45
6,82.0,96.08868,51
7,68.5,86.71108,59
8,78.0,95.91384,76
9,45.5,25.031658,88
10,5.0,14.832438,101
