,real_%top,predicted_%top,index
0,99.95,84.873215,4
1,98.45,84.707634,5
2,99.0,84.89387,14
3,99.3,84.87593,16
4,99.5,84.87897,34
5,36.5,18.071087,42
6,97.0,85.043686,43
7,99.0,85.020485,81
8,98.5,85.00986,82
9,48.5,19.228271,93
10,6.5,17.96614,102
