,real_%top,predicted_%top,index
0,92.0,85.44266,1
1,99.95,85.46012,7
2,86.5,87.66966,21
3,10.0,12.914984,31
4,97.0,85.9581,43
5,99.5,86.08457,45
6,82.0,87.66917,51
7,68.5,87.67527,59
8,78.0,87.670425,76
9,45.5,35.2542,88
10,5.0,16.803774,101
