,real_%top,predicted_%top,index
0,92.0,85.442505,1
1,99.95,85.45996,7
2,86.5,87.66951,21
3,10.0,12.915143,31
4,97.0,85.95795,43
5,99.5,86.08442,45
6,82.0,87.66903,51
7,68.5,87.67513,59
8,78.0,87.67028,76
9,45.5,35.25435,88
10,5.0,16.803917,101
