,real_%top,predicted_%top,index
0,82.0,93.95942900720271,38
1,98.5,91.59885649381356,46
2,8.0,20.76496711369313,63
3,85.0,78.23334074110548,64
4,81.5,86.45366034785937,70
5,78.0,85.65613086801142,72
6,98.5,91.06735831829769,84
7,98.0,92.38767853765096,86
8,20.0,6.706717054095932,94
9,9.0,16.100478861004746,97
