,real_%top,predicted_%top,index
0,99.0,95.01313559609319,27
1,96.5,96.36159273328548,28
2,99.5,99.71427389623051,48
3,99.0,99.33728410505289,50
4,98.0,95.79808264397445,63
5,81.0,79.81961070428936,74
6,78.0,94.56483040543051,77
7,45.0,44.639376997919,92
8,11.0,30.62315303070798,101
9,5.0,8.345981977922559,102
