,real_%top,predicted_%top,index
0,82.0,82.56550821571436,38
1,98.5,99.05714739100256,46
2,8.0,23.47519724939789,63
3,85.0,92.81100818587666,64
4,81.5,79.44581931243314,70
5,78.0,59.30947345372279,72
6,98.5,97.79093798653247,84
7,98.0,95.60599935730411,86
8,20.0,22.13940697916536,94
9,9.0,7.5755386798902755,97
