,real_%top,predicted_%top,index
0,92.0,86.53892266021018,2
1,99.95,99.83474470411873,8
2,99.95,98.86324305744039,12
3,34.5,35.48876819812479,25
4,23.5,23.010866318270082,34
5,89.5,86.27238387626518,37
6,31.5,15.005402235647042,40
7,82.0,75.17209501592723,52
8,59.5,65.96118056698118,57
9,81.5,92.23284839871951,71
10,98.5,100.00428689797049,85
