,real_%top,predicted_%top,index
0,91.4,92.50649861657413,3
1,99.0,99.18062457092557,14
2,23.0,18.283255239072997,23
3,98.5,51.85826159665486,25
4,99.0,93.74099980897215,49
5,88.0,97.94189086035831,61
6,91.0,86.90905038218567,65
7,99.5,96.08467162147784,79
8,99.0,93.70744273136359,81
9,48.5,42.76202356557009,93
10,21.5,14.742467706170066,95
