,real_%top,predicted_%top,index
0,99.95,97.19154661121476,10
1,57.0,80.78117134115884,29
2,10.0,23.608669272011962,32
3,99.5,91.7549038230152,38
4,98.5,92.49330329556062,45
5,62.0,79.26629999445001,55
6,97.0,90.4743981446658,67
7,98.0,97.58947578392974,75
8,45.5,22.19272138656407,89
9,66.5,96.79233989709556,99
