,real_%top,predicted_%top,index
0,82.0,85.40064785042742,38
1,98.5,99.46087985315188,46
2,8.0,18.81703776084361,63
3,85.0,98.48590176176215,64
4,81.5,59.32249235805771,70
5,78.0,51.43020730367315,72
6,98.5,98.33551052061739,84
7,98.0,95.51909984907113,86
8,20.0,21.257519832904723,94
9,9.0,7.039545197789664,97
