,real_%top,predicted_%top,index
0,99.0,80.77466615912586,27
1,96.5,91.69257721164338,28
2,99.5,98.41950311604005,48
3,99.0,99.51692766807912,50
4,98.0,94.53301114609005,63
5,81.0,80.64540798910386,74
6,78.0,96.7786336077502,77
7,45.0,43.560152077835575,92
8,11.0,31.87080866888037,101
9,5.0,8.21458640313816,102
