,real_%top,predicted_%top,index
0,91.85,92.61917687605313,3
1,98.5,96.85087733552783,16
2,88.0,81.8019418054834,62
3,95.5,81.8426124911459,70
4,79.0,83.64488769301612,72
5,99.5,91.8330380306756,80
6,98.5,93.45986545717567,84
7,98.0,92.44309831561313,87
8,44.5,69.38685523142027,91
9,30.0,13.904376848215719,97
