,real_%top,predicted_%top,index
0,98.45,93.95454613082285,5
1,99.7,99.9337847429673,6
2,70.5,75.43244242470283,20
3,57.0,83.46274039535913,28
4,54.0,84.28868137477725,30
5,23.5,22.819028691083403,33
6,36.5,59.508319760311934,42
7,97.5,83.55924070486313,67
8,95.5,83.92933855646643,69
9,98.5,91.99536603576357,83
