,real_%top,predicted_%top,index
0,99.95,94.40326190117047,4
1,99.5,91.63209192619462,40
2,99.5,94.76796603613398,48
3,98.0,92.8756427503056,74
4,96.0,95.00010139363238,78
5,21.0,21.507727020890997,80
6,98.5,94.95073702392583,82
7,63.0,74.97205814385482,87
8,44.5,74.73696676872291,90
9,66.5,95.20940129958574,98
