,real_%top,predicted_%top,index
0,7.0,41.523668357667276,10
1,99.95,89.10954366878747,11
2,97.5,87.9084066418513,19
3,99.0,70.7190246024507,26
4,94.0,87.2059468427605,35
5,99.5,99.81292438862886,37
6,31.5,35.52789359348027,39
7,59.5,71.536161411276,56
8,96.5,91.90388136588986,60
9,95.5,93.75125642922333,85
