,real_%top,predicted_%top,index
0,99.95,98.64043285272733,10
1,57.0,77.7799035790598,29
2,10.0,22.018712855771675,32
3,99.5,88.98409258192787,38
4,98.5,90.18913891892421,45
5,62.0,87.89321989162798,55
6,97.0,92.68446305124617,67
7,98.0,97.38405529217515,75
8,45.5,21.214214298773122,89
9,66.5,97.34593798419719,99
