,real_%top,predicted_%top,index
0,82.0,99.47816073800635,38
1,98.5,100.89890634882411,46
2,8.0,35.06139097052883,63
3,85.0,92.47582301928662,64
4,81.5,89.56467612415724,70
5,78.0,75.56625150617478,72
6,98.5,98.20909827623163,84
7,98.0,95.49730352555495,86
8,20.0,24.457672066944443,94
9,9.0,29.95359298965112,97
