,real_%top,predicted_%top,index
0,99.0,76.08565005998575,27
1,96.5,92.40927587635623,28
2,99.5,95.35820465538012,48
3,99.0,96.48679762986067,50
4,98.0,87.99732900117866,63
5,81.0,79.558563816811,74
6,78.0,96.0161698084759,77
7,45.0,43.13733917779716,92
8,11.0,23.7742495083559,101
9,5.0,18.8840496799754,102
