,real_%top,predicted_%top,index
0,7.0,21.982125388758945,10
1,99.95,99.53666048649794,11
2,97.5,78.87542440069244,19
3,99.0,82.20017387977747,26
4,94.0,98.86717921176933,35
5,99.5,92.46866543825153,37
6,31.5,27.951014852512248,39
7,59.5,68.0679734551933,56
8,96.5,87.364263419008,60
9,95.5,99.46277147759821,85
