,real_%top,predicted_%top,index
0,99.7,88.88527977771187,7
1,54.0,59.568026360071435,31
2,82.0,76.35146102760926,39
3,15.0,16.47482886319418,42
4,99.5,98.68943464636845,49
5,96.5,94.07555345313777,61
6,85.0,96.10163852323883,65
7,78.0,80.35431175995298,73
8,96.0,87.50018729336004,79
9,39.5,48.24357511015819,93
