,real_%top,predicted_%top,index
0,91.85,78.56884835969069,3
1,98.5,97.8980966340388,16
2,88.0,86.4581004189858,62
3,95.5,93.1188746134392,70
4,79.0,76.7208642433547,72
5,99.5,93.16651081556152,80
6,98.5,92.88659414889486,84
7,98.0,92.88659414889486,87
8,44.5,72.80461277575914,91
9,30.0,19.897476327974324,97
