,real_%top,predicted_%top,index
0,98.45,88.53832946992411,5
1,99.7,90.53436410716175,6
2,70.5,88.33548944127344,20
3,57.0,82.71543735817893,28
4,54.0,84.48153471978887,30
5,23.5,21.64969159496913,33
6,36.5,22.703186291938824,42
7,97.5,91.26988916901423,67
8,95.5,91.25068702679371,69
9,98.5,94.01205261645183,83
