,real_%top,predicted_%top,index
0,99.95,106.27607005015179,4
1,99.5,92.39711984692158,40
2,99.5,90.60890255271669,48
3,98.0,102.76811862194944,74
4,96.0,94.24991166606941,78
5,21.0,28.729279184918013,80
6,98.5,95.5920481024016,82
7,63.0,75.20393632545795,87
8,44.5,75.15697304298388,90
9,66.5,84.14203961617163,98
