,real_%top,predicted_%top,index
0,99.95,106.3125,4
1,99.5,92.4375,40
2,99.5,90.65625,48
3,98.0,102.84375,74
4,96.0,94.3125,78
5,21.0,28.84375,80
6,98.5,95.65625,82
7,63.0,75.25,87
8,44.5,75.21875,90
9,66.5,84.15625,98
