,real_%top,predicted_%top,index
0,99.95,101.00402741627266,4
1,99.5,85.33455074972049,40
2,99.5,98.89663215881612,48
3,98.0,95.91143954763203,74
4,96.0,101.08736512332416,78
5,21.0,12.799003291304288,80
6,98.5,99.01531694046501,82
7,63.0,44.86502192148017,87
8,44.5,45.70105581657054,90
9,66.5,42.70299336449776,98
