,real_%top,predicted_%top,index
0,99.95,99.71554170502527,5
1,98.45,76.8230417665974,6
2,99.0,97.6640948476819,15
3,99.3,99.3001337726083,17
4,99.5,103.10264683387061,35
5,36.5,14.119103916200714,43
6,97.0,89.19570792690944,44
7,99.0,93.19250965695328,82
8,98.5,96.19718980135157,83
9,48.5,43.45679187144733,94
10,6.5,7.324894447917872,103
