,real_%top,predicted_%top,index
0,92.0,86.52069307031213,1
1,99.95,90.89126373378798,7
2,86.5,81.57812882339836,21
3,10.0,18.743824739252606,31
4,97.0,88.66236993116303,43
5,99.5,97.36255716513368,45
6,82.0,88.51601644943855,51
7,68.5,89.05680435139723,59
8,78.0,97.817340726314,76
9,45.5,23.373093782734458,88
10,5.0,7.388440118135012,101
