,real_%top,predicted_%top,index
0,99.95,97.6609266117309,10
1,57.0,85.17821551849188,29
2,10.0,11.698877393389594,32
3,99.5,100.72788239370858,38
4,98.5,94.40606395619852,45
5,62.0,75.4850022732053,55
6,97.0,85.49541808617175,67
7,98.0,99.19174204521151,75
8,45.5,-17.23200361140924,89
9,66.5,92.97899970389514,99
