,real_%top,predicted_%top,index
0,93.8,97.15093449855135,8
1,99.3,97.14538739025431,16
2,96.5,79.80940656462613,27
3,99.5,93.54048164800346,47
4,62.0,74.02691776985377,54
5,98.0,92.18477836825652,57
6,98.0,85.70902029048791,62
7,79.0,84.5259566593589,71
8,22.0,10.859262738868438,99
9,6.5,19.105977272488772,102
