,real_%top,predicted_%top,index
0,92.15,66.03889006984205,1
1,91.4,75.64868519329626,4
2,93.8,98.07014624529732,9
3,70.5,97.95399317471811,21
4,21.5,19.160698839706864,30
5,83.5,87.22985773459942,51
6,91.0,75.64868519329626,66
7,74.5,93.51306925220209,69
8,99.0,97.43923707568156,76
9,40.0,24.525685670306892,90
