,real_%top,predicted_%top,index
0,99.95,94.43435008431769,4
1,99.5,90.89916539335147,40
2,99.5,90.89916539335147,48
3,98.0,94.43435008431769,74
4,96.0,97.58875584037719,78
5,21.0,21.94355978940143,80
6,98.5,76.81464433163126,82
7,63.0,72.41421021737132,87
8,44.5,72.41421021737132,90
9,66.5,90.89916539335147,98
