,real_%top,predicted_%top,index
0,99.95,102.06458895842725,10
1,57.0,84.8133994491352,29
2,10.0,7.931010938045361,32
3,99.5,95.3395713564706,38
4,98.5,93.6572614497007,45
5,62.0,78.82323533577534,55
6,97.0,83.13859934017738,67
7,98.0,98.26723287485804,75
8,45.5,-13.082470213285333,89
9,66.5,93.27327605192195,99
