,real_%top,predicted_%top,index
0,93.8,94.7965008837906,8
1,99.3,96.84736034353928,16
2,96.5,84.60854037194014,27
3,99.5,94.27195256280147,47
4,62.0,77.60399797565509,54
5,98.0,87.83283440913559,57
6,98.0,86.69362859157012,62
7,79.0,84.96732279712892,71
8,22.0,9.896307200795775,99
9,6.5,17.30360300085458,102
