,real_%top,predicted_%top,index
0,92.0,75.2871795650865,1
1,99.95,95.87759363706735,7
2,86.5,93.41070000460726,21
3,10.0,21.787911750137596,31
4,97.0,76.36016148361631,43
5,99.5,94.70459451826518,45
6,82.0,93.41385582359914,51
7,68.5,92.30268886678614,59
8,78.0,97.66086508424831,76
9,45.5,21.555604635788136,88
10,5.0,21.54741453162147,101
