,real_%top,predicted_%top,index
0,99.95,93.75769455735417,9
1,98.5,97.0497105084522,15
2,99.5,91.20651853666305,34
3,89.5,90.6297791948014,36
4,15.0,21.37975346488374,41
5,83.5,79.37157433645336,50
6,96.5,90.50127678205234,53
7,62.5,74.85298358050865,55
8,95.5,78.2987249631456,58
9,40.0,22.69766328900394,89
