,real_%top,predicted_%top,index
0,99.7,100.54941059785997,7
1,54.0,84.64467774538565,31
2,82.0,91.43361737170724,39
3,15.0,32.30028028478402,42
4,99.5,92.34491720673324,49
5,96.5,89.75147006463003,61
6,85.0,78.46188948108806,65
7,78.0,86.76814246032114,73
8,96.0,93.55708208664274,79
9,39.5,66.99880818503941,93
