,real_%top,predicted_%top,index
0,7.0,37.33006998633583,10
1,99.95,88.9450605804063,11
2,97.5,90.15294460572308,19
3,99.0,74.46386114009437,26
4,94.0,87.72316476025162,35
5,99.5,98.75453962849402,37
6,31.5,31.12173962926184,39
7,59.5,72.52098098981698,56
8,96.5,91.07871206975125,60
9,95.5,93.50444632750677,85
