,real_%top,predicted_%top,index
0,99.95,107.03837037575697,4
1,99.5,95.67351959032005,40
2,99.5,89.07444722452891,48
3,98.0,101.61794636672772,74
4,96.0,91.77442614584697,78
5,21.0,34.35007677263386,80
6,98.5,98.0245039941266,82
7,63.0,74.9748637185586,87
8,44.5,74.8015547473358,90
9,66.5,88.99725015947439,98
