,real_%top,predicted_%top,index
0,92.15,82.58547991731696,1
1,91.4,82.57124840824088,4
2,93.8,92.4063381721314,9
3,70.5,85.94621473100908,21
4,21.5,19.298506040380488,30
5,83.5,78.79793623722905,51
6,91.0,85.83651431581022,66
7,74.5,85.92815255002053,69
8,99.0,88.06908778130239,76
9,40.0,3.2418430639097977,90
