,real_%top,predicted_%top,index
0,71.0,78.4694344501825,19
1,97.5,98.19352786571302,20
2,51.5,87.52680200440344,23
3,64.0,80.33703989532906,33
4,95.5,80.70884669764249,59
5,68.5,85.1267012315982,60
6,8.0,27.619845282625974,64
7,63.0,60.99913368463983,88
8,20.0,2.9856876687878326,95
9,9.0,20.55914389286056,98
