,real_%top,predicted_%top,index
0,92.15,85.86853362926703,0
1,98.0,102.88633775560767,13
2,99.9,95.95397890669577,17
3,71.0,75.23755514920707,18
4,34.5,36.160746666535566,24
5,21.5,13.527953070625884,29
6,98.5,90.88128514296706,44
7,74.5,81.89768729821381,68
8,81.0,82.19189433415674,73
9,45.0,71.97528537047172,91
