,real_%top,predicted_%top,index
0,71.0,77.05234055319539,19
1,97.5,95.98712998728242,20
2,51.5,90.02077504737397,23
3,64.0,84.34192819342167,33
4,95.5,80.29824521543443,59
5,68.5,87.42128000807949,60
6,8.0,23.34328794792482,64
7,63.0,60.58815544937268,88
8,20.0,4.93055025839972,95
9,9.0,17.898984752578315,98
