,real_%top,predicted_%top,index
0,92.15,87.73494498463312,0
1,98.0,98.27819143894415,13
2,99.9,95.44266596281058,17
3,71.0,73.52062590305685,18
4,34.5,40.724126116725486,24
5,21.5,14.609236175897692,29
6,98.5,90.67674524886277,44
7,74.5,83.10109652432749,68
8,81.0,84.8150283388977,73
9,45.0,72.83063426541166,91
