,real_%top,predicted_%top,index
0,92.15,84.75117746453137,0
1,98.0,101.08290073069578,13
2,99.9,98.61749211416415,17
3,71.0,74.22266012335629,18
4,34.5,22.11298365773949,24
5,21.5,19.168480910032528,29
6,98.5,92.18753754386549,44
7,74.5,85.68882376608605,68
8,81.0,80.77077935197146,73
9,45.0,61.08227300016516,91
