,real_%top,predicted_%top,index
0,71.0,76.09540954154525,19
1,97.5,94.43661094247787,20
2,51.5,84.35298883074731,23
3,64.0,79.27882679211055,33
4,95.5,80.26093223402192,59
5,68.5,84.10153828766167,60
6,8.0,29.247858610675635,64
7,63.0,65.14883456709136,88
8,20.0,4.197166208161761,95
9,9.0,21.038123237674412,98
