,real_%top,predicted_%top,index
0,7.0,20.98477923961793,10
1,99.95,82.8472466670436,11
2,97.5,89.52338241178467,19
3,99.0,80.80675488988707,26
4,94.0,76.53751310638853,35
5,99.5,89.97815837415548,37
6,31.5,20.977374019146964,39
7,59.5,73.72613801625278,56
8,96.5,88.89287874753764,60
9,95.5,96.24035244772735,85
