,real_%top,predicted_%top,index
0,99.0,73.02653548652974,27
1,96.5,80.52852907320795,28
2,99.5,97.83943517203556,48
3,99.0,91.50391391095734,50
4,98.0,89.11403726093775,63
5,81.0,75.90772136963001,74
6,78.0,95.0336744924584,77
7,45.0,45.65033812612806,92
8,11.0,30.810099850723404,101
9,5.0,7.148614708071191,102
