,real_%top,predicted_%top,index
0,82.0,96.03170652037245,38
1,98.5,98.28450101338414,46
2,8.0,20.45283750276095,63
3,85.0,98.82723296527529,64
4,81.5,82.24664740757952,70
5,78.0,70.02374318646942,72
6,98.5,95.14602107260933,84
7,98.0,95.63165951123955,86
8,20.0,23.512786386886752,94
9,9.0,4.007857870388413,97
