,real_%top,predicted_%top,index
0,71.0,77.55727362068309,19
1,97.5,94.46366214888346,20
2,51.5,87.11000686602182,23
3,64.0,81.59973066031989,33
4,95.5,82.11133960489154,59
5,68.5,88.56608558118067,60
6,8.0,24.873338272224558,64
7,63.0,69.44191522945451,88
8,20.0,4.236289591673852,95
9,9.0,16.615047411413656,98
