,real_%top,predicted_%top,index
0,92.15,89.16061061734177,0
1,98.0,96.72885298085768,13
2,99.9,96.50014131445981,17
3,71.0,78.51171110200221,18
4,34.5,64.22144710864686,24
5,21.5,20.72358302913176,29
6,98.5,94.14145336131503,44
7,74.5,84.19110248753223,68
8,81.0,84.31427802056685,73
9,45.0,62.10173563661004,91
