,real_%top,predicted_%top,index
0,7.0,46.111586824608615,11
1,99.75,98.2522106107065,13
2,99.9,100.02232567473645,18
3,98.5,87.99649605121387,26
4,94.0,85.68426023767884,36
5,99.5,95.4656032222029,41
6,99.5,95.38222965480696,46
7,96.5,92.14244108320884,54
8,62.5,68.21398727907295,56
9,21.5,-2.44335794352196,96
10,22.0,4.344663626128906,100
