,real_%top,predicted_%top,index
0,99.95,98.92643212228182,9
1,98.5,98.74497493810145,15
2,99.5,99.35482365799538,34
3,89.5,93.92269703994316,36
4,15.0,36.20735070164453,41
5,83.5,76.22640471683893,50
6,96.5,87.45969441427012,53
7,62.5,70.99571901475971,55
8,95.5,79.06067926004607,58
9,40.0,7.624574500663087,89
