,real_%top,predicted_%top,index
0,98.0,96.28543606569747,14
1,86.5,85.56139320535529,22
2,23.0,22.425676147088623,24
3,98.5,92.12645452329272,47
4,96.5,88.80145456303651,53
5,98.0,89.74267223915678,58
6,97.5,81.99569881570818,68
7,97.0,100.1649972862619,78
8,21.0,33.33193360995993,81
9,95.5,94.4558014214763,86
