,real_%top,predicted_%top,index
0,7.0,21.08497098112335,10
1,99.95,101.99966594674966,11
2,97.5,98.02713546008712,19
3,99.0,94.05364198394552,26
4,94.0,77.61850763241158,35
5,99.5,88.42574699854119,37
6,31.5,23.468454525081356,39
7,59.5,66.33718390259706,56
8,96.5,87.45566319355879,60
9,95.5,97.93051584128969,85
