,real_%top,predicted_%top,index
0,99.7,88.4106959445339,7
1,54.0,61.451874644216424,31
2,82.0,91.92867762379902,39
3,15.0,11.024191539276362,42
4,99.5,99.2693652910555,49
5,96.5,93.2543529341371,61
6,85.0,93.41502510324966,65
7,78.0,80.28059814172462,73
8,96.0,92.86430940065924,79
9,39.5,49.24935731614139,93
