,real_%top,predicted_%top,index
0,7.0,47.0140446035249,11
1,99.75,98.18124339725112,13
2,99.9,97.63089377377257,18
3,98.5,91.77531258484312,26
4,94.0,86.26960289067704,36
5,99.5,98.29949437883565,41
6,99.5,98.12334634367667,46
7,96.5,93.14220093109607,54
8,62.5,67.4752675450511,56
9,21.5,-8.687179977037331,96
10,22.0,-0.20969722696091253,100
