,real_%top,predicted_%top,index
0,91.85,83.31347832417043,2
1,99.75,94.98214695717216,12
2,51.5,87.37640526955249,22
3,64.0,80.36025536267488,32
4,96.5,93.89059974247452,52
5,97.0,87.32878304239323,66
6,99.0,88.26877194373576,75
7,97.0,95.62570038124714,77
8,39.5,71.2994574734783,92
9,30.0,15.881200347057757,96
10,11.0,12.871970869835422,100
