,real_%top,predicted_%top,index
0,91.85,81.5271625545254,2
1,99.75,100.68611071506056,12
2,51.5,83.96719538953572,22
3,64.0,53.93788613297039,32
4,96.5,82.76914059367721,52
5,97.0,74.54937798527246,66
6,99.0,88.19576405688666,75
7,97.0,95.96363149204134,77
8,39.5,46.22706014493839,92
9,30.0,9.004863596909097,96
10,11.0,12.44342679646119,100
