,real_%top,predicted_%top,index
0,7.0,24.34015621174369,11
1,99.75,99.67176095416953,13
2,99.9,98.34884379483283,18
3,98.5,51.54353119455724,26
4,94.0,96.06290232939908,36
5,99.5,82.04181202687477,41
6,99.5,87.08248622505273,46
7,96.5,107.18056936567844,54
8,62.5,54.614300806857436,56
9,21.5,14.951904932227178,96
10,22.0,12.905716784080074,100
