,real_%top,predicted_%top,index
0,92.15,93.94480377162819,0
1,98.0,99.343095040604,13
2,99.9,98.15980046441588,17
3,71.0,88.00121097285208,18
4,34.5,33.361451818333386,24
5,21.5,18.721994694307437,29
6,98.5,92.78097995195536,44
7,74.5,97.05237650335955,68
8,81.0,80.50095650628214,73
9,45.0,46.00063748038957,91
