,real_%top,predicted_%top,index
0,93.8,99.45158707385346,8
1,99.3,99.45158707385346,16
2,96.5,91.31892563089032,27
3,99.5,88.18030574477862,47
4,62.0,77.90011562395458,54
5,98.0,81.9584983062169,57
6,98.0,86.01688098847922,62
7,79.0,87.40614322962769,71
8,22.0,13.708327066573489,99
9,6.5,14.1682084646488,102
