,real_%top,predicted_%top,index
0,99.95,87.62500000000004,10
1,57.0,87.62500000000004,29
2,10.0,15.749999999999872,32
3,99.5,87.62500000000004,38
4,98.5,87.62500000000004,45
5,62.0,87.62500000000004,55
6,97.0,87.62500000000004,67
7,98.0,87.62500000000004,75
8,45.5,15.749999999999872,89
9,66.5,87.62500000000004,99
