,real_%top,predicted_%top,index
0,91.4,80.80211198601229,3
1,99.0,97.90594196576556,14
2,23.0,22.481425613387305,23
3,98.5,88.32245804163585,25
4,99.0,94.58702161465986,49
5,88.0,88.22090922601436,61
6,91.0,91.24152325831847,65
7,99.5,93.95488077272746,79
8,99.0,88.81806610376638,81
9,48.5,67.1881621847515,93
10,21.5,21.390806628205823,95
