,real_%top,predicted_%top,index
0,99.7,97.03999327256408,7
1,54.0,59.298400462485134,31
2,82.0,81.27928035205143,39
3,15.0,10.998681047553779,42
4,99.5,98.75509027790513,49
5,96.5,96.43094814722433,61
6,85.0,99.33843765950499,65
7,78.0,74.31149409277513,73
8,96.0,88.9226302450389,79
9,39.5,48.712522979943785,93
