,real_%top,predicted_%top,index
0,7.0,19.66589127841729,10
1,99.95,99.3490963445767,11
2,97.5,87.32414410388533,19
3,99.0,84.91938953787533,26
4,94.0,87.82510690351748,35
5,99.5,87.89177878801529,37
6,31.5,25.69335547277698,39
7,59.5,67.52331499353511,56
8,96.5,84.79640736174731,60
9,95.5,100.0857501200619,85
