,real_%top,predicted_%top,index
0,99.0,79.21560952380953,27
1,96.5,83.72380357142858,28
2,99.5,96.49982142857145,48
3,99.0,93.47395753968253,50
4,98.0,87.8555238095238,63
5,81.0,77.08148928571428,74
6,78.0,97.74507261904762,77
7,45.0,54.14800595238096,92
8,11.0,22.544732142857143,101
9,5.0,13.021464285714284,102
