,real_%top,predicted_%top,index
0,82.0,94.52530476190474,38
1,98.5,98.24733809523806,46
2,8.0,19.86425992063492,63
3,85.0,90.15782738095238,64
4,81.5,73.6609214285714,70
5,78.0,70.01791428571426,72
6,98.5,95.0801333333333,84
7,98.0,95.11216666666664,86
8,20.0,19.30584523809524,94
9,9.0,12.059470238095237,97
