,real_%top,predicted_%top,index
0,98.45,94.56350249714626,5
1,99.7,100.40698197159605,6
2,70.5,81.79125024727107,20
3,57.0,84.56720393613244,28
4,54.0,82.55369199868498,30
5,23.5,17.123884928883783,33
6,36.5,55.953854762252824,42
7,97.5,83.85685595167247,67
8,95.5,85.72944865415779,69
9,98.5,90.66480218728876,83
