,real_%top,predicted_%top,index
0,91.85,86.06413999362418,3
1,98.5,96.91072217366501,16
2,88.0,83.58381954417541,62
3,95.5,84.1865235802775,70
4,79.0,84.61151516937407,72
5,99.5,95.28725644935678,80
6,98.5,92.8230350781514,84
7,98.0,94.36317343515476,87
8,44.5,69.53983143484983,91
9,30.0,18.641195157035312,97
