,real_%top,predicted_%top,index
0,98.45,92.05813699602875,5
1,99.7,99.51950949904254,6
2,70.5,79.14342815651982,20
3,57.0,84.10711919518354,28
4,54.0,87.1786279055147,30
5,23.5,20.34293523017699,33
6,36.5,57.903501601929825,42
7,97.5,83.01550110475652,67
8,95.5,83.9641879046557,69
9,98.5,90.8382025946869,83
