,real_%top,predicted_%top,index
0,98.45,92.74589557564948,5
1,99.7,99.34533036435202,6
2,70.5,79.84649403848763,20
3,57.0,84.56566720029392,28
4,54.0,86.25264481190452,30
5,23.5,20.39036803123409,33
6,36.5,58.0349589774346,42
7,97.5,83.16247907952769,67
8,95.5,84.22273622537197,69
9,98.5,90.76228432821986,83
