,real_%top,predicted_%top,index
0,99.0,87.33608618722872,27
1,96.5,90.46613890087386,28
2,99.5,97.12125325077731,48
3,99.0,94.41697689357558,50
4,98.0,92.5579622247613,63
5,81.0,79.04205106564817,74
6,78.0,94.21371060841116,77
7,45.0,44.98171140151317,92
8,11.0,31.719295733802678,101
9,5.0,7.308995182921345,102
