,real_%top,predicted_%top,index
0,82.0,88.7252693330934,38
1,98.5,100.53219748548725,46
2,8.0,32.46141994705846,63
3,85.0,91.4649228887493,64
4,81.5,91.2148169385563,70
5,78.0,80.24189766701163,72
6,98.5,99.4626272407194,84
7,98.0,95.49999519559003,86
8,20.0,21.29099633308837,94
9,9.0,16.685853026700794,97
