,real_%top,predicted_%top,index
0,82.0,98.11999622050898,38
1,98.5,99.5562710987216,46
2,8.0,21.62994676090731,63
3,85.0,99.55184724439863,64
4,81.5,95.07978197457548,70
5,78.0,83.28008397715958,72
6,98.5,97.5726748113695,84
7,98.0,96.1308488345427,86
8,20.0,25.270121287975382,94
9,9.0,22.323386043982545,97
