,real_%top,predicted_%top,index
0,99.95,94.64117656022474,9
1,98.5,96.86617687192161,15
2,99.5,94.19447453738977,34
3,89.5,90.08969371793403,36
4,15.0,21.60310251304852,41
5,83.5,76.25578671195183,50
6,96.5,91.87142997301237,53
7,62.5,75.38322273415764,55
8,95.5,79.45573832342812,58
9,40.0,24.379443779625085,89
