,real_%top,predicted_%top,index
0,98.0,97.27870678341684,14
1,86.5,89.90637728305202,22
2,23.0,22.63102634470532,24
3,98.5,92.17422378427727,47
4,96.5,91.23976400598616,53
5,98.0,89.67101725569302,58
6,97.5,90.76141399670914,68
7,97.0,95.32567389576234,78
8,21.0,22.502740630419602,81
9,95.5,96.47890922719989,86
