,real_%top,predicted_%top,index
0,98.45,92.30000991081288,5
1,99.7,92.92312859024143,6
2,70.5,92.42244571251118,20
3,57.0,83.78585490967367,28
4,54.0,73.60545289432791,30
5,23.5,19.416170603089725,33
6,36.5,19.952328972498094,42
7,97.5,89.36219357227738,67
8,95.5,89.13404555362935,69
9,98.5,94.76829623760312,83
