,real_%top,predicted_%top,index
0,99.95,100.72331443944455,4
1,99.5,99.86366866380628,40
2,99.5,99.07960010049123,48
3,98.0,98.66833970196348,74
4,96.0,88.73627167884403,78
5,21.0,19.959157018118162,80
6,98.5,96.5715339874484,82
7,63.0,54.5185653525554,87
8,44.5,53.90990438445207,90
9,66.5,99.3844475310127,98
