,real_%top,predicted_%top,index
0,92.15,91.19839570765521,1
1,91.4,87.34183849282246,4
2,93.8,99.04692464148117,9
3,70.5,95.92881746699221,21
4,21.5,19.048620924792395,30
5,83.5,70.87124576496728,51
6,91.0,92.92819439012817,66
7,74.5,96.99952886113505,69
8,99.0,98.54177039001696,76
9,40.0,46.44549763570621,90
