,real_%top,predicted_%top,index
0,92.15,83.9893032418431,0
1,98.0,99.73430005293397,13
2,99.9,99.73430005293397,17
3,71.0,79.41569295337919,18
4,34.5,51.50798143132446,24
5,21.5,18.44170122741596,29
6,98.5,91.60800695612753,44
7,74.5,90.17032058952886,68
8,81.0,80.21705962976718,73
9,45.0,63.39639463145755,91
