,real_%top,predicted_%top,index
0,7.0,27.010918690695306,10
1,99.95,92.0063825155227,11
2,97.5,87.59646189402703,19
3,99.0,72.1737318464998,26
4,94.0,100.26240114934615,35
5,99.5,98.040582457612,37
6,31.5,14.976786035511994,39
7,59.5,67.48368545935195,56
8,96.5,94.66564843315088,60
9,95.5,99.28582961363985,85
