,real_%top,predicted_%top,index
0,99.7,82.66574682283994,7
1,54.0,59.10096509346651,31
2,82.0,99.55163222633291,39
3,15.0,26.73253667494057,42
4,99.5,99.19705720892277,49
5,96.5,90.15152663112403,61
6,85.0,95.31741323928414,65
7,78.0,79.65588175085016,73
8,96.0,99.51914562199178,79
9,39.5,47.80376311595534,93
