,real_%top,predicted_%top,index
0,99.95,97.99918927615599,10
1,57.0,78.41437826438353,29
2,10.0,19.38778614843096,32
3,99.5,89.67682371566777,38
4,98.5,91.9053868190917,45
5,62.0,75.36126939816805,55
6,97.0,96.85135944687946,67
7,98.0,92.30274875466432,75
8,45.5,19.199761672906483,89
9,66.5,90.76052752935013,99
