,real_%top,predicted_%top,index
0,93.8,90.08433511485471,8
1,99.3,97.40415786575284,16
2,96.5,91.12576255780556,27
3,99.5,95.81099086581423,47
4,62.0,74.13133307192987,54
5,98.0,89.99497666561896,57
6,98.0,93.2697740494826,62
7,79.0,73.5211113394761,71
8,22.0,22.374006619536036,99
9,6.5,21.928207626862044,102
