,real_%top,predicted_%top,index
0,82.0,89.22076275198395,38
1,98.5,95.94380831166168,46
2,8.0,23.889216960969737,63
3,85.0,80.02048047457458,64
4,81.5,79.27001763309953,70
5,78.0,74.49969319340887,72
6,98.5,96.02339523020599,84
7,98.0,96.01258273020599,86
8,20.0,23.18832410382688,94
9,9.0,23.18832410382688,97
