,real_%top,predicted_%top,index
0,99.0,85.84129678859334,27
1,96.5,93.10782137239825,28
2,99.5,94.34111852624832,48
3,99.0,94.18228674571003,50
4,98.0,89.3300887701413,63
5,81.0,73.50411758924852,74
6,78.0,92.97886271855822,77
7,45.0,79.30424068756842,92
8,11.0,23.00387271510091,101
9,5.0,22.575842412070607,102
