,real_%top,predicted_%top,index
0,98.0,86.3825757575758,14
1,86.5,86.3825757575758,22
2,23.0,17.69999999999979,24
3,98.5,86.3825757575758,47
4,96.5,86.3825757575758,53
5,98.0,86.3825757575758,58
6,97.5,86.3825757575758,68
7,97.0,86.3825757575758,78
8,21.0,17.699999999999676,81
9,95.5,86.3825757575758,86
