,real_%top,predicted_%top,index
0,7.0,44.68547772547383,10
1,99.95,94.47414235057613,11
2,97.5,82.03033466210876,19
3,99.0,73.88058918369254,26
4,94.0,84.68066184160479,35
5,99.5,89.93762325056476,37
6,31.5,25.6713319178374,39
7,59.5,76.63899165249912,56
8,96.5,84.92477694660492,60
9,95.5,96.46259874533301,85
