,real_%top,predicted_%top,index
0,99.7,96.48738025881977,7
1,54.0,83.82020483724983,31
2,82.0,91.79798300501214,39
3,15.0,26.990439661765848,42
4,99.5,95.08224488446778,49
5,96.5,86.40223238830289,61
6,85.0,81.446852165509,65
7,78.0,82.5022273160987,73
8,96.0,91.23915447918796,79
9,39.5,54.09737037251225,93
