,real_%top,predicted_%top,index
0,92.15,87.5729818810601,0
1,98.0,98.33734178228423,13
2,99.9,98.93075506457403,17
3,71.0,67.30842412956892,18
4,34.5,39.305121436551204,24
5,21.5,20.121331179733488,29
6,98.5,88.99460398951337,44
7,74.5,87.31507348990392,68
8,81.0,84.0301101436358,73
9,45.0,65.08695405090717,91
