,real_%top,predicted_%top,index
0,71.0,77.99798942352456,19
1,97.5,95.69861413339062,20
2,51.5,88.4409366062826,23
3,64.0,83.64697317975791,33
4,95.5,80.24514505357276,59
5,68.5,87.21044063004352,60
6,8.0,23.161289069498196,64
7,63.0,67.30825677481094,88
8,20.0,6.093148243285512,95
9,9.0,16.536095426043545,98
