,real_%top,predicted_%top,index
0,7.0,20.412849818941805,10
1,99.95,90.98317655816405,11
2,97.5,97.43232192386866,19
3,99.0,87.00418116397492,26
4,94.0,86.14904467597462,35
5,99.5,88.43266166403042,37
6,31.5,23.281976693456173,39
7,59.5,81.4860783702409,56
8,96.5,90.30622999431124,60
9,95.5,95.87381231399318,85
