,real_%top,predicted_%top,index
0,99.7,80.74576385420127,7
1,54.0,65.61160252872126,31
2,82.0,70.8985501401376,39
3,15.0,17.53825563692844,42
4,99.5,97.84859743397733,49
5,96.5,88.26056532054547,61
6,85.0,90.10596582975847,65
7,78.0,65.63055929279052,73
8,96.0,88.68452182192809,79
9,39.5,63.027337903762884,93
