,real_%top,predicted_%top,index
0,99.95,105.88869669067327,5
1,98.45,92.93701186059744,6
2,99.0,98.44803173236309,15
3,99.3,98.47391010969935,17
4,99.5,98.38084430200081,35
5,36.5,55.274027675301106,43
6,97.0,79.61470325898564,44
7,99.0,83.45127797306979,82
8,98.5,93.65746961752237,83
9,48.5,66.91074014528259,94
10,6.5,24.598853820715675,103
