,real_%top,predicted_%top,index
0,92.15,83.92615630790364,1
1,91.4,85.8718787855614,4
2,93.8,99.88979302666368,9
3,70.5,92.53376370902714,21
4,21.5,14.84417634894959,30
5,83.5,72.00903605016322,51
6,91.0,91.88568028088542,66
7,74.5,96.98557457148934,69
8,99.0,95.99666868741132,76
9,40.0,48.0145713256302,90
