,real_%top,predicted_%top,index
0,99.95,97.20475359836334,4
1,99.5,82.0343341166605,40
2,99.5,98.49701287287661,48
3,98.0,94.26368583353039,74
4,96.0,100.40027534560355,78
5,21.0,21.924242544723825,80
6,98.5,97.06219929326905,82
7,63.0,43.193063882981974,87
8,44.5,43.93051497479501,90
9,66.5,46.83208253029595,98
