,real_%top,predicted_%top,index
0,7.0,40.22378858332849,11
1,99.75,96.11452057805467,13
2,99.9,98.90515261276164,18
3,98.5,85.01405689377823,26
4,94.0,87.7581722631702,36
5,99.5,94.78846806559899,41
6,99.5,94.7628815882235,46
7,96.5,85.33826652594271,54
8,62.5,67.64989889037562,56
9,21.5,-3.9069708416267446,96
10,22.0,4.795401101740879,100
