,real_%top,predicted_%top,index
0,91.85,84.11025004930478,2
1,99.75,97.06128353970207,12
2,51.5,88.09807300608533,22
3,64.0,80.75657137424224,32
4,96.5,91.97803760474041,52
5,97.0,82.70534181754499,66
6,99.0,90.11400071785775,75
7,97.0,98.95810417158438,77
8,39.5,71.54216602402282,92
9,30.0,17.889906292311053,96
10,11.0,17.82529927806071,100
