,real_%top,predicted_%top,index
0,7.0,10.927062,10
1,99.95,79.15425,11
2,97.5,79.196724,19
3,99.0,79.16907,26
4,94.0,79.19487,35
5,99.5,79.211494,37
6,31.5,10.911933,39
7,59.5,79.18073,56
8,96.5,79.2019,60
9,95.5,95.215195,85
