,real_%top,predicted_%top,index
0,7.0,81.93151,10
1,99.95,83.52981,11
2,97.5,83.14513,19
3,99.0,83.16493,26
4,94.0,83.297745,35
5,99.5,83.31186,37
6,31.5,12.449886,39
7,59.5,83.222786,56
8,96.5,83.15626,60
9,95.5,83.352394,85
