,real_%top,predicted_%top,index
0,7.0,81.93149,10
1,99.95,83.52979,11
2,97.5,83.1451,19
3,99.0,83.16491,26
4,94.0,83.29773,35
5,99.5,83.311844,37
6,31.5,12.449881,39
7,59.5,83.22277,56
8,96.5,83.15624,60
9,95.5,83.35237,85
