,real_%top,predicted_%top,index
0,99.7,97.62992,6
1,54.0,85.20217,30
2,82.0,97.59527,38
3,15.0,97.4746,41
4,99.5,97.6103,48
5,96.5,97.617165,60
6,85.0,97.640205,64
7,78.0,85.39375,72
8,96.0,97.606476,78
9,39.5,30.9623,92
