,real_%top,predicted_%top,index
0,92.0,78.99603204770344,1
1,99.95,100.77232589512167,7
2,86.5,65.25802986482498,21
3,10.0,22.705434691806413,31
4,97.0,91.78335595301952,43
5,99.5,96.2095757656322,45
6,82.0,98.69461042159473,51
7,68.5,96.62603937902743,59
8,78.0,97.37356887858151,76
9,45.5,23.30877885131874,88
10,5.0,9.87866913930128,101
