,real_%top,predicted_%top,index
0,99.95,104.1063302957967,5
1,98.45,94.05577211820611,6
2,99.0,97.93723017345603,15
3,99.3,100.05354103595492,17
4,99.5,99.79120694837815,35
5,36.5,13.874429236307737,43
6,97.0,93.94776119066628,44
7,99.0,96.84413979759942,82
8,98.5,95.56106438823758,83
9,48.5,41.7102443201775,94
10,6.5,6.393413562080314,103
