,real_%top,predicted_%top,index
0,99.95,104.0288999913133,5
1,98.45,89.98191910672661,6
2,99.0,96.09504689018499,15
3,99.3,96.12633668530152,17
4,99.5,101.4590467257558,35
5,36.5,70.74619480429949,43
6,97.0,83.28727699916006,44
7,99.0,83.25183180201279,82
8,98.5,93.12507049974411,83
9,48.5,62.77899882032838,94
10,6.5,19.727041580383826,103
