,real_%top,predicted_%top,index
0,92.0,90.30371324196301,2
1,99.95,92.38469885423207,8
2,99.95,105.61837262103494,12
3,34.5,22.02242791460008,25
4,23.5,18.386346355965028,34
5,89.5,81.81034520969226,37
6,31.5,29.077064035967343,40
7,82.0,92.61799779842144,52
8,59.5,64.28148993794498,57
9,81.5,91.46334401135869,71
10,98.5,98.2711113181345,85
