,real_%top,predicted_%top,index
0,99.0,87.7393981060971,27
1,96.5,94.53922248725002,28
2,99.5,94.9185537836497,48
3,99.0,94.6473880219604,50
4,98.0,89.6575447885448,63
5,81.0,80.979626794224,74
6,78.0,96.57665918189133,77
7,45.0,70.05616039969013,92
8,11.0,24.29370429557542,101
9,5.0,23.84313479563092,102
