,real_%top,predicted_%top,index
0,99.95,94.55321424904845,5
1,98.45,94.55321424904845,6
2,99.0,96.41587556259121,15
3,99.3,96.41587556259121,17
4,99.5,94.52092229390607,35
5,36.5,28.22618836527524,43
6,97.0,82.89820497948314,44
7,99.0,80.78335032666217,82
8,98.5,77.33872550762071,83
9,48.5,72.80730718576734,94
10,6.5,20.284928474082836,103
