,real_%top,predicted_%top,index
0,99.0,85.27394167420267,27
1,96.5,92.864328993327,28
2,99.5,100.02519015815888,48
3,99.0,90.73813476972605,50
4,98.0,93.3605853971323,63
5,81.0,75.60606988476236,74
6,78.0,85.27501664174828,77
7,45.0,45.748298616106545,92
8,11.0,25.529105964225334,101
9,5.0,5.572044134349823,102
