,real_%top,predicted_%top,index
0,82.0,88.19990854104682,38
1,98.5,101.63786813889254,46
2,8.0,21.01914319791424,63
3,85.0,95.62275832046963,64
4,81.5,92.09102901505265,70
5,78.0,79.14002836051415,72
6,98.5,104.39908939991629,84
7,98.0,101.33480510472417,86
8,20.0,28.737506725545988,94
9,9.0,16.9217310359049,97
