,real_%top,predicted_%top,index
0,92.0,90.14271061404652,1
1,99.95,99.84128827178294,7
2,86.5,80.5328317240609,21
3,10.0,8.673133115520187,31
4,97.0,89.43935602217508,43
5,99.5,90.23140938179733,45
6,82.0,89.43935602217508,51
7,68.5,78.29549578562778,59
8,78.0,86.90004958007341,76
9,45.5,-18.70035054052437,88
10,5.0,17.710378011619355,101
