,real_%top,predicted_%top,index
0,99.95,85.50615384615386,5
1,98.45,85.50615384615386,6
2,99.0,85.50615384615386,15
3,99.3,85.50615384615386,17
4,99.5,85.50615384615386,35
5,36.5,37.25000000000005,43
6,97.0,85.50615384615386,44
7,99.0,85.50615384615386,82
8,98.5,85.50615384615386,83
9,48.5,85.50615384615394,94
10,6.5,18.699999999999946,103
