,real_%top,predicted_%top,index
0,82.0,93.3187042847224,38
1,98.5,95.7236021376354,46
2,8.0,21.780902380543385,63
3,85.0,81.47134197002985,64
4,81.5,80.35294084308356,70
5,78.0,77.20459622599337,72
6,98.5,92.50213447052398,84
7,98.0,92.666347731242,86
8,20.0,21.591159233613553,94
9,9.0,21.591159233613553,97
