,real_%top,predicted_%top,index
0,92.15,71.81429510494107,1
1,91.4,71.75807288271885,4
2,93.8,91.63715683679018,9
3,70.5,81.66977005408533,21
4,21.5,18.57213618885713,30
5,83.5,72.10517308113154,51
6,91.0,92.05044244977567,66
7,74.5,96.39091815124875,69
8,99.0,79.0149075113028,76
9,40.0,22.68684023879928,90
