,real_%top,predicted_%top,index
0,99.95,95.31432984389006,4
1,99.5,94.73371689355776,40
2,99.5,95.16746461661428,48
3,98.0,91.97269655381844,74
4,96.0,87.95279622824745,78
5,21.0,20.924858498087403,80
6,98.5,91.43776698404179,82
7,63.0,78.24596671261261,87
8,44.5,78.12896924903389,90
9,66.5,96.65556016522207,98
