,real_%top,predicted_%top,index
0,91.4,76.0868061373941,3
1,99.0,97.50257806234875,14
2,23.0,21.611539952184202,23
3,98.5,93.20442066713771,25
4,99.0,95.24044171875634,49
5,88.0,86.95756181308367,61
6,91.0,90.79250731714534,65
7,99.5,95.00988637209885,79
8,99.0,72.97610272460031,81
9,48.5,69.16857012637415,93
10,21.5,21.05275006078905,95
