,real_%top,predicted_%top,index
0,91.4,87.20367,3
1,99.0,87.22382,14
2,23.0,38.994656,23
3,98.5,87.13755,25
4,99.0,87.22328,49
5,88.0,87.144135,61
6,91.0,87.14324,65
7,99.5,87.12207,79
8,99.0,87.10792,81
9,48.5,41.898384,93
10,21.5,23.055782,95
