,real_%top,predicted_%top,index
0,92.0,95.15424,1
1,99.95,95.1688,7
2,99.95,95.16354,11
3,34.5,34.174408,24
4,23.5,33.864437,33
5,89.5,95.16379,36
6,31.5,33.59321,39
7,82.0,95.17057,51
8,59.5,95.15537,56
9,81.5,95.14575,70
10,98.5,95.167015,84
