,real_%top,predicted_%top,index
0,91.4,74.29841,3
1,99.0,74.37157,14
2,23.0,65.781975,23
3,98.5,74.359985,25
4,99.0,74.36364,49
5,88.0,74.351906,61
6,91.0,74.31633,65
7,99.5,82.59706,79
8,99.0,82.6022,81
9,48.5,74.34925,93
10,21.5,53.085316,95
