,real_%top,predicted_%top,index
0,92.0,92.59170263946667,1
1,99.95,83.38450691008617,7
2,86.5,97.57087823024618,21
3,10.0,21.010115286603373,31
4,97.0,85.60578984148114,43
5,99.5,98.42393606160122,45
6,82.0,98.222775928922,51
7,68.5,90.62632165979689,59
8,78.0,99.67522652545847,76
9,45.5,20.230369398292545,88
10,5.0,7.081420539121258,101
