,real_%top,predicted_%top,index
0,99.95,101.46930132941324,5
1,98.45,84.45703934687282,6
2,99.0,97.42808965337814,15
3,99.3,98.24809048104078,17
4,99.5,102.96815940806385,35
5,36.5,20.45273921684092,43
6,97.0,88.21357714383016,44
7,99.0,92.82270702401293,82
8,98.5,96.65898078903531,83
9,48.5,42.19680412214952,94
10,6.5,7.378240092148863,103
