,real_%top,predicted_%top,index
0,91.85,61.74907089693937,3
1,98.5,98.1052831234473,16
2,88.0,82.13582228156038,62
3,95.5,97.87483774222248,70
4,79.0,82.70644490621832,72
5,99.5,97.28676539598209,80
6,98.5,98.67640059215245,84
7,98.0,95.52291092882238,87
8,44.5,62.41108423670051,91
9,30.0,8.443115826895921,97
