,real_%top,predicted_%top,index
0,98.45,101.52473627414686,5
1,99.7,67.87203972065005,6
2,70.5,97.89789599963638,20
3,57.0,68.81861255070604,28
4,54.0,69.59532898368893,30
5,23.5,18.99921126253699,33
6,36.5,18.741239377722444,42
7,97.5,97.97115533907967,67
8,95.5,98.18140450692064,69
9,98.5,98.58269670358185,83
