,real_%top,predicted_%top,index
0,99.95,100.1564684205545,9
1,98.5,96.48188951981025,15
2,99.5,102.07618177877528,34
3,89.5,82.86382338229906,36
4,15.0,12.158683993358467,41
5,83.5,70.73297927597744,50
6,96.5,94.4006909409727,53
7,62.5,59.46715186321245,55
8,95.5,92.96250276489371,58
9,40.0,46.36984501615742,89
