,real_%top,predicted_%top,index
0,98.45,105.28671935695422,5
1,99.7,92.81480538305266,6
2,70.5,90.12272274908581,20
3,57.0,67.19587274571403,28
4,54.0,64.19896453126135,30
5,23.5,10.981365979213425,33
6,36.5,19.820952094818082,42
7,97.5,93.33884344828921,67
8,95.5,94.21186432423548,69
9,98.5,93.06205351081964,83
