,real_%top,predicted_%top,index
0,91.85,65.67608103449618,3
1,98.5,98.72523684263979,16
2,88.0,81.06004835061849,62
3,95.5,97.66098999161525,70
4,79.0,72.57653714649105,72
5,99.5,96.03018326790978,80
6,98.5,93.05225863313505,84
7,98.0,95.54691292946058,87
8,44.5,57.96984970500806,91
9,30.0,24.106141891588784,97
