,real_%top,predicted_%top,index
0,7.0,22.356174484587964,10
1,99.95,78.34427232283375,11
2,97.5,92.99668424247581,19
3,99.0,78.13045899841308,26
4,94.0,78.22173918357709,35
5,99.5,94.03611720122188,37
6,31.5,22.479538120951602,39
7,59.5,74.57307983280144,56
8,96.5,90.76263384629425,60
9,95.5,96.18107196794736,85
