,real_%top,predicted_%top,index
0,99.7,88.12262507052311,7
1,54.0,85.04359744337943,31
2,82.0,87.92051571524347,39
3,15.0,22.245846425699497,42
4,99.5,95.00658641895212,49
5,96.5,88.51717712551618,61
6,85.0,83.88087550447898,65
7,78.0,82.73873361669271,73
8,96.0,88.54925339114335,79
9,39.5,73.11995516828156,93
