,real_%top,predicted_%top,index
0,92.0,81.04659940191927,1
1,99.95,97.56641860991968,7
2,86.5,83.28628074031553,21
3,10.0,21.396761450563233,31
4,97.0,83.28628074031553,43
5,99.5,90.23525021145275,45
6,82.0,83.28628074031553,51
7,68.5,83.28628074031553,59
8,78.0,81.04659940191927,76
9,45.5,21.396761450563233,88
10,5.0,21.396761450563233,101
