,real_%top,predicted_%top,index
0,99.95,94.44205415590945,5
1,98.45,94.44205415590945,6
2,99.0,97.13645168758062,15
3,99.3,97.13645168758062,17
4,99.5,94.35855370157311,35
5,36.5,28.916959189772328,43
6,97.0,81.51927401488413,44
7,99.0,79.78089773441657,82
8,98.5,78.87531920955594,83
9,48.5,75.3363368958132,94
10,6.5,21.386624767543914,103
