,real_%top,predicted_%top,index
0,91.4,78.84040819307275,3
1,99.0,96.56724471854592,14
2,23.0,21.90564896364046,23
3,98.5,89.70302551485719,25
4,99.0,93.60083239819909,49
5,88.0,88.24012680387482,61
6,91.0,88.94989100193439,65
7,99.5,92.96912204996754,79
8,99.0,78.25423652565657,81
9,48.5,71.8982914752857,93
10,21.5,21.755310993289847,95
