,real_%top,predicted_%top,index
0,92.15,86.57350977835023,0
1,98.0,97.74108246015064,13
2,99.9,97.77118291842956,17
3,71.0,73.54798915527824,18
4,34.5,25.779647607674235,24
5,21.5,20.497431246276577,29
6,98.5,92.3386409869257,44
7,74.5,86.41919327985893,68
8,81.0,81.80706456626274,73
9,45.0,62.032597783605446,91
