,real_%top,predicted_%top,index
0,71.0,75.848744755414,19
1,97.5,93.59302332125633,20
2,51.5,85.87759044664874,23
3,64.0,81.15672454225785,33
4,95.5,80.44800624996282,59
5,68.5,87.25720666908843,60
6,8.0,25.922471981284914,64
7,63.0,65.1422635184787,88
8,20.0,6.431614577871116,95
9,9.0,19.06635926707918,98
