,real_%top,predicted_%top,index
0,98.45,95.7573429887555,5
1,99.7,90.05845474297641,6
2,70.5,97.04395965306101,20
3,57.0,80.62470415410583,28
4,54.0,74.5884807639476,30
5,23.5,20.645740597477275,33
6,36.5,17.700157678160664,42
7,97.5,95.25762995239481,67
8,95.5,98.13678185851309,69
9,98.5,98.3831526067098,83
