,real_%top,predicted_%top,index
0,91.85,69.12312354044644,3
1,98.5,98.27135434703696,16
2,88.0,80.66249447215318,62
3,95.5,97.702091602584,70
4,79.0,80.49125924116072,72
5,99.5,95.84383070606131,80
6,98.5,98.45483107066356,84
7,98.0,95.57040700073736,87
8,44.5,62.33927041057761,91
9,30.0,8.297438753796039,97
