,real_%top,predicted_%top,index
0,7.0,21.347434162538754,11
1,99.75,78.06792368121354,13
2,99.9,96.79905626792139,18
3,98.5,89.98312914172605,26
4,94.0,95.70675867658369,36
5,99.5,89.98312914172605,41
6,99.5,89.98312914172605,46
7,96.5,78.2353408796832,54
8,62.5,78.06792368121354,56
9,21.5,21.439010979376597,96
10,22.0,21.428566534932155,100
