,real_%top,predicted_%top,index
0,91.85,70.22798692229239,2
1,99.75,79.85535718180007,12
2,51.5,92.85698624505538,22
3,64.0,83.44631096530652,32
4,96.5,92.85698624505538,52
5,97.0,92.85698624505538,66
6,99.0,97.36132093840074,75
7,97.0,97.95218373360588,77
8,39.5,70.22798692229239,92
9,30.0,20.089401279308067,96
10,11.0,20.14563802173231,100
