,real_%top,predicted_%top,index
0,91.85,77.52163991466765,3
1,98.5,97.08981284370336,16
2,88.0,91.17324282970006,62
3,95.5,91.17324282970006,70
4,79.0,81.92782606277159,72
5,99.5,97.08981284370336,80
6,98.5,97.08981284370336,84
7,98.0,97.08981284370336,87
8,44.5,77.52163991466765,91
9,30.0,20.96871322298064,97
