,real_%top,predicted_%top,index
0,91.4,75.7590861215238,3
1,99.0,98.451003454348,14
2,23.0,22.711795892424572,23
3,98.5,97.45949161675742,25
4,99.0,98.5547648560182,49
5,88.0,86.64060360138232,61
6,91.0,92.40346244311245,65
7,99.5,95.62716292596293,79
8,99.0,92.45288571012323,81
9,48.5,66.46333588577103,93
10,21.5,23.137508416012096,95
