,real_%top,predicted_%top,index
0,92.0,83.69438955400679,2
1,99.95,95.2028773349157,8
2,99.95,91.93974766458604,12
3,34.5,23.36838042874309,25
4,23.5,24.713189564052218,34
5,89.5,75.85936267321216,37
6,31.5,23.57861318210084,40
7,82.0,78.5219934063679,52
8,59.5,84.74377759189333,57
9,81.5,74.9331563874228,71
10,98.5,95.85140071562421,85
