,real_%top,predicted_%top,index
0,92.0,85.99207219132317,1
1,99.95,99.51336000060952,7
2,86.5,79.0292498489514,21
3,10.0,20.650101205920855,31
4,97.0,101.81559434798015,43
5,99.5,100.35813027606528,45
6,82.0,92.52406750650388,51
7,68.5,89.72929594535714,59
8,78.0,98.1235555385434,76
9,45.5,23.825464602859405,88
10,5.0,13.085342920481331,101
