,real_%top,predicted_%top,index
0,93.8,100.70462003126258,8
1,99.3,98.6115696054291,16
2,96.5,98.11788006661884,27
3,99.5,100.61018325750666,47
4,62.0,60.73983927748086,54
5,98.0,94.25467492691565,57
6,98.0,87.44178291256307,62
7,79.0,81.88337534103984,71
8,22.0,18.071753684479575,99
9,6.5,6.9039959455412365,102
