,real_%top,predicted_%top,index
0,82.0,93.14849031345446,38
1,98.5,92.8696414136326,46
2,8.0,27.310126466510866,63
3,85.0,77.07172540748641,64
4,81.5,83.16438258065955,70
5,78.0,79.21311914405983,72
6,98.5,93.04680445218555,84
7,98.0,94.43931313264967,86
8,20.0,5.55160528219659,94
9,9.0,19.09766190057374,97
