,real_%top,predicted_%top,index
0,99.0,70.20042719820223,27
1,96.5,77.20795270456745,28
2,99.5,89.04549990265892,48
3,99.0,86.5958014605256,50
4,98.0,84.95073895403856,63
5,81.0,85.11800636802451,74
6,78.0,99.56806732028886,77
7,45.0,63.812186344212705,92
8,11.0,20.172775395597583,101
9,5.0,22.075934496943958,102
