,real_%top,predicted_%top,index
0,99.7,74.44922951070134,7
1,54.0,63.52233115262582,31
2,82.0,73.30411581896216,39
3,15.0,12.66249862793481,42
4,99.5,98.72553594196498,49
5,96.5,90.97001019167709,61
6,85.0,98.08159727487153,65
7,78.0,68.41564422672629,73
8,96.0,89.12471952874932,79
9,39.5,48.964351141116914,93
