,real_%top,predicted_%top,index
0,7.0,11.28461063803891,10
1,99.95,101.5902711682965,11
2,97.5,99.40866862699956,19
3,99.0,96.74015490418898,26
4,94.0,91.62969828574963,35
5,99.5,90.4895009896107,37
6,31.5,19.356838089970235,39
7,59.5,61.33806523245704,56
8,96.5,92.5683650711685,60
9,95.5,98.34008426484624,85
