,real_%top,predicted_%top,index
0,71.0,79.8712182716008,19
1,97.5,92.23820772222659,20
2,51.5,86.85047209759023,23
3,64.0,87.87025983758,33
4,95.5,83.73907417524468,59
5,68.5,88.35019127535413,60
6,8.0,15.556294117770463,64
7,63.0,56.42527077799638,88
8,20.0,11.162766478744402,95
9,9.0,21.361270734343506,98
