,real_%top,predicted_%top,index
0,98.0,98.42884335403483,14
1,86.5,80.26079149782956,22
2,23.0,21.067110318021307,24
3,98.5,89.2544462934643,47
4,96.5,87.59072112201888,53
5,98.0,91.31703880927876,58
6,97.5,82.91261595969915,68
7,97.0,102.5262950023352,78
8,21.0,37.877035136328594,81
9,95.5,94.7355553262513,86
