,real_%top,predicted_%top,index
0,99.95,95.79321598430522,9
1,98.5,96.28244437155497,15
2,99.5,102.98782488189276,34
3,89.5,96.58244376788656,36
4,15.0,31.186304317122072,41
5,83.5,67.7445806043723,50
6,96.5,81.32188306207374,53
7,62.5,75.2762494008868,55
8,95.5,76.84238092913773,58
9,40.0,7.709351469607981,89
