,real_%top,predicted_%top,index
0,7.0,37.75,10
1,99.95,92.375,11
2,97.5,86.34375,19
3,99.0,73.90625,26
4,94.0,87.75,35
5,99.5,97.5,37
6,31.5,31.8125,39
7,59.5,74.15625,56
8,96.5,88.90625,60
9,95.5,92.34375,85
