,real_%top,predicted_%top,index
0,7.0,37.836085859268344,10
1,99.95,92.47519584851457,11
2,97.5,86.42727906622164,19
3,99.0,74.00957644206665,26
4,94.0,87.82951023677508,35
5,99.5,97.57829869832908,37
6,31.5,31.923190519241146,39
7,59.5,74.2597485074102,56
8,96.5,89.01707117217892,60
9,95.5,92.40064141868199,85
