,real_%top,predicted_%top,index
0,99.95,95.07253387501483,5
1,98.45,95.07253387501483,6
2,99.0,99.20522917949737,15
3,99.3,96.84905042154628,17
4,99.5,87.3200971715907,35
5,36.5,34.487113458241886,43
6,97.0,91.15949860717342,44
7,99.0,83.72015123962387,82
8,98.5,90.52992815025947,83
9,48.5,42.244550603402494,94
10,6.5,20.445402473520463,103
