,real_%top,predicted_%top,index
0,92.0,87.07222222222215,1
1,99.95,93.51249999999999,7
2,86.5,87.07222222222215,21
3,10.0,18.66666666666667,31
4,97.0,87.07222222222215,43
5,99.5,93.51249999999999,45
6,82.0,87.07222222222215,51
7,68.5,87.07222222222215,59
8,78.0,87.07222222222215,76
9,45.5,18.666666666666675,88
10,5.0,18.062500000000032,101
