,real_%top,predicted_%top,index
0,99.95,101.03285247595804,5
1,98.45,87.44137708807746,6
2,99.0,98.2103775736426,15
3,99.3,99.45652173966674,17
4,99.5,101.13124751564011,35
5,36.5,30.414001525461163,43
6,97.0,99.6205511111691,44
7,99.0,99.27086582710426,82
8,98.5,94.54008053978389,83
9,48.5,44.0188155746754,94
10,6.5,7.271804621064282,103
