,real_%top,predicted_%top,index
0,92.0,90.89384827687383,1
1,99.95,99.87831067063833,7
2,86.5,80.92998445615522,21
3,10.0,22.01312424221792,31
4,97.0,89.34581299056387,43
5,99.5,96.24772473388344,45
6,82.0,94.47522872441675,51
7,68.5,92.299647352076,59
8,78.0,98.83790713113751,76
9,45.5,21.12814876789533,88
10,5.0,10.124264127766699,101
