,real_%top,predicted_%top,index
0,91.85,78.30748641481065,3
1,98.5,97.47140106470331,16
2,88.0,87.84080688445114,62
3,95.5,91.81016993986404,70
4,79.0,73.46150839544441,72
5,99.5,90.44235499720865,80
6,98.5,91.29618131672247,84
7,98.0,91.2912646500558,87
8,44.5,75.52447515605311,91
9,30.0,16.296428945645854,97
