,real_%top,predicted_%top,index
0,98.45,91.51128663432586,5
1,99.7,92.35559490215233,6
2,70.5,89.50380783714698,20
3,57.0,80.33385573655147,28
4,54.0,73.05439836899214,30
5,23.5,21.366789094483952,33
6,36.5,20.900006502076362,42
7,97.5,92.09326697980383,67
8,95.5,91.21208889064154,69
9,98.5,96.55775459005432,83
