,real_%top,predicted_%top,index
0,91.4,77.80590763101844,3
1,99.0,96.90784229419785,14
2,23.0,20.3405075833512,23
3,98.5,93.2920158096996,25
4,99.0,95.55439204304884,49
5,88.0,87.73330501230983,61
6,91.0,90.67774946588264,65
7,99.5,93.31692046074427,79
8,99.0,76.95160570773015,81
9,48.5,69.87492023299535,93
10,21.5,20.3405075833512,95
