,real_%top,predicted_%top,index
0,92.0,76.3026067110351,2
1,99.95,91.96177935789096,8
2,99.95,87.04011966950749,12
3,34.5,22.934589528270955,25
4,23.5,19.0271264468795,34
5,89.5,91.54568319524286,37
6,31.5,19.243428237160828,40
7,82.0,91.5299970812756,52
8,59.5,73.33744899976037,57
9,81.5,79.95734207152627,71
10,98.5,94.98756525040827,85
