,real_%top,predicted_%top,index
0,91.85,64.37125275133363,3
1,98.5,98.88262891185613,16
2,88.0,90.34634333036246,62
3,95.5,93.6037593611454,70
4,79.0,78.8989084769032,72
5,99.5,94.59119520116325,80
6,98.5,94.31003845513149,84
7,98.0,94.41294321703624,87
8,44.5,66.03989927841766,91
9,30.0,18.38542752753782,97
