,real_%top,predicted_%top,index
0,98.45,94.3846732020216,5
1,99.7,84.62643270893625,6
2,70.5,94.64065611636389,20
3,57.0,78.44479863861632,28
4,54.0,70.03829672108941,30
5,23.5,23.782550787984796,33
6,36.5,17.32021064393123,42
7,97.5,93.97724570290816,67
8,95.5,93.97485284576533,69
9,98.5,96.51204893491013,83
