,real_%top,predicted_%top,index
0,99.7,70.15466060167442,7
1,54.0,65.31772604739349,31
2,82.0,83.34271613320398,39
3,15.0,10.640675858382714,42
4,99.5,99.04935830508921,49
5,96.5,91.61497254604504,61
6,85.0,96.50611224961473,65
7,78.0,76.18763564703458,73
8,96.0,85.35424475983761,79
9,39.5,48.87057808967062,93
