,real_%top,predicted_%top,index
0,7.0,15.552751656778398,10
1,99.95,105.89981079801373,11
2,97.5,100.01043532707764,19
3,99.0,94.23477362399414,26
4,94.0,77.73126485633132,35
5,99.5,90.20899796100565,37
6,31.5,23.428688179969328,39
7,59.5,64.06324360419609,56
8,96.5,94.2764473258191,60
9,95.5,98.76553465435742,85
