,real_%top,predicted_%top,index
0,92.15,86.19317883789144,0
1,98.0,99.78700787904857,13
2,99.9,99.78700787904857,17
3,71.0,81.01254520337346,18
4,34.5,56.36671017665692,24
5,21.5,11.954486621458642,29
6,98.5,91.22580438708599,44
7,74.5,89.47365017340216,68
8,81.0,83.44824445401852,73
9,45.0,53.84167754416421,91
