,real_%top,predicted_%top,index
0,71.0,88.09696969696968,19
1,97.5,88.09696969696968,20
2,51.5,88.09696969696968,23
3,64.0,88.09696969696968,33
4,95.5,88.09696969696968,59
5,68.5,88.09696969696968,60
6,8.0,20.535714285714192,64
7,63.0,88.09696969696975,88
8,20.0,20.535714285714306,95
9,9.0,20.535714285714306,98
