,real_%top,predicted_%top,index
0,99.95,102.34740087943644,4
1,99.5,103.21105749061184,40
2,99.5,99.00759031609829,48
3,98.0,96.53700238029677,74
4,96.0,90.9857112985179,78
5,21.0,8.72020394220302,80
6,98.5,96.58743196725112,82
7,63.0,45.206376610615195,87
8,44.5,44.721737552380866,90
9,66.5,58.90451708942131,98
