,real_%top,predicted_%top,index
0,92.15,74.2780507628993,1
1,91.4,76.33654348240428,4
2,93.8,77.8930784074348,9
3,70.5,89.5876880298346,21
4,21.5,20.308590334296067,30
5,83.5,72.03134266672049,51
6,91.0,92.05007580255703,66
7,74.5,96.80224295295848,69
8,99.0,100.59876338520468,76
9,40.0,48.913359838089555,90
