,real_%top,predicted_%top,index
0,91.4,82.89583333333331,3
1,99.0,93.89599999999999,14
2,23.0,16.571428571428587,23
3,98.5,93.89599999999999,25
4,99.0,93.89599999999999,49
5,88.0,93.89599999999999,61
6,91.0,82.89583333333331,65
7,99.5,93.89599999999999,79
8,99.0,82.97666666666665,81
9,48.5,48.00000000000006,93
10,21.5,14.833333333333332,95
