,real_%top,predicted_%top,index
0,92.0,87.14646708882765,2
1,99.95,97.64437828180407,8
2,99.95,88.61288028842752,12
3,34.5,36.473427832797995,25
4,23.5,17.564999430681475,34
5,89.5,86.48249097777675,37
6,31.5,19.010405318341,40
7,82.0,93.17849884494986,52
8,59.5,62.81090549210875,57
9,81.5,74.42622745658872,71
10,98.5,97.33971146833386,85
