,real_%top,predicted_%top,index
0,91.85,86.9291902142688,2
1,99.75,97.01755886772244,12
2,51.5,86.19723372823898,22
3,64.0,79.84339204535713,32
4,96.5,89.75376024439433,52
5,97.0,86.15101325834604,66
6,99.0,85.68872087080085,75
7,97.0,97.55868925819834,77
8,39.5,73.33751706614007,92
9,30.0,13.536570490724102,96
10,11.0,14.830226375667877,100
