,real_%top,predicted_%top,index
0,92.0,84.85891077552174,1
1,99.95,104.40521032054184,7
2,86.5,78.8661734865405,21
3,10.0,18.907334154747545,31
4,97.0,84.26180113503955,43
5,99.5,92.113276844657,45
6,82.0,98.18496394644838,51
7,68.5,88.23091158186081,59
8,78.0,97.39398714829221,76
9,45.5,-7.9119208756194865,88
10,5.0,18.76685353892948,101
