,real_%top,predicted_%top,index
0,99.95,93.78817291022933,10
1,57.0,56.431817574133014,29
2,10.0,20.386988562281196,32
3,99.5,94.40108231089616,38
4,98.5,95.54105667000204,45
5,62.0,53.23856194511969,55
6,97.0,74.5347153894629,67
7,98.0,94.48849105951942,75
8,45.5,22.290375856477194,89
9,66.5,59.110688028895304,99
