,real_%top,predicted_%top,index
0,93.8,100.0712087800235,8
1,99.3,99.02531852730567,16
2,96.5,95.3449588123626,27
3,99.5,102.83838288121085,47
4,62.0,61.334885856475566,54
5,98.0,87.27984329407762,57
6,98.0,87.91282946693566,62
7,79.0,80.80580554661756,71
8,22.0,17.18088150396621,99
9,6.5,4.657636094782729,102
