,real_%top,predicted_%top,index
0,92.0,83.20199992528697,2
1,99.95,100.002558414047,8
2,99.95,86.73748998871767,12
3,34.5,25.82967371830614,25
4,23.5,16.13080047501178,34
5,89.5,95.52104198503721,37
6,31.5,28.282946732698406,40
7,82.0,98.391870897826,52
8,59.5,72.95991598805257,57
9,81.5,82.88121679197167,71
10,98.5,94.84475117770964,85
