,real_%top,predicted_%top,index
0,91.4,85.72515084557466,3
1,99.0,96.25720858098859,14
2,23.0,18.01096916491268,23
3,98.5,85.21575523734836,25
4,99.0,88.20002391494931,49
5,88.0,84.47230284922139,61
6,91.0,84.13405177387567,65
7,99.5,96.20480657762819,79
8,99.0,86.28981202071748,81
9,48.5,68.08699744634364,93
10,21.5,1.4493169654839448,95
