,real_%top,predicted_%top,index
0,71.0,81.9632959550683,19
1,97.5,95.2915283008615,20
2,51.5,95.35841666187696,23
3,64.0,81.46427548664782,33
4,95.5,85.6965138550332,59
5,68.5,91.8986439538474,60
6,8.0,23.939813635452946,64
7,63.0,64.72430038105168,88
8,20.0,19.597117262381584,95
9,9.0,19.691045833810154,98
