,real_%top,predicted_%top,index
0,92.15,76.54950420122104,0
1,98.0,96.95446172691685,13
2,99.9,97.7586164187893,17
3,71.0,77.55913383300563,18
4,34.5,22.482403539271186,24
5,21.5,24.19184902434167,29
6,98.5,92.16139705931322,44
7,74.5,95.88675371466337,68
8,81.0,76.58718797179985,73
9,45.0,77.7844712538687,91
