,real_%top,predicted_%top,index
0,92.15,78.78581784133272,0
1,98.0,96.76216390861543,13
2,99.9,97.05849395028494,17
3,71.0,77.16655431338795,18
4,34.5,22.724243583881076,24
5,21.5,20.17591483539657,29
6,98.5,94.28911661331675,44
7,74.5,96.39501309687358,68
8,81.0,72.59464388319938,73
9,45.0,72.86573218425066,91
