,real_%top,predicted_%top,index
0,92.0,92.93333354198809,2
1,99.95,102.62714317717423,8
2,99.95,97.91290277734126,12
3,34.5,18.011529816547085,25
4,23.5,24.448487660765203,34
5,89.5,86.37389459135477,37
6,31.5,25.414607393473766,40
7,82.0,89.00016397775318,52
8,59.5,65.2780342402685,57
9,81.5,91.62960219661248,71
10,98.5,97.58018767637438,85
