,real_%top,predicted_%top,index
0,91.4,94.89980187078844,3
1,99.0,99.32736673546854,14
2,23.0,12.80358653387565,23
3,98.5,84.90471500569417,25
4,99.0,92.62740811376372,49
5,88.0,80.75503654255246,61
6,91.0,94.6413770912622,65
7,99.5,96.1093096657137,79
8,99.0,100.59353092041644,81
9,48.5,43.77261323613937,93
10,21.5,11.768484097656478,95
