,real_%top,predicted_%top,index
0,99.0,74.48254586097015,27
1,96.5,81.15324255353703,28
2,99.5,91.25414098011358,48
3,99.0,88.62220382955529,50
4,98.0,88.54122505610522,63
5,81.0,82.31975639925051,74
6,78.0,96.0189983312535,77
7,45.0,64.52172071117676,92
8,11.0,18.10163778471852,101
9,5.0,22.538757836731847,102
