,real_%top,predicted_%top,index
0,82.0,86.74962771366148,38
1,98.5,90.28762415256506,46
2,8.0,29.086081619398882,63
3,85.0,79.5498846486283,64
4,81.5,81.11662584967802,70
5,78.0,75.64949877497376,72
6,98.5,91.90950812992934,84
7,98.0,94.77031454229822,86
8,20.0,-0.22195394679191338,94
9,9.0,17.635588254680897,97
