,real_%top,predicted_%top,index
0,98.0,98.00219746564741,14
1,86.5,82.35930326131222,22
2,23.0,4.05395103710232,24
3,98.5,100.90416611679636,47
4,96.5,101.3690318549663,53
5,98.0,89.66772791962234,58
6,97.5,93.34105819263972,68
7,97.0,99.94551808020047,78
8,21.0,17.00333671055926,81
9,95.5,98.82826126247613,86
