,real_%top,predicted_%top,index
0,99.95,99.86383925774388,9
1,98.5,99.11880745545221,15
2,99.5,102.1002206811223,34
3,89.5,83.56143480420705,36
4,15.0,17.489205937594743,41
5,83.5,78.47180485060244,50
6,96.5,97.94699471300432,53
7,62.5,51.1880567078718,55
8,95.5,95.44480973944312,58
9,40.0,46.74883491423182,89
