,real_%top,predicted_%top,index
0,93.8,92.18495385301102,8
1,99.3,97.69376729639282,16
2,96.5,90.73350282041359,27
3,99.5,95.80687974467122,47
4,62.0,73.89192117256725,54
5,98.0,89.4449115023951,57
6,98.0,90.37379832311568,62
7,79.0,74.20318134040284,71
8,22.0,21.187916274644948,99
9,6.5,21.089360719089395,102
