,real_%top,predicted_%top,index
0,99.95,97.96748213308858,10
1,57.0,78.69309884064249,29
2,10.0,20.397934665156182,32
3,99.5,88.77809020928052,38
4,98.5,92.24726160426155,45
5,62.0,76.1527755443009,55
6,97.0,92.67444171217058,67
7,98.0,91.53948529423906,75
8,45.5,20.397934665156182,89
9,66.5,90.26620006092962,99
