,real_%top,predicted_%top,index
0,92.15,81.68459078538348,0
1,98.0,95.83787482721763,13
2,99.9,96.91084278327762,17
3,71.0,81.20035696039328,18
4,34.5,26.491510262928383,24
5,21.5,19.403585247971943,29
6,98.5,91.38848767390941,44
7,74.5,94.92366531807563,68
8,81.0,76.06465185457151,73
9,45.0,73.57342504475743,91
