,real_%top,predicted_%top,index
0,7.0,21.981588338733395,10
1,99.95,83.27985045456012,11
2,97.5,95.67095417838733,19
3,99.0,84.12701341461418,26
4,94.0,95.67095417838733,35
5,99.5,89.67327792569212,37
6,31.5,21.987252674397737,39
7,59.5,82.0823690502412,56
8,96.5,89.67327792569212,60
9,95.5,97.68534996276215,85
