,real_%top,predicted_%top,index
0,99.7,85.80129656302468,7
1,54.0,80.46129273445547,31
2,82.0,91.74804051089941,39
3,15.0,20.667862754665023,42
4,99.5,91.74804051089941,49
5,96.5,91.74804051089941,61
6,85.0,86.59733664368804,65
7,78.0,72.26507273162376,73
8,96.0,97.72243042114137,79
9,39.5,72.26507273162376,93
