,real_%top,predicted_%top,index
0,99.7,100.24532651615868,7
1,54.0,84.10074233624294,31
2,82.0,91.1735090716253,39
3,15.0,32.593558027284644,42
4,99.5,92.46484874778237,49
5,96.5,90.2985138988647,61
6,85.0,77.51363515877946,65
7,78.0,86.04815343133028,73
8,96.0,93.12092016671265,79
9,39.5,66.91736828763646,93
