,real_%top,predicted_%top,index
0,7.0,37.904099969381555,10
1,99.95,90.04399441789008,11
2,97.5,89.08512573295228,19
3,99.0,75.87294920787707,26
4,94.0,87.04843323328971,35
5,99.5,97.50577220624096,37
6,31.5,31.98188435996343,39
7,59.5,75.30299061405749,56
8,96.5,90.38033963662308,60
9,95.5,93.95398570859027,85
