,real_%top,predicted_%top,index
0,98.0,99.56603408277081,14
1,86.5,90.12812102483781,22
2,23.0,27.711779250976313,24
3,98.5,99.15920765983917,47
4,96.5,98.7612200890775,53
5,98.0,92.92105430910355,58
6,97.5,94.71550235376534,68
7,97.0,91.42517888651011,78
8,21.0,33.41340076647525,81
9,95.5,98.1980531877828,86
