,real_%top,predicted_%top,index
0,99.95,98.47545358777376,9
1,98.5,98.39404766413422,15
2,99.5,99.12056719003554,34
3,89.5,78.32092358212552,36
4,15.0,13.9336558457629,41
5,83.5,70.898351527778,50
6,96.5,95.72206921538319,53
7,62.5,53.220862722776566,55
8,95.5,81.51411084702637,58
9,40.0,46.31542425288513,89
