,real_%top,predicted_%top,index
0,92.15,84.65247287989834,1
1,91.4,82.90130534088435,4
2,93.8,95.27271697958655,9
3,70.5,78.63603071725478,21
4,21.5,17.086468579743624,30
5,83.5,84.14288902900991,51
6,91.0,85.72827614157715,66
7,74.5,87.64151988766868,69
8,99.0,87.43117601172888,76
9,40.0,2.64625413653809,90
