,real_%top,predicted_%top,index
0,7.0,41.460323646153704,10
1,99.95,92.94417218986331,11
2,97.5,90.11980316153567,19
3,99.0,79.87150428245891,26
4,94.0,86.11375242327685,35
5,99.5,93.20064742976376,37
6,31.5,26.536077823374313,39
7,59.5,74.95280201794206,56
8,96.5,85.95623418718553,60
9,95.5,95.14714275819654,85
