,real_%top,predicted_%top,index
0,99.7,97.9212898690125,7
1,54.0,75.15425387712258,31
2,82.0,86.82580921132558,39
3,15.0,38.13654810884128,42
4,99.5,92.2909943098188,49
5,96.5,86.72931019663937,61
6,85.0,78.68033699196862,65
7,78.0,77.03819322125321,73
8,96.0,89.73625873496638,79
9,39.5,62.16764962522086,93
