,real_%top,predicted_%top,index
0,92.15,86.07034,0
1,98.0,86.80838,13
2,99.9,86.98802,17
3,71.0,86.844406,18
4,34.5,83.44574,24
5,21.5,15.258245,29
6,98.5,86.33203,44
7,74.5,87.08305,68
8,81.0,97.57471,73
9,45.0,86.36158,91
