,real_%top,predicted_%top,index
0,92.15,78.18707,0
1,98.0,78.21163,13
2,99.9,78.21389,17
3,71.0,78.1348,18
4,34.5,25.318497,24
5,21.5,17.175364,29
6,98.5,78.21573,44
7,74.5,78.16266,68
8,81.0,78.07174,73
9,45.0,30.01588,91
