,real_%top,predicted_%top,index
0,92.15,78.18706,0
1,98.0,78.211624,13
2,99.9,78.21387,17
3,71.0,78.13478,18
4,34.5,25.318474,24
5,21.5,17.175373,29
6,98.5,78.21571,44
7,74.5,78.16264,68
8,81.0,78.07172,73
9,45.0,30.015865,91
