,real_%top,predicted_%top,index
0,71.0,96.83033,18
1,97.5,96.857056,19
2,51.5,96.84412,22
3,64.0,96.82073,32
4,95.5,96.84044,58
5,68.5,96.87345,59
6,8.0,96.72139,63
7,63.0,28.06521,87
8,20.0,27.412558,94
9,9.0,26.69432,97
