,real_%top,predicted_%top,index
0,7.0,22.166819570135754,10
1,99.95,86.16002225760353,11
2,97.5,94.63009155532077,19
3,99.0,82.84647539111218,26
4,94.0,82.53330460028019,35
5,99.5,92.09136197536121,37
6,31.5,22.142087427278607,39
7,59.5,74.49417007506383,56
8,96.5,91.31432335303582,60
9,95.5,97.78043668778119,85
