,real_%top,predicted_%top,index
0,99.7,90.92075138030617,7
1,54.0,72.60408505730379,31
2,82.0,90.71570733287184,39
3,15.0,20.496873644329536,42
4,99.5,96.89804449746165,49
5,96.5,90.22455415377755,61
6,85.0,76.88905361758341,65
7,78.0,68.86165111208236,73
8,96.0,93.84010943468729,79
9,39.5,71.07787584915086,93
