,real_%top,predicted_%top,index
0,91.4,78.96247609335113,3
1,99.0,98.28551411962222,14
2,23.0,21.79217819008047,23
3,98.5,87.53571835425927,25
4,99.0,95.68900903849331,49
5,88.0,87.78130896764912,61
6,91.0,90.93718234065771,65
7,99.5,93.61372280117757,79
8,99.0,81.36233099686262,81
9,48.5,64.61703056249308,93
10,21.5,20.591015600627443,95
