,real_%top,predicted_%top,index
0,92.0,76.96943650308025,2
1,99.95,93.91224226374112,8
2,99.95,86.8025516531671,12
3,34.5,19.6464373448404,25
4,23.5,21.307584884800445,34
5,89.5,92.41967122506836,37
6,31.5,19.41948496388802,40
7,82.0,90.72742076907008,52
8,59.5,77.3312903617216,57
9,81.5,73.69069802897263,71
10,98.5,94.92168605461873,85
