,real_%top,predicted_%top,index
0,71.0,79.40981076047751,19
1,97.5,95.26875413227236,20
2,51.5,96.60516063016759,23
3,64.0,75.51187956797722,33
4,95.5,78.65087557954048,59
5,68.5,91.88062987525763,60
6,8.0,21.865257569238437,64
7,63.0,76.64683251955238,88
8,20.0,21.990257569238437,95
9,9.0,21.865257569238437,98
