,real_%top,predicted_%top,index
0,92.15,81.40298981424212,0
1,98.0,97.69521331319628,13
2,99.9,97.82699300727671,17
3,71.0,81.63400524741577,18
4,34.5,21.517405596844593,24
5,21.5,19.081137297018945,29
6,98.5,92.20175750797218,44
7,74.5,95.81908602118885,68
8,81.0,76.22431388794104,73
9,45.0,73.78880989182775,91
