,real_%top,predicted_%top,index
0,71.0,74.30236352686222,19
1,97.5,93.51691054246893,20
2,51.5,85.16418194656086,23
3,64.0,80.28792991827046,33
4,95.5,81.39134422598423,59
5,68.5,88.79053272855617,60
6,8.0,26.23986348109284,64
7,63.0,65.30766344815412,88
8,20.0,7.446163833617035,95
9,9.0,20.86100733594587,98
