,real_%top,predicted_%top,index
0,92.15,85.0351009530797,0
1,98.0,97.07813200469602,13
2,99.9,97.1151468794736,17
3,71.0,70.97437934560733,18
4,34.5,43.88355829330529,24
5,21.5,13.123149801750543,29
6,98.5,93.09536415304707,44
7,74.5,87.87140162582911,68
8,81.0,82.40090890734727,73
9,45.0,58.109425363253884,91
