,real_%top,predicted_%top,index
0,99.95,93.73965517241378,9
1,98.5,93.73965517241378,15
2,99.5,97.74166666666665,34
3,89.5,84.53461538461536,36
4,15.0,15.666666666666686,41
5,83.5,84.53461538461536,50
6,96.5,86.43461538461537,53
7,62.5,86.43461538461537,55
8,95.5,97.74166666666665,58
9,40.0,45.50000000000006,89
