,real_%top,predicted_%top,index
0,98.0,103.33255259674364,14
1,86.5,89.45818821434781,22
2,23.0,23.24754736964117,24
3,98.5,99.212286102384,47
4,96.5,95.25561802812851,53
5,98.0,95.5062097198972,58
6,97.5,97.05828090464446,68
7,97.0,96.05385237126234,78
8,21.0,2.9174010217529687,81
9,95.5,98.48134447303181,86
