,real_%top,predicted_%top,index
0,92.15,69.69660977009103,0
1,98.0,98.39384061139025,13
2,99.9,98.55494079217353,17
3,71.0,77.7444642649018,18
4,34.5,22.79129102274574,24
5,21.5,22.0173640853041,29
6,98.5,94.27773655261147,44
7,74.5,96.75082345394118,68
8,81.0,78.60808249112002,73
9,45.0,65.09236419344545,91
