,real_%top,predicted_%top,index
0,71.0,81.8999592079489,19
1,97.5,92.92018102710193,20
2,51.5,95.10256736288733,23
3,64.0,78.1570252100024,33
4,95.5,80.8374327549085,59
5,68.5,90.45345554478199,60
6,8.0,21.82644907274958,64
7,63.0,68.03569035686533,88
8,20.0,22.115490004040513,95
9,9.0,21.340769765945268,98
