,real_%top,predicted_%top,index
0,99.7,99.80833767902467,7
1,54.0,66.08279782609921,31
2,82.0,87.26008644849342,39
3,15.0,27.243644326335367,42
4,99.5,87.26008644849342,49
5,96.5,93.01686460765814,61
6,85.0,82.61034641765892,65
7,78.0,81.46209478703696,73
8,96.0,98.24494461962287,79
9,39.5,44.97528076841809,93
