,real_%top,predicted_%top,index
0,93.8,91.80941703999535,8
1,99.3,96.94466780836711,16
2,96.5,91.86471049310211,27
3,99.5,94.87367385821744,47
4,62.0,73.0617053844871,54
5,98.0,92.47837493774068,57
6,98.0,91.5528453060288,62
7,79.0,71.65091161533701,71
8,22.0,21.74492125808517,99
9,6.5,21.74492125808517,102
