,real_%top,predicted_%top,index
0,99.95,97.3461112876792,10
1,57.0,78.64296676539847,29
2,10.0,18.81280798345233,32
3,99.5,89.97314617854705,38
4,98.5,93.46728444721204,45
5,62.0,77.68541540091327,55
6,97.0,93.1624576695738,67
7,98.0,93.13702615233142,75
8,45.5,18.81280798345233,89
9,66.5,91.91106361735632,99
