,real_%top,predicted_%top,index
0,7.0,14.642857142857162,10
1,99.95,81.28461538461536,11
2,97.5,93.9833333333332,19
3,99.0,81.28461538461536,26
4,94.0,93.9833333333332,35
5,99.5,93.73965517241378,37
6,31.5,14.642857142857162,39
7,59.5,86.01153846153845,56
8,96.5,93.73965517241378,60
9,95.5,93.73965517241378,85
