,real_%top,predicted_%top,index
0,99.7,97.73701708915505,7
1,54.0,63.66381673479455,31
2,82.0,87.27824515835094,39
3,15.0,31.48233664931588,42
4,99.5,87.27824515835094,49
5,96.5,92.95674163296309,61
6,85.0,88.51694495378744,65
7,78.0,81.45192218391465,73
8,96.0,99.47976898496933,79
9,39.5,46.75564504296311,93
