,real_%top,predicted_%top,index
0,71.0,82.65185712690086,19
1,97.5,97.4922234168609,20
2,51.5,91.79399312182919,23
3,64.0,74.49082291022417,33
4,95.5,88.06920846269746,59
5,68.5,90.11457901697975,60
6,8.0,22.16968407465427,64
7,63.0,62.66372159972912,88
8,20.0,24.798303829899034,95
9,9.0,21.519280575375774,98
