,real_%top,predicted_%top,index
0,92.15,68.49424180378442,0
1,98.0,98.43067148365914,13
2,99.9,98.52025185002478,17
3,71.0,83.9438084789926,18
4,34.5,24.011532319052634,24
5,21.5,25.01994575284107,29
6,98.5,89.9548383052121,44
7,74.5,95.74419295397801,68
8,81.0,77.28979013290628,73
9,45.0,67.41470084637582,91
