,real_%top,predicted_%top,index
0,82.0,83.5528,38
1,98.5,94.277466,46
2,8.0,7.7960787,63
3,85.0,91.40054,64
4,81.5,85.40602,70
5,78.0,87.930984,72
6,98.5,85.555824,84
7,98.0,85.27937,86
8,20.0,13.759674,94
9,9.0,6.234359,97
