,real_%top,predicted_%top,index
0,82.0,87.07348,38
1,98.5,87.061714,46
2,8.0,91.151634,63
3,85.0,90.90264,64
4,81.5,86.72132,70
5,78.0,81.10758,72
6,98.5,90.24389,84
7,98.0,90.19496,86
8,20.0,10.439949,94
9,9.0,10.486167,97
