,real_%top,predicted_%top,index
0,99.0,85.2286,26
1,96.5,85.24679,27
2,99.5,85.19036,47
3,99.0,85.19103,49
4,98.0,85.197685,62
5,81.0,85.235725,73
6,78.0,85.2516,76
7,45.0,30.645939,91
8,11.0,30.595913,100
9,5.0,30.70898,101
