,real_%top,predicted_%top,index
0,99.95,94.05624999999998,4
1,99.5,95.35185185185183,40
2,99.5,95.35185185185183,48
3,98.0,94.05624999999998,74
4,96.0,95.35185185185183,78
5,21.0,15.000000000000021,80
6,98.5,80.5416666666667,82
7,63.0,44.00000000000001,87
8,44.5,44.00000000000001,90
9,66.5,95.35185185185183,98
