,real_%top,predicted_%top,index
0,92.15,46.21268788533447,1
1,91.4,79.66806507244821,4
2,93.8,99.70523236946133,9
3,70.5,96.74959839185573,21
4,21.5,4.632348572316208,30
5,83.5,97.9772247392619,51
6,91.0,88.6524599645784,66
7,74.5,97.24635611801993,69
8,99.0,97.97243169940964,76
9,40.0,44.933369967364456,90
