,real_%top,predicted_%top,index
0,71.0,80.03969982480658,19
1,97.5,93.7957833807028,20
2,51.5,85.73232263778345,23
3,64.0,85.9480279090807,33
4,95.5,82.95641030762455,59
5,68.5,85.02405561492944,60
6,8.0,17.77843506505387,64
7,63.0,56.597119442285425,88
8,20.0,8.64556144712057,95
9,9.0,22.794569340009176,98
