,real_%top,predicted_%top,index
0,92.15,85.47079058048193,0
1,98.0,100.18401797895753,13
2,99.9,98.006891907902,17
3,71.0,73.79996389003034,18
4,34.5,38.43052075162373,24
5,21.5,17.154411983799704,29
6,98.5,90.4731819843656,44
7,74.5,85.97316719304743,68
8,81.0,82.5724584077611,73
9,45.0,65.07030598507885,91
