,real_%top,predicted_%top,index
0,99.95,101.24405699668108,10
1,57.0,85.65929747751738,29
2,10.0,10.202374843276601,32
3,99.5,96.86915981821076,38
4,98.5,92.1979018091649,45
5,62.0,77.23761781391151,55
6,97.0,84.22932098980372,67
7,98.0,99.32354599007934,75
8,45.5,-11.887122893542909,89
9,66.5,85.85024187300928,99
