,real_%top,predicted_%top,index
0,71.0,80.93646736253513,19
1,97.5,95.34136527918028,20
2,51.5,94.03043673203301,23
3,64.0,79.28167101582628,33
4,95.5,83.1847334996509,59
5,68.5,91.36382196414695,60
6,8.0,23.37340553877666,64
7,63.0,69.91049015082136,88
8,20.0,24.133004967126094,95
9,9.0,23.84313479563092,98
