,real_%top,predicted_%top,index
0,92.15,71.98132787767793,0
1,98.0,97.59400789756118,13
2,99.9,98.34419478359189,17
3,71.0,79.26034635364637,18
4,34.5,24.440390476364442,24
5,21.5,23.19957727549367,29
6,98.5,93.12187870508188,44
7,74.5,96.13470898440227,68
8,81.0,75.03295652958154,73
9,45.0,66.97178079543008,91
