,real_%top,predicted_%top,index
0,7.0,39.87447005837003,10
1,99.95,99.76254920697951,11
2,97.5,84.70014540739983,19
3,99.0,88.42267984197933,26
4,94.0,84.70014540739983,35
5,99.5,88.6041398365802,37
6,31.5,28.534600693369917,39
7,59.5,73.30927876849184,56
8,96.5,85.02126205603294,60
9,95.5,94.5119407498317,85
