,real_%top,predicted_%top,index
0,99.7,88.14140624999996,7
1,54.0,88.14140624999996,31
2,82.0,88.14140624999996,39
3,15.0,17.875000000000114,42
4,99.5,88.14140624999996,49
5,96.5,88.14140624999996,61
6,85.0,88.14140624999996,65
7,78.0,88.14140624999996,73
8,96.0,88.14140624999996,79
9,39.5,88.14140625000003,93
