,real_%top,predicted_%top,index
0,99.95,97.92972070809091,5
1,98.45,94.32229789471153,6
2,99.0,98.51762588379759,15
3,99.3,98.51762588379759,17
4,99.5,97.06362713846609,35
5,36.5,18.10076441654751,43
6,97.0,88.51218508884911,44
7,99.0,97.13990917158824,82
8,98.5,97.40486420723884,83
9,48.5,63.108431168014995,94
10,6.5,16.14104985333294,103
