,real_%top,predicted_%top,index
0,92.0,77.79199277397439,1
1,99.95,97.36512847307915,7
2,86.5,94.6671555945688,21
3,10.0,24.623332611832605,31
4,97.0,91.21627787212785,43
5,99.5,96.38763890782417,45
6,82.0,78.75137508333171,51
7,68.5,90.07534280874357,59
8,78.0,96.87706025134135,76
9,45.5,23.473898601398602,88
10,5.0,19.4008039946165,101
