,real_%top,predicted_%top,index
0,82.0,90.95900546374031,38
1,98.5,89.69709058736105,46
2,8.0,30.41795959335964,63
3,85.0,76.30843584208901,64
4,81.5,84.41407273245244,70
5,78.0,80.25819052580681,72
6,98.5,91.95980757187093,84
7,98.0,93.16872874635358,86
8,20.0,7.217729436252554,94
9,9.0,18.836860553546842,97
