,real_%top,predicted_%top,index
0,99.0,74.68296869035285,27
1,96.5,82.45733810304081,28
2,99.5,90.44027685642936,48
3,99.0,90.8940775575578,50
4,98.0,83.1444279411928,63
5,81.0,84.15365233674343,74
6,78.0,97.50035737637415,77
7,45.0,68.95327059055603,92
8,11.0,21.476746884485337,101
9,5.0,19.693183765091703,102
