,real_%top,predicted_%top,index
0,92.0,93.46713,1
1,99.95,93.47182,7
2,99.95,93.48754,11
3,34.5,26.78583,24
4,23.5,26.845661,33
5,89.5,93.48285,36
6,31.5,26.668945,39
7,82.0,93.48823,51
8,59.5,93.46936,56
9,81.5,93.46256,70
10,98.5,93.47682,84
