,real_%top,predicted_%top,index
0,91.4,91.654106,3
1,99.0,91.69477,14
2,23.0,8.442391,23
3,98.5,91.5538,25
4,99.0,91.553856,49
5,88.0,91.543175,61
6,91.0,91.46612,65
7,99.5,99.461975,79
8,99.0,99.454124,81
9,48.5,91.56283,93
10,21.5,20.377005,95
