,real_%top,predicted_%top,index
0,91.4,88.670395,3
1,99.0,88.63092,14
2,23.0,23.589931,23
3,98.5,89.261,25
4,99.0,88.72216,49
5,88.0,89.26405,61
6,91.0,89.3483,65
7,99.5,89.38292,79
8,99.0,89.4491,81
9,48.5,29.41425,93
10,21.5,12.454871,95
