,real_%top,predicted_%top,index
0,91.4,88.670364,3
1,99.0,88.63089,14
2,23.0,23.589897,23
3,98.5,89.26097,25
4,99.0,88.72214,49
5,88.0,89.26402,61
6,91.0,89.34827,65
7,99.5,89.38289,79
8,99.0,89.44907,81
9,48.5,29.414204,93
10,21.5,12.454836,95
