,real_%top,predicted_%top,index
0,93.8,99.7059266824327,8
1,99.3,99.35767398531934,16
2,96.5,85.12016277050327,27
3,99.5,98.42484475116689,47
4,62.0,57.20336793309541,54
5,98.0,94.85745974178553,57
6,98.0,87.135910214319,62
7,79.0,81.62877780502741,71
8,22.0,20.87881333308977,99
9,6.5,7.779963411364054,102
