,real_%top,predicted_%top,index
0,92.15,96.499016,0
1,98.0,96.50665,13
2,99.9,96.507675,17
3,71.0,96.57905,18
4,34.5,37.540375,24
5,21.5,19.436533,29
6,98.5,96.56027,44
7,74.5,96.54107,68
8,81.0,96.43692,73
9,45.0,46.356712,91
