,real_%top,predicted_%top,index
0,92.15,96.49894,0
1,98.0,96.50656,13
2,99.9,96.50758,17
3,71.0,96.578964,18
4,34.5,37.539326,24
5,21.5,19.436943,29
6,98.5,96.56017,44
7,74.5,96.54101,68
8,81.0,96.43684,73
9,45.0,46.35544,91
