,real_%top,predicted_%top,index
0,92.15,77.55131,0
1,98.0,77.55123,13
2,99.9,77.53384,17
3,71.0,77.43591,18
4,34.5,79.68013,24
5,21.5,12.353998,29
6,98.5,77.401276,44
7,74.5,77.41066,68
8,81.0,94.641884,73
9,45.0,77.52466,91
