,real_%top,predicted_%top,index
0,71.0,84.283325,18
1,97.5,84.316895,19
2,51.5,84.28698,22
3,64.0,84.29638,32
4,95.5,84.312965,58
5,68.5,84.35337,59
6,8.0,83.4239,63
7,63.0,21.334618,87
8,20.0,20.891186,94
9,9.0,20.882807,97
