,real_%top,predicted_%top,index
0,99.95,96.43231066582256,9
1,98.5,96.12728729979655,15
2,99.5,103.47146516846476,34
3,89.5,96.44498931242693,36
4,15.0,33.58371976013624,41
5,83.5,75.25706292894021,50
6,96.5,89.91388001713906,53
7,62.5,75.80662997878244,55
8,95.5,78.10154214833275,58
9,40.0,6.361413576726534,89
