,real_%top,predicted_%top,index
0,98.0,98.1276666391874,14
1,86.5,78.66704369819281,22
2,23.0,16.93891331146385,24
3,98.5,87.13439011050305,47
4,96.5,90.6607854840304,53
5,98.0,91.06648565783442,58
6,97.5,82.30400971597818,68
7,97.0,104.60226117854057,78
8,21.0,37.27107234692237,81
9,95.5,96.2914558650492,86
