,real_%top,predicted_%top,index
0,92.15,91.3698935353425,0
1,98.0,98.83751798655494,13
2,99.9,98.91649643193284,17
3,71.0,73.90211666875103,18
4,34.5,31.877574324181577,24
5,21.5,20.96547165615812,29
6,98.5,97.2112776117682,44
7,74.5,96.99766768217346,68
8,81.0,79.94260239662648,73
9,45.0,46.107789167586624,91
