,real_%top,predicted_%top,index
0,71.0,88.56336041847356,19
1,97.5,99.58019733350201,20
2,51.5,94.62373924562043,23
3,64.0,58.74660404488765,33
4,95.5,88.22360198901103,59
5,68.5,89.48211309075943,60
6,8.0,26.757399026591862,64
7,63.0,46.880088030594614,88
8,20.0,22.3719230801496,95
9,9.0,7.940994977994792,98
