,real_%top,predicted_%top,index
0,92.15,82.04785357142855,0
1,98.0,98.81037996031746,13
2,99.9,98.88845992063493,17
3,71.0,82.1101869047619,18
4,34.5,28.324890476190486,24
5,21.5,20.778587301587294,29
6,98.5,93.51808650793652,44
7,74.5,96.77562857142851,68
8,81.0,77.82806428571428,73
9,45.0,53.38767857142859,91
