,real_%top,predicted_%top,index
0,71.0,81.84308214285714,19
1,97.5,95.80008154761904,20
2,51.5,91.25189047619045,23
3,64.0,66.07134880952381,33
4,95.5,88.0373816017316,59
5,68.5,89.98455183982684,60
6,8.0,20.185404761904756,64
7,63.0,57.57199404761904,88
8,20.0,19.13022023809524,95
9,9.0,11.595607142857142,98
