,real_%top,predicted_%top,index
0,92.15,85.958565,0
1,91.4,85.96394,3
2,93.8,85.94107,8
3,70.5,85.95773,20
4,21.5,31.052664,29
5,83.5,86.00847,50
6,91.0,86.0234,65
7,74.5,85.918816,68
8,99.0,85.780464,75
9,40.0,31.05506,89
