,real_%top,predicted_%top,index
0,99.95,88.01834,4
1,99.5,88.00247,40
2,99.5,88.03856,48
3,98.0,98.56356,74
4,96.0,98.56834,78
5,21.0,98.586266,80
6,98.5,98.5329,82
7,63.0,87.915825,87
8,44.5,87.71797,90
9,66.5,88.08559,98
