,real_%top,predicted_%top,index
0,99.95,97.244896,4
1,99.5,97.294624,40
2,99.5,97.29711,48
3,98.0,97.357506,74
4,96.0,97.3634,78
5,21.0,97.06835,80
6,98.5,97.37835,82
7,63.0,43.580154,87
8,44.5,43.499428,90
9,66.5,97.03596,98
