,real_%top,predicted_%top,index
0,93.8,89.77053,8
1,99.3,89.767876,16
2,96.5,89.71052,27
3,99.5,89.79837,47
4,62.0,89.69363,54
5,98.0,89.704765,57
6,98.0,89.71305,62
7,79.0,89.74375,71
8,22.0,24.075443,99
9,6.5,24.13484,102
