,real_%top,predicted_%top,index
0,93.8,77.94243,8
1,99.3,78.22962,16
2,96.5,78.21935,27
3,99.5,78.22783,47
4,62.0,78.2722,54
5,98.0,78.267586,57
6,98.0,78.264725,62
7,79.0,95.42949,71
8,22.0,49.559723,99
9,6.5,17.863216,102
