,real_%top,predicted_%top,index
0,93.8,89.77054,8
1,99.3,89.76788,16
2,96.5,89.710526,27
3,99.5,89.79838,47
4,62.0,89.693634,54
5,98.0,89.704765,57
6,98.0,89.71305,62
7,79.0,89.74377,71
8,22.0,24.075441,99
9,6.5,24.134834,102
