,real_%top,predicted_%top,index
0,99.95,76.57939,9
1,57.0,76.54271,28
2,10.0,42.890366,31
3,99.5,76.61121,37
4,98.5,76.77067,44
5,62.0,76.46783,54
6,97.0,76.58107,66
7,98.0,76.0124,74
8,45.5,43.91601,88
9,66.5,76.272766,98
