,real_%top,predicted_%top,index
0,82.0,92.4788787910106,38
1,98.5,92.25462819386438,46
2,8.0,23.220341608812802,63
3,85.0,77.32736190728798,64
4,81.5,83.69356704091203,70
5,78.0,80.19852361902576,72
6,98.5,92.5616677862821,84
7,98.0,93.77547582882646,86
8,20.0,4.3298047344528925,94
9,9.0,16.45560696807128,97
