,real_%top,predicted_%top,index
0,99.0,67.18969644143645,27
1,96.5,74.49404755154602,28
2,99.5,89.36808924469874,48
3,99.0,87.37736777927189,50
4,98.0,86.65210875046566,63
5,81.0,82.34606602732234,74
6,78.0,97.98777934608626,77
7,45.0,64.00757681158927,92
8,11.0,15.490449032931352,101
9,5.0,18.140550905302916,102
