,real_%top,predicted_%top,index
0,99.95,98.3881506384955,4
1,99.5,97.732223413433,40
2,99.5,97.94409978844686,48
3,98.0,96.90870880092135,74
4,96.0,88.90140433039183,78
5,21.0,17.645397689728576,80
6,98.5,97.09859236874239,82
7,63.0,70.94349365687417,87
8,44.5,70.72658889496942,90
9,66.5,98.34548219884692,98
