,real_%top,predicted_%top,index
0,99.95,97.63153690476194,4
1,99.5,97.67446547619049,40
2,99.5,98.65810000000003,48
3,98.0,95.11945119047624,74
4,96.0,90.35413452380953,78
5,21.0,18.718732142857142,80
6,98.5,95.77836309523815,82
7,63.0,51.63349563492061,87
8,44.5,51.56424563492062,90
9,66.5,69.22606408730158,98
