,real_%top,predicted_%top,index
0,92.15,64.79511904761907,1
1,91.4,66.44523809523812,4
2,93.8,88.00553253968252,9
3,70.5,91.29502460317458,21
4,21.5,23.53033928571429,30
5,83.5,75.85186904761906,51
6,91.0,93.4966607142857,66
7,74.5,96.9279309523809,69
8,99.0,93.61598095238094,76
9,40.0,33.29574404761905,90
