,real_%top,predicted_%top,index
0,91.85,80.42299022774662,2
1,99.75,99.52794684590148,12
2,51.5,96.50705219258842,22
3,64.0,55.917441264583985,32
4,96.5,100.05841170047692,52
5,97.0,74.50000691320615,66
6,99.0,85.88305238432274,75
7,97.0,98.17572938931329,77
8,39.5,45.05794556713395,92
9,30.0,21.193557067247347,96
10,11.0,22.4992960580381,100
