,real_%top,predicted_%top,index
0,92.0,85.87533131358548,2
1,99.95,101.37008386756767,8
2,99.95,90.65009461093443,12
3,34.5,36.91347032825107,25
4,23.5,13.474623248360459,34
5,89.5,87.30480125560287,37
6,31.5,23.7535555574012,40
7,82.0,92.922248382149,52
8,59.5,74.42736261382754,57
9,81.5,85.06687562002158,71
10,98.5,94.1928182332688,85
