,real_%top,predicted_%top,index
0,91.4,84.14891016663556,3
1,99.0,96.57498442999314,14
2,23.0,19.465270696654585,23
3,98.5,87.97359725838709,25
4,99.0,89.62660448910104,49
5,88.0,83.8870473259939,61
6,91.0,85.84203114452646,65
7,99.5,96.88341018779798,79
8,99.0,89.24791380466493,81
9,48.5,60.340255929272345,93
10,21.5,-2.9129551153864384,95
