,real_%top,predicted_%top,index
0,7.0,25.62250692712505,10
1,99.95,100.22108847764457,11
2,97.5,99.23302195030031,19
3,99.0,75.02236839852614,26
4,94.0,91.32948678074945,35
5,99.5,93.24184610392689,37
6,31.5,13.81391386300956,39
7,59.5,64.14217966335735,56
8,96.5,86.47442066279642,60
9,95.5,98.47354473264969,85
