,real_%top,predicted_%top,index
0,99.95,95.3131729381082,4
1,99.5,95.09377335761612,40
2,99.5,95.1447604271264,48
3,98.0,90.67528189549117,74
4,96.0,87.96436112132191,78
5,21.0,22.824595377134873,80
6,98.5,90.46030375105815,82
7,63.0,76.02959864150024,87
8,44.5,76.23913375736477,90
9,66.5,95.99295500867176,98
