,real_%top,predicted_%top,index
0,92.15,76.4237131143216,1
1,91.4,72.83202891797528,4
2,93.8,91.24372772666004,9
3,70.5,81.55712198488214,21
4,21.5,21.27418335991047,30
5,83.5,73.4538850634638,51
6,91.0,91.46897554804578,66
7,74.5,96.12505119187058,69
8,99.0,79.23343346323605,76
9,40.0,23.065418948882908,90
