,real_%top,predicted_%top,index
0,91.85,83.21607313529475,3
1,98.5,101.51487618145492,16
2,88.0,82.46815335701568,62
3,95.5,89.3399974666188,70
4,79.0,80.60650545623076,72
5,99.5,98.33641982042806,80
6,98.5,92.1680284337255,84
7,98.0,96.0232730504146,87
8,44.5,67.0741643700268,91
9,30.0,11.378539214008015,97
