,real_%top,predicted_%top,index
0,98.45,93.72091257840572,5
1,99.7,96.7151443846846,6
2,70.5,87.51287501866089,20
3,57.0,86.20640972363778,28
4,54.0,84.43862872413756,30
5,23.5,19.337370397521966,33
6,36.5,56.53598783050577,42
7,97.5,83.92980253222095,67
8,95.5,85.15452996885715,69
9,98.5,91.51755583964953,83
