,real_%top,predicted_%top,index
0,82.0,89.62332898057436,38
1,98.5,93.90776811202043,46
2,8.0,23.247940695385438,63
3,85.0,78.52713108769576,64
4,81.5,76.17938102578964,70
5,78.0,72.79533705597072,72
6,98.5,93.59431086763176,84
7,98.0,94.02377699127419,86
8,20.0,23.247940695385438,94
9,9.0,23.247940695385438,97
