,real_%top,predicted_%top,index
0,99.0,81.48678965136743,27
1,96.5,90.81178129025542,28
2,99.5,93.86015215230243,48
3,99.0,93.12051927145778,50
4,98.0,91.28417287845619,63
5,81.0,76.47353168714045,74
6,78.0,94.80412469549913,77
7,45.0,74.12771523566995,92
8,11.0,22.041385279249585,101
9,5.0,21.79802630489061,102
