,real_%top,predicted_%top,index
0,93.8,77.30317476438937,8
1,99.3,100.96660450449404,16
2,96.5,93.84161579014123,27
3,99.5,99.47862295755789,47
4,62.0,55.51546058550031,54
5,98.0,97.80251806063953,57
6,98.0,95.38057534421412,62
7,79.0,81.04004546231991,71
8,22.0,18.295003336178056,99
9,6.5,9.466400277260885,102
