,real_%top,predicted_%top,index
0,7.0,41.0523944873802,10
1,99.95,89.90791664121043,11
2,97.5,88.45885774693343,19
3,99.0,71.68726757528711,26
4,94.0,86.12500448461769,35
5,99.5,99.29190738896102,37
6,31.5,35.55796427727706,39
7,59.5,71.38537756496743,56
8,96.5,91.31690397169606,60
9,95.5,93.50213904692896,85
