,real_%top,predicted_%top,index
0,98.0,100.778773977953,14
1,86.5,82.52973546224028,22
2,23.0,17.03262625483532,24
3,98.5,90.3088691656176,47
4,96.5,98.5248626093441,53
5,98.0,90.28308949996789,58
6,97.5,86.39948494753962,68
7,97.0,96.90172101714961,78
8,21.0,35.53367070312793,81
9,95.5,96.63036761815559,86
