,real_%top,predicted_%top,index
0,99.95,101.19558646222005,9
1,98.5,99.96432183110181,15
2,99.5,98.85184237869747,34
3,89.5,87.0615603210428,36
4,15.0,35.20693310516657,41
5,83.5,77.14034286325949,50
6,96.5,90.27534640482659,53
7,62.5,67.21348035723923,55
8,95.5,78.27955993042741,58
9,40.0,7.513092934542954,89
