,real_%top,predicted_%top,index
0,91.4,80.63850357142859,3
1,99.0,98.97247063492068,14
2,23.0,30.55536309523809,23
3,98.5,90.92418928571429,25
4,99.0,95.72509999999998,49
5,88.0,83.65548611111112,61
6,91.0,90.35897777777777,65
7,99.5,94.69325,79
8,99.0,93.1988255952381,81
9,48.5,47.94910714285716,93
10,21.5,16.79832142857142,95
