,real_%top,predicted_%top,index
0,92.0,83.73576071428572,2
1,99.95,93.86743750000001,8
2,99.95,95.97544285714287,12
3,34.5,28.062276190476187,25
4,23.5,18.795750000000005,34
5,89.5,90.97981666666665,37
6,31.5,21.645166666666665,40
7,82.0,87.23730833333332,52
8,59.5,63.654678571428576,57
9,81.5,83.75468134920634,71
10,98.5,96.57237142857144,85
