,real_%top,predicted_%top,index
0,91.85,91.16930988270865,2
1,99.75,98.13285111480613,12
2,51.5,89.47661205865028,22
3,64.0,86.02991526173163,32
4,96.5,88.80552801127722,52
5,97.0,81.69908427832564,66
6,99.0,88.33319885213051,75
7,97.0,97.09498323938945,77
8,39.5,64.99461711424365,92
9,30.0,14.669591019913497,96
10,11.0,16.09920841411669,100
