,real_%top,predicted_%top,index
0,7.0,38.594743276941124,11
1,99.75,97.88488651810384,13
2,99.9,96.82242872305645,18
3,98.5,81.5571550161871,26
4,94.0,85.54414692523397,36
5,99.5,91.41524095885342,41
6,99.5,91.3665771210009,46
7,96.5,89.97130173809327,54
8,62.5,71.81465044922808,56
9,21.5,-1.482462578600277,96
10,22.0,3.3207634519984737,100
