,real_%top,predicted_%top,index
0,99.95,104.97121526863151,5
1,98.45,90.94677649524985,6
2,99.0,100.39698735246606,15
3,99.3,100.60827979864673,17
4,99.5,100.12850838680379,35
5,36.5,53.12984512578159,43
6,97.0,85.02505811821881,44
7,99.0,85.22944723650396,82
8,98.5,93.70272359621816,83
9,48.5,71.66806391653904,94
10,6.5,20.07490881478138,103
