,real_%top,predicted_%top,index
0,92.0,86.17426991015228,1
1,99.95,101.09220324561693,7
2,86.5,82.6703973985737,21
3,10.0,11.578851807508585,31
4,97.0,85.741020441268,43
5,99.5,94.69711862823159,45
6,82.0,97.53576151804656,51
7,68.5,87.6913086516612,59
8,78.0,98.00507344857144,76
9,45.5,-11.410453209891315,88
10,5.0,20.260937467080353,101
