,real_%top,predicted_%top,index
0,99.95,102.4187903349895,5
1,98.45,94.1464236458685,6
2,99.0,97.54153484949143,15
3,99.3,97.43597723844405,17
4,99.5,100.14368035038616,35
5,36.5,66.15055695787122,43
6,97.0,88.63949116094925,44
7,99.0,86.908052815414,82
8,98.5,91.65141258822656,83
9,48.5,52.55998472014106,94
10,6.5,22.10714914444503,103
