,real_%top,predicted_%top,index
0,99.95,98.94343176894641,9
1,98.5,97.7566345980963,15
2,99.5,101.85935687115409,34
3,89.5,96.34300490259847,36
4,15.0,35.77888084412388,41
5,83.5,75.21208000300953,50
6,96.5,86.79229762032533,53
7,62.5,70.63577223109856,55
8,95.5,80.1114000394626,58
9,40.0,5.908023400083167,89
