,real_%top,predicted_%top,index
0,91.4,81.3653846153846,3
1,99.0,93.35199999999999,14
2,23.0,15.812500000000021,23
3,98.5,93.35199999999999,25
4,99.0,93.35199999999999,49
5,88.0,93.35199999999999,61
6,91.0,81.3653846153846,65
7,99.5,93.35199999999999,79
8,99.0,84.90357142857141,81
9,48.5,48.000000000000036,93
10,21.5,14.83333333333334,95
