,real_%top,predicted_%top,index
0,92.0,87.32647429607435,2
1,99.95,96.48644929284045,8
2,99.95,93.85048897758081,12
3,34.5,36.46384121683413,25
4,23.5,20.884638008273264,34
5,89.5,86.48557456773216,37
6,31.5,19.006674389767284,40
7,82.0,88.90372176636383,52
8,59.5,66.97759511853242,57
9,81.5,74.9476893675789,71
10,98.5,97.33168513323562,85
