,real_%top,predicted_%top,index
0,7.0,23.526960747375202,10
1,99.95,84.40992393131013,11
2,97.5,90.32156948345491,19
3,99.0,82.2328777507396,26
4,94.0,79.11252977782136,35
5,99.5,91.88759868490962,37
6,31.5,23.479467774201552,39
7,59.5,72.99325246844573,56
8,96.5,90.32435759773398,60
9,95.5,95.21318941372772,85
