,real_%top,predicted_%top,index
0,82.0,87.8031,38
1,98.5,87.834816,46
2,8.0,20.437017,63
3,85.0,87.30227,64
4,81.5,99.06166,70
5,78.0,98.37402,72
6,98.5,99.07887,84
7,98.0,99.076675,86
8,20.0,13.714001,94
9,9.0,13.67808,97
