,real_%top,predicted_%top,index
0,82.0,90.70902,38
1,98.5,90.72208,46
2,8.0,89.89548,63
3,85.0,91.01158,64
4,81.5,90.97927,70
5,78.0,71.38271,72
6,98.5,91.16264,84
7,98.0,91.15871,86
8,20.0,15.408418,94
9,9.0,15.411016,97
