,real_%top,predicted_%top,index
0,82.0,90.709076,38
1,98.5,90.72214,46
2,8.0,89.89552,63
3,85.0,91.01163,64
4,81.5,90.9793,70
5,78.0,71.38282,72
6,98.5,91.162674,84
7,98.0,91.15872,86
8,20.0,15.408465,94
9,9.0,15.411064,97
