,real_%top,predicted_%top,index
0,99.0,93.83243,26
1,96.5,93.83334,27
2,99.5,93.75236,47
3,99.0,93.749825,49
4,98.0,93.736855,62
5,81.0,93.745995,73
6,78.0,93.83733,76
7,45.0,35.775566,91
8,11.0,37.74783,100
9,5.0,35.559486,101
