,real_%top,predicted_%top,index
0,71.0,85.6960955743571,19
1,97.5,95.02666544170174,20
2,51.5,92.5391269198514,23
3,64.0,81.25917699927898,33
4,95.5,95.02666544170174,59
5,68.5,85.6960955743571,60
6,8.0,23.5991153571122,64
7,63.0,69.03135988057615,88
8,20.0,23.5991153571122,95
9,9.0,23.5991153571122,98
