,real_%top,predicted_%top,index
0,92.15,72.52371208602503,0
1,98.0,97.58411470328625,13
2,99.9,97.58411470328625,17
3,71.0,84.86290047781989,18
4,34.5,29.156177226952728,24
5,21.5,20.256901627566755,29
6,98.5,76.21999701218792,44
7,74.5,94.5409971764943,68
8,81.0,76.21999701218792,73
9,45.0,72.52371208602503,91
