,real_%top,predicted_%top,index
0,92.15,87.53125,0
1,98.0,96.0234375,13
2,99.9,95.96875,17
3,71.0,71.5,18
4,34.5,42.40625,24
5,21.5,18.5078125,29
6,98.5,93.3671875,44
7,74.5,85.40625,68
8,81.0,81.5,73
9,45.0,65.84375,91
