,real_%top,predicted_%top,index
0,92.15,87.51157780132336,0
1,98.0,96.01249196299126,13
2,99.9,95.95200271905762,17
3,71.0,71.48440732731105,18
4,34.5,42.38785331729485,24
5,21.5,18.48394755400051,29
6,98.5,93.34668919748407,44
7,74.5,85.38952769728016,68
8,81.0,81.48662500919622,73
9,45.0,65.83491852125832,91
