,real_%top,predicted_%top,index
0,92.0,80.1961253703168,2
1,99.95,93.78346220789874,8
2,99.95,91.98135693955595,12
3,34.5,23.384241448012773,25
4,23.5,23.765474510783328,34
5,89.5,68.86462784774136,37
6,31.5,22.599360495631817,40
7,82.0,75.6836007546547,52
8,59.5,83.91846593618794,57
9,81.5,75.88878331376229,71
10,98.5,97.17910384664357,85
