,real_%top,predicted_%top,index
0,91.4,75.21988458787939,3
1,99.0,98.59134547740703,14
2,23.0,24.159166265386656,23
3,98.5,96.33416324161949,25
4,99.0,97.09246698787321,49
5,88.0,88.49911814019315,61
6,91.0,91.53170481116108,65
7,99.5,94.62805322802197,79
8,99.0,92.80746313755695,81
9,48.5,62.38235855255854,93
10,21.5,24.391234461079858,95
