,real_%top,predicted_%top,index
0,92.15,93.77145479591492,0
1,98.0,99.68174631674032,13
2,99.9,98.74788225901335,17
3,71.0,88.15934546729783,18
4,34.5,30.9663430099314,24
5,21.5,17.77600172275389,29
6,98.5,95.1310806549931,44
7,74.5,97.20790788782678,68
8,81.0,80.0654335332973,73
9,45.0,44.65685021039263,91
