,real_%top,predicted_%top,index
0,99.95,106.12364525233032,4
1,99.5,96.47529100311962,40
2,99.5,92.36164177112525,48
3,98.0,105.39869577422533,74
4,96.0,96.5310594772057,78
5,21.0,29.031950542783214,80
6,98.5,96.42095354571212,82
7,63.0,59.77981179280039,87
8,44.5,59.67177656044498,90
9,66.5,94.82781816373583,98
