,real_%top,predicted_%top,index
0,92.15,84.39408483794071,1
1,91.4,81.70545950805442,4
2,93.8,94.32897798047703,9
3,70.5,79.01665612593752,21
4,21.5,18.029816209564416,30
5,83.5,78.57376093697457,51
6,91.0,84.06859661548452,66
7,74.5,89.1184554016854,69
8,99.0,86.25793495865803,76
9,40.0,12.424116703456022,90
