,real_%top,predicted_%top,index
0,91.85,82.396542053718,2
1,99.75,100.12434221147181,12
2,51.5,87.85552465261785,22
3,64.0,58.17501592159251,32
4,96.5,89.87285082779152,52
5,97.0,74.5000006044384,66
6,99.0,92.16009438980234,75
7,97.0,92.96214590447364,77
8,39.5,50.20050838217792,92
9,30.0,28.099835837895306,96
10,11.0,17.468379537329266,100
