,real_%top,predicted_%top,index
0,7.0,21.409825840879712,11
1,99.75,102.75397400118528,13
2,99.9,99.94404482853852,18
3,98.5,78.18505958000894,26
4,94.0,89.47599698937495,36
5,99.5,96.28135933982259,41
6,99.5,96.36211175147865,46
7,96.5,102.7497609544241,54
8,62.5,52.78481124301747,56
9,21.5,10.923478014113336,96
10,22.0,15.768283333770768,100
