,real_%top,predicted_%top,index
0,92.15,93.1731605647935,0
1,98.0,98.5248792317477,13
2,99.9,97.89436596117802,17
3,71.0,88.81094561202826,18
4,34.5,21.366757742850766,24
5,21.5,10.68163140425627,29
6,98.5,96.52280512579874,44
7,74.5,97.03400833491519,68
8,81.0,78.6220034981005,73
9,45.0,45.616863330030995,91
