,real_%top,predicted_%top,index
0,91.4,86.58889602724891,3
1,99.0,98.2804273926655,14
2,23.0,21.39061251089702,23
3,98.5,83.96719538953572,25
4,99.0,91.49100079963708,49
5,88.0,97.83048291686156,61
6,91.0,91.14743566620992,65
7,99.5,96.02434732125909,79
8,99.0,92.0530512717775,81
9,48.5,44.60519994768137,93
10,21.5,15.710835349646345,95
