,real_%top,predicted_%top,index
0,91.4,91.92879711162979,3
1,99.0,99.50088390308372,14
2,23.0,16.890728739946685,23
3,98.5,54.7489674507879,25
4,99.0,92.22384893278564,49
5,88.0,94.65474928603678,61
6,91.0,92.43332510121239,65
7,99.5,97.15797810859388,79
8,99.0,96.04827672777495,81
9,48.5,43.655409036703986,93
10,21.5,18.826230348952624,95
