,real_%top,predicted_%top,index
0,93.8,97.85868892292584,8
1,99.3,95.71856983176794,16
2,96.5,80.82767208724692,27
3,99.5,91.3101855392499,47
4,62.0,74.19014808742796,54
5,98.0,91.69506648359423,57
6,98.0,85.57914780986306,62
7,79.0,83.4791318206357,71
8,22.0,9.005553326992086,99
9,6.5,16.13252160942396,102
