,real_%top,predicted_%top,index
0,99.95,98.8997634657226,10
1,57.0,83.29625333873273,29
2,10.0,9.941952873213651,32
3,99.5,99.0350368790021,38
4,98.5,92.41242284332128,45
5,62.0,75.03734387667453,55
6,97.0,82.90598667984824,67
7,98.0,102.26056388716361,75
8,45.5,-13.702657224255717,89
9,66.5,94.55304601123447,99
