,real_%top,predicted_%top,index
0,99.95,100.11758949929636,10
1,57.0,86.85632148758371,29
2,10.0,7.931936687493504,32
3,99.5,96.78239238068963,38
4,98.5,92.73642646983117,45
5,62.0,76.74988329933606,55
6,97.0,82.33144271614627,67
7,98.0,98.93165702763454,75
8,45.5,-17.38160891641293,89
9,66.5,94.28278737318264,99
