,real_%top,predicted_%top,index
0,91.85,70.63594962345483,3
1,98.5,96.76434768079339,16
2,88.0,91.54521757365004,62
3,95.5,91.54521757365004,70
4,79.0,77.6184932772177,72
5,99.5,96.76434768079339,80
6,98.5,96.76434768079339,84
7,98.0,96.76434768079339,87
8,44.5,70.63594962345483,91
9,30.0,18.74476317849828,97
