,real_%top,predicted_%top,index
0,98.45,97.62445070987332,5
1,99.7,83.47283948575652,6
2,70.5,97.75367540276085,20
3,57.0,83.80982581893699,28
4,54.0,80.99673929363311,30
5,23.5,19.821617382721097,33
6,36.5,27.80152907292237,42
7,97.5,90.01634315060535,67
8,95.5,90.01634315060535,69
9,98.5,97.77717933167375,83
