,real_%top,predicted_%top,index
0,82.0,98.12433214126808,38
1,98.5,97.00919583811564,46
2,8.0,18.2088560704087,63
3,85.0,87.4552101974685,64
4,81.5,94.0572267214938,70
5,78.0,82.84399953955919,72
6,98.5,98.81393177772878,84
7,98.0,95.5000032919883,86
8,20.0,23.977247303792126,94
9,9.0,4.831145036654098,97
