,real_%top,predicted_%top,index
0,99.0,84.8190740340392,27
1,96.5,93.36640027439917,28
2,99.5,94.09646516761356,48
3,99.0,87.1652470157185,50
4,98.0,94.7299441773106,63
5,81.0,75.38810276399234,74
6,78.0,90.96761515002275,77
7,45.0,45.743281285825056,92
8,11.0,30.01649239023744,101
9,5.0,6.948024689401695,102
