,real_%top,predicted_%top,index
0,98.45,82.65809841984122,5
1,99.7,93.61008605333873,6
2,70.5,82.24563709618178,20
3,57.0,78.38833333339846,28
4,54.0,79.04512300085666,30
5,23.5,20.85997526064479,33
6,36.5,23.876806477967797,42
7,97.5,92.22720663762179,67
8,95.5,91.64717030229207,69
9,98.5,95.38362548789523,83
