,real_%top,predicted_%top,index
0,99.0,69.74229442300204,27
1,96.5,91.7196405875718,28
2,99.5,99.20961043137686,48
3,99.0,95.12101111210981,50
4,98.0,87.96694051917288,63
5,81.0,80.11058216713245,74
6,78.0,97.87873686247016,77
7,45.0,43.590454994533886,92
8,11.0,20.603145412994504,101
9,5.0,19.76971572311504,102
