,real_%top,predicted_%top,index
0,93.8,93.81274322855258,8
1,99.3,97.02182488412835,16
2,96.5,92.16970509325469,27
3,99.5,94.23353874694106,47
4,62.0,73.16662994694842,54
5,98.0,91.86205286695514,57
6,98.0,91.40608771127711,62
7,79.0,72.38135264991624,71
8,22.0,23.326690695385437,99
9,6.5,23.247940695385438,102
