,real_%top,predicted_%top,index
0,99.95,97.17951850564742,10
1,57.0,79.1211535293183,29
2,10.0,22.041385279249585,32
3,99.5,89.70590029352798,38
4,98.5,90.92214272604186,45
5,62.0,77.6683086859264,55
6,97.0,91.4052819197417,67
7,98.0,96.43466785716791,75
8,45.5,22.041385279249585,89
9,66.5,96.68469775189138,99
