,real_%top,predicted_%top,index
0,99.95,97.67499172900897,10
1,57.0,81.32914679125678,29
2,10.0,20.90904204773023,32
3,99.5,88.08598486268997,38
4,98.5,93.01633493543166,45
5,62.0,77.60517930121759,55
6,97.0,93.79160100276455,67
7,98.0,91.86614972304324,75
8,45.5,20.90904204773023,89
9,66.5,97.02297082630056,99
