,real_%top,predicted_%top,index
0,99.95,108.7141309854897,5
1,98.45,92.48382906453315,6
2,99.0,97.80555087588488,15
3,99.3,99.52066967668648,17
4,99.5,100.36039088695914,35
5,36.5,15.334942565112096,43
6,97.0,94.82338446202007,44
7,99.0,94.14917262665632,82
8,98.5,94.86283860554408,83
9,48.5,43.337308550644956,94
10,6.5,5.720643381897523,103
