,real_%top,predicted_%top,index
0,92.0,78.24372184151467,1
1,99.95,96.55461654406206,7
2,86.5,83.3865953307741,21
3,10.0,17.42110809151849,31
4,97.0,94.56973703695566,43
5,99.5,97.21785652875275,45
6,82.0,93.87420924235686,51
7,68.5,92.44836134345232,59
8,78.0,96.0448069557314,76
9,45.5,28.74065815975128,88
10,5.0,7.182500978116002,101
