,real_%top,predicted_%top,index
0,91.85,86.86500242511933,2
1,99.75,97.3884622163921,12
2,51.5,88.1086606999855,22
3,64.0,82.10530519753401,32
4,96.5,79.74173632882959,52
5,97.0,84.09659334958681,66
6,99.0,87.4721447141837,75
7,97.0,99.85404106822841,77
8,39.5,63.93787222259385,92
9,30.0,16.336723261836838,96
10,11.0,17.68617193452077,100
