,real_%top,predicted_%top,index
0,93.8,94.13088689098062,8
1,99.3,97.84887729591621,16
2,96.5,93.85801986663286,27
3,99.5,95.64925138798559,47
4,62.0,75.24398459896234,54
5,98.0,89.57042162300118,57
6,98.0,90.74803027250515,62
7,79.0,72.55673853624452,71
8,22.0,22.133571775642316,99
9,6.5,22.133571775642316,102
