,real_%top,predicted_%top,index
0,99.95,97.04328276340986,10
1,57.0,77.61269054758093,29
2,10.0,21.153578222259338,32
3,99.5,89.41092420453762,38
4,98.5,90.45256246436948,45
5,62.0,77.2345378326488,55
6,97.0,93.11045234957406,67
7,98.0,93.98594004918789,75
8,45.5,21.153578222259338,89
9,66.5,92.02594727789605,99
