,real_%top,predicted_%top,index
0,93.8,99.44370844337224,8
1,99.3,98.81787084839144,16
2,96.5,73.42817586999301,27
3,99.5,90.19428116455559,47
4,62.0,75.02377857531502,54
5,98.0,89.13123614303366,57
6,98.0,85.49092043852853,62
7,79.0,84.40495801844637,71
8,22.0,10.756544312622069,99
9,6.5,18.493086918325417,102
