,real_%top,predicted_%top,index
0,99.95,96.2526769839893,10
1,57.0,88.27664309553178,29
2,10.0,21.900857093608607,32
3,99.5,100.21895790373891,38
4,98.5,97.74872610377554,45
5,62.0,76.97017784553918,55
6,97.0,84.60537870748232,67
7,98.0,100.66754250783579,75
8,45.5,-13.670886811712819,89
9,66.5,87.1958263284571,99
