,real_%top,predicted_%top,index
0,99.0,71.35426234808233,27
1,96.5,80.2052341417783,28
2,99.5,89.17661648651836,48
3,99.0,87.71703921280441,50
4,98.0,84.24812911455763,63
5,81.0,82.91729198542036,74
6,78.0,96.47396514090855,77
7,45.0,68.53518733735841,92
8,11.0,19.156398562699408,101
9,5.0,19.24389919313741,102
