,real_%top,predicted_%top,index
0,82.0,93.9654600836599,38
1,98.5,91.56850028563277,46
2,8.0,20.514776467638683,63
3,85.0,78.7606650266724,64
4,81.5,86.4724448388703,70
5,78.0,86.66312722586676,72
6,98.5,91.11117379654469,84
7,98.0,92.29255735868328,86
8,20.0,6.094973832424188,94
9,9.0,15.668525533969671,97
