,real_%top,predicted_%top,index
0,91.85,82.93402248919902,2
1,99.75,101.2108159369652,12
2,51.5,95.41930024670785,22
3,64.0,55.880290318124814,32
4,96.5,97.6765985701906,52
5,97.0,76.46298279784202,66
6,99.0,91.84445389874746,75
7,97.0,97.7264702364869,77
8,39.5,46.984331634290136,92
9,30.0,8.820402612725776,96
10,11.0,9.579570428479004,100
