,real_%top,predicted_%top,index
0,7.0,39.28125,10
1,99.95,91.09375,11
2,97.5,82.5,19
3,99.0,68.65625,26
4,94.0,84.4375,35
5,99.5,95.3125,37
6,31.5,31.21875,39
7,59.5,72.9375,56
8,96.5,89.375,60
9,95.5,93.53125,85
