,real_%top,predicted_%top,index
0,7.0,39.31885648009616,10
1,99.95,91.12986387400386,11
2,97.5,82.54514885488038,19
3,99.0,68.70183293763189,26
4,94.0,84.48585324153696,35
5,99.5,95.35385053285576,37
6,31.5,31.26215421431749,39
7,59.5,72.96815448320574,56
8,96.5,89.41969032074286,60
9,95.5,93.56421101577585,85
