,real_%top,predicted_%top,index
0,99.7,100.27906872465137,7
1,54.0,69.90965100172542,31
2,82.0,87.31683964615809,39
3,15.0,27.236501748699723,42
4,99.5,87.31683964615809,49
5,96.5,92.97178956695606,61
6,85.0,78.4578133526065,65
7,78.0,81.8748544130371,73
8,96.0,98.27076017291847,79
9,39.5,46.757811824241585,93
