,real_%top,predicted_%top,index
0,7.0,13.785714285714299,10
1,99.95,81.97999999999999,11
2,97.5,93.49166666666665,19
3,99.0,81.97999999999999,26
4,94.0,93.49166666666665,35
5,99.5,94.64444444444443,37
6,31.5,13.785714285714299,39
7,59.5,84.1892857142857,56
8,96.5,94.64444444444443,60
9,95.5,94.64444444444443,85
