,real_%top,predicted_%top,index
0,99.95,104.49284349775445,4
1,99.5,92.02311550290726,40
2,99.5,89.32391336697243,48
3,98.0,102.25280047715572,74
4,96.0,96.10903655524874,78
5,21.0,30.688987356961675,80
6,98.5,94.76266630120423,82
7,63.0,74.05754432720022,87
8,44.5,73.98665619029688,90
9,66.5,85.60492042669061,98
