,real_%top,predicted_%top,index
0,92.15,85.0905043196825,1
1,91.4,85.09494610214118,4
2,93.8,96.96577240770507,9
3,70.5,83.67863136664235,21
4,21.5,19.9472190565657,30
5,83.5,79.13030060908498,51
6,91.0,84.56329247446092,66
7,74.5,86.3093749716353,69
8,99.0,88.19509957093804,76
9,40.0,2.971390676192172,90
