,real_%top,predicted_%top,index
0,93.8,93.56666666666665,8
1,99.3,93.56666666666665,16
2,96.5,84.72499999999998,27
3,99.5,93.56666666666665,47
4,62.0,86.99615384615383,54
5,98.0,97.63571428571414,57
6,98.0,93.56666666666665,62
7,79.0,86.99615384615383,71
8,22.0,20.750000000000036,99
9,6.5,16.611111111111132,102
