,real_%top,predicted_%top,index
0,99.95,97.67402811275815,10
1,57.0,71.06752785712126,29
2,10.0,23.561018043667357,32
3,99.5,86.21376039055707,38
4,98.5,96.51136531082304,45
5,62.0,86.46104125379526,55
6,97.0,97.49937658015497,67
7,98.0,98.98879374449041,75
8,45.5,11.771030880551276,89
9,66.5,93.04179846498063,99
