,real_%top,predicted_%top,index
0,92.15,80.23789061720765,0
1,98.0,95.222751322659,13
2,99.9,96.82291598055924,17
3,71.0,76.98851537040902,18
4,34.5,22.706731948876367,24
5,21.5,20.18802393000596,29
6,98.5,91.73335655392363,44
7,74.5,96.10559211829217,68
8,81.0,70.90956406448518,73
9,45.0,77.62813502030556,91
