,real_%top,predicted_%top,index
0,92.0,86.02550754807879,1
1,99.95,102.49869143411391,7
2,86.5,84.12612187164942,21
3,10.0,6.961344712620104,31
4,97.0,87.40029982786582,43
5,99.5,97.81347678875103,45
6,82.0,91.89761596607191,51
7,68.5,86.29006450650346,59
8,78.0,97.41895485433508,76
9,45.5,-10.61521518027881,88
10,5.0,25.77899407145793,101
