,real_%top,predicted_%top,index
0,99.95,104.44199048886554,5
1,98.45,90.17527438798359,6
2,99.0,99.09940448818836,15
3,99.3,99.11171024906773,17
4,99.5,99.48243284044962,35
5,36.5,47.386212341656794,43
6,97.0,85.60924638487802,44
7,99.0,87.75830480883431,82
8,98.5,94.37495360852306,83
9,48.5,61.658277754747786,94
10,6.5,22.436855137042542,103
