,real_%top,predicted_%top,index
0,7.0,13.964738095238097,11
1,99.75,97.13330714285716,13
2,99.9,97.74002083333326,18
3,98.5,92.17563095238094,26
4,94.0,88.85287499999998,36
5,99.5,95.99782261904762,41
6,99.5,97.87658928571427,46
7,96.5,88.90470238095234,54
8,62.5,67.57283333333335,56
9,21.5,18.50445833333332,96
10,22.0,18.67645833333332,100
