,real_%top,predicted_%top,index
0,91.85,76.24008928571426,2
1,99.75,98.4967077380952,12
2,51.5,91.4702722222222,22
3,64.0,68.78312023809525,32
4,96.5,95.78681865079363,52
5,97.0,88.48476190476192,66
6,99.0,94.00280535714288,75
7,97.0,95.62182857142858,77
8,39.5,51.52165476190478,92
9,30.0,20.324380952380952,96
10,11.0,19.95429761904762,100
