,real_%top,predicted_%top,index
0,91.85,84.03423999799438,3
1,98.5,97.88486238547299,16
2,88.0,84.02407328480015,62
3,95.5,87.13600016651476,70
4,79.0,86.62726061775868,72
5,99.5,96.58115303606272,80
6,98.5,92.43558712721502,84
7,98.0,95.02656582024483,87
8,44.5,58.797935091240404,91
9,30.0,15.919243378888467,97
