,real_%top,predicted_%top,index
0,99.95,96.5565499664449,4
1,99.5,85.30134815733078,40
2,99.5,85.30134815733078,48
3,98.0,91.5728835331435,74
4,96.0,95.81959542942673,78
5,21.0,39.79032284227037,80
6,98.5,100.54531795754048,82
7,63.0,63.08503671972363,87
8,44.5,63.08503671972363,90
9,66.5,74.14039953196325,98
