,real_%top,predicted_%top,index
0,92.15,88.28538461538459,1
1,91.4,88.28538461538459,4
2,93.8,88.28538461538459,9
3,70.5,88.28538461538459,21
4,21.5,18.406250000000156,30
5,83.5,88.28538461538459,51
6,91.0,88.28538461538459,66
7,74.5,88.28538461538459,69
8,99.0,88.28538461538459,76
9,40.0,35.500000000000064,90
