,real_%top,predicted_%top,index
0,92.15,85.14321071999458,0
1,98.0,96.02121255627554,13
2,99.9,97.16092696235688,17
3,71.0,70.05231674808638,18
4,34.5,45.4372150417447,24
5,21.5,12.54356887226325,29
6,98.5,93.44415674423352,44
7,74.5,88.18108995195719,68
8,81.0,83.38891434252739,73
9,45.0,58.151897748264446,91
