,real_%top,predicted_%top,index
0,71.0,73.76672594117198,19
1,97.5,93.3572944723447,20
2,51.5,86.83042349927717,23
3,64.0,81.97914212143621,33
4,95.5,80.54490427686473,59
5,68.5,87.97919720723822,60
6,8.0,24.80387318108562,64
7,63.0,65.23710436220772,88
8,20.0,6.825776590871669,95
9,9.0,19.88947414897686,98
