,real_%top,predicted_%top,index
0,99.95,96.65404216967458,5
1,98.45,91.67674148391163,6
2,99.0,98.25746624037511,15
3,99.3,98.25746624037511,17
4,99.5,94.1132944217547,35
5,36.5,19.25323186943776,43
6,97.0,87.64621043092609,44
7,99.0,92.67998248461846,82
8,98.5,95.66097054998448,83
9,48.5,67.90049978420271,94
10,6.5,17.599370397576287,103
