,real_%top,predicted_%top,index
0,92.0,79.55987424514555,1
1,99.95,94.66189799293844,7
2,86.5,92.6265373913668,21
3,10.0,23.730931245225364,31
4,97.0,86.90682822602236,43
5,99.5,97.2804657422643,45
6,82.0,79.13790091912519,51
7,68.5,89.79363211890231,59
8,78.0,95.74621169545325,76
9,45.5,23.38318052372464,88
10,5.0,19.090467012970688,101
