,real_%top,predicted_%top,index
0,98.45,89.46377481851843,5
1,99.7,94.30080000984559,6
2,70.5,87.77248981860039,20
3,57.0,79.67216081785294,28
4,54.0,82.33642750342929,30
5,23.5,21.731881108613557,33
6,36.5,24.659573044640318,42
7,97.5,90.86078353226635,67
8,95.5,90.86540057451931,69
9,98.5,92.480221970524,83
