,real_%top,predicted_%top,index
0,98.45,92.98680690947144,5
1,99.7,95.51840043958151,6
2,70.5,84.65389856739398,20
3,57.0,84.59035252924645,28
4,54.0,81.69287905038586,30
5,23.5,18.464597576772817,33
6,36.5,74.27616598661781,42
7,97.5,86.13373873302666,67
8,95.5,87.19663858990663,69
9,98.5,93.66816169366642,83
