,real_%top,predicted_%top,index
0,91.85,83.0635449196427,3
1,98.5,98.67091578581693,16
2,88.0,84.43266411582678,62
3,95.5,89.92774738088264,70
4,79.0,81.47895945835643,72
5,99.5,97.52477820798079,80
6,98.5,91.23099058527731,84
7,98.0,95.16460784946699,87
8,44.5,69.30266464616727,91
9,30.0,15.776004246243346,97
