,real_%top,predicted_%top,index
0,99.7,76.67374454478228,7
1,54.0,64.21633831868171,31
2,82.0,62.17704252747356,39
3,15.0,9.424999300967212,42
4,99.5,98.58894692265925,49
5,96.5,83.76707301313796,61
6,85.0,96.79839242505594,65
7,78.0,81.9829874664559,73
8,96.0,93.2398638763081,79
9,39.5,48.883569477262036,93
