,real_%top,predicted_%top,index
0,7.0,25.476786740083835,10
1,99.95,105.42255889226966,11
2,97.5,98.9387768762017,19
3,99.0,87.55508035030417,26
4,94.0,84.00980042591502,35
5,99.5,89.54263404944719,37
6,31.5,22.741354876668503,39
7,59.5,60.50654360879757,56
8,96.5,96.22986031636717,60
9,95.5,98.62167469500089,85
