,real_%top,predicted_%top,index
0,82.0,92.5837364143342,38
1,98.5,99.3427893000195,46
2,8.0,27.403804653048834,63
3,85.0,92.64719712741368,64
4,81.5,94.57970449668893,70
5,78.0,80.78173839832257,72
6,98.5,97.1971762068755,84
7,98.0,95.50000056705473,86
8,20.0,21.953364384817174,94
9,9.0,9.74433894608253,97
