,real_%top,predicted_%top,index
0,71.0,57.1418414445864,19
1,97.5,88.01252736017247,20
2,51.5,95.78038820433031,23
3,64.0,67.04378245563173,33
4,95.5,97.94050215175507,59
5,68.5,63.075813795357696,60
6,8.0,21.261309492828033,64
7,63.0,62.824390648353294,88
8,20.0,23.60449839535534,95
9,9.0,29.9896004663815,98
