,real_%top,predicted_%top,index
0,92.15,82.3181818181818,0
1,98.0,94.77777777777776,13
2,99.9,94.77777777777776,17
3,71.0,84.84333333333322,18
4,34.5,36.49999999999989,24
5,21.5,22.000000000000025,29
6,98.5,82.3181818181818,44
7,74.5,94.77777777777776,68
8,81.0,82.3181818181818,73
9,45.0,48.87500000000005,91
