,real_%top,predicted_%top,index
0,82.0,89.60771549749796,38
1,98.5,95.2294394813199,46
2,8.0,22.65812381878472,63
3,85.0,76.92119999571692,64
4,81.5,74.10516482775134,70
5,78.0,69.52093282053744,72
6,98.5,93.46897990808331,84
7,98.0,93.54098971200489,86
8,20.0,22.47229048545139,94
9,9.0,22.47229048545139,97
