,real_%top,predicted_%top,index
0,91.85,85.6796677656705,2
1,99.75,100.89959904573917,12
2,51.5,93.36323086724775,22
3,64.0,81.77527584850324,32
4,96.5,100.61014125919675,52
5,97.0,84.42080505215091,66
6,99.0,90.40133182878446,75
7,97.0,94.2639835016993,77
8,39.5,65.7730224275837,92
9,30.0,15.0282505566486,96
10,11.0,17.934116321802094,100
