,real_%top,predicted_%top,index
0,7.0,17.892857142856855,11
1,99.75,86.47846153846159,13
2,99.9,86.47846153846159,18
3,98.5,86.47846153846159,26
4,94.0,86.47846153846159,36
5,99.5,86.47846153846159,41
6,99.5,86.47846153846159,46
7,96.5,86.47846153846159,54
8,62.5,86.47846153846159,56
9,21.5,17.892857142856997,96
10,22.0,17.892857142856997,100
