,real_%top,predicted_%top,index
0,99.95,92.8781482461509,9
1,98.5,98.35970657794738,15
2,99.5,99.36247616094869,34
3,89.5,77.12283858710558,36
4,15.0,30.329582308497933,41
5,83.5,73.6402252372428,50
6,96.5,99.261354532346,53
7,62.5,60.89506075356167,55
8,95.5,86.42746169282441,58
9,40.0,41.68447881240955,89
