,real_%top,predicted_%top,index
0,91.85,56.34437,2
1,99.75,83.94707,12
2,51.5,84.57922,22
3,64.0,84.069565,32
4,96.5,84.54054,52
5,97.0,84.59703,66
6,99.0,84.28726,75
7,97.0,84.36356,77
8,39.5,33.364136,92
9,30.0,19.099014,96
10,11.0,22.081135,100
