,real_%top,predicted_%top,index
0,91.85,67.08755,2
1,99.75,87.893585,12
2,51.5,87.99778,22
3,64.0,87.982056,32
4,96.5,95.757126,52
5,97.0,87.989006,66
6,99.0,95.64379,75
7,97.0,95.65109,77
8,39.5,87.89281,92
9,30.0,10.250424,96
10,11.0,68.26949,100
