,real_%top,predicted_%top,index
0,7.0,94.183945,10
1,99.75,94.26628,12
2,99.9,94.24582,17
3,98.5,94.241684,25
4,94.0,94.24538,35
5,99.5,94.248924,40
6,99.5,94.24965,45
7,96.5,94.26065,53
8,62.5,87.89261,55
9,21.5,15.162602,95
10,22.0,15.604584,99
