,real_%top,predicted_%top,index
0,91.85,55.49205,2
1,99.75,82.76974,12
2,51.5,82.560524,22
3,64.0,82.6859,32
4,96.5,82.506775,52
5,97.0,82.59864,66
6,99.0,82.27026,75
7,97.0,82.3382,77
8,39.5,34.892525,92
9,30.0,19.866013,96
10,11.0,21.051445,100
