,real_%top,predicted_%top,index
0,92.0,82.6529280230933,1
1,99.95,102.52760536589716,7
2,86.5,84.53520818333959,21
3,10.0,15.416607360635155,31
4,97.0,85.40932078707918,43
5,99.5,93.42663923165496,45
6,82.0,98.28607133010516,51
7,68.5,88.3428179880375,59
8,78.0,97.61114570594854,76
9,45.5,-10.488961267264273,88
10,5.0,18.178317837731115,101
