,real_%top,predicted_%top,index
0,92.0,82.6875,1
1,99.95,102.5625,7
2,86.5,84.5625,21
3,10.0,15.4375,31
4,97.0,85.4375,43
5,99.5,93.453125,45
6,82.0,98.3125,51
7,68.5,88.375,59
8,78.0,97.640625,76
9,45.5,-10.46875,88
10,5.0,18.1875,101
