,real_%top,predicted_%top,index
0,91.85,79.78991027680856,3
1,98.5,96.20394801935954,16
2,88.0,86.38709582190515,62
3,95.5,91.61758129950984,70
4,79.0,73.37989402464017,72
5,99.5,91.24889426330309,80
6,98.5,92.07049994169977,84
7,98.0,92.63518753596823,87
8,44.5,72.49221269953001,91
9,30.0,21.18826753462489,97
