,real_%top,predicted_%top,index
0,98.45,86.56912715266098,5
1,99.7,92.01691846431454,6
2,70.5,86.8913320764137,20
3,57.0,81.84273239476096,28
4,54.0,83.11088834024733,30
5,23.5,20.30959149544145,33
6,36.5,21.83427049870942,42
7,97.5,90.82579113909331,67
8,95.5,90.72777045672616,69
9,98.5,93.51322604056406,83
