,real_%top,predicted_%top,index
0,92.15,91.62436969832267,0
1,98.0,98.0747638434037,13
2,99.9,98.30316061167159,17
3,71.0,91.2678929895152,18
4,34.5,29.781839616003317,24
5,21.5,12.29384846928106,29
6,98.5,96.22818891929995,44
7,74.5,96.90131386240544,68
8,81.0,80.39168945309177,73
9,45.0,45.50363020283571,91
