,real_%top,predicted_%top,index
0,91.4,82.65625,3
1,99.0,96.875,14
2,23.0,11.40625,23
3,98.5,79.0625,25
4,99.0,93.53125,49
5,88.0,85.25,61
6,91.0,86.75,65
7,99.5,94.03125,79
8,99.0,86.03125,81
9,48.5,57.0625,93
10,21.5,6.15625,95
