,real_%top,predicted_%top,index
0,91.4,82.72230929607936,3
1,99.0,96.93771776900472,14
2,23.0,11.463927882399389,23
3,98.5,79.12336941674188,25
4,99.0,93.5791726900322,49
5,88.0,85.32601557231689,61
6,91.0,86.82400920364766,65
7,99.5,94.07702880542355,79
8,99.0,86.0766310722063,81
9,48.5,57.11644071521534,93
10,21.5,6.199598897935672,95
