,real_%top,predicted_%top,index
0,99.95,106.44608188994647,5
1,98.45,92.18925561649353,6
2,99.0,97.72579669072704,15
3,99.3,97.5653966746234,17
4,99.5,100.58750039748723,35
5,36.5,59.739951948967786,43
6,97.0,86.8319901173795,44
7,99.0,89.40838149088614,82
8,98.5,95.91302151429733,83
9,48.5,61.632694475812244,94
10,6.5,20.9446629628533,103
