,real_%top,predicted_%top,index
0,92.0,84.08619963269216,1
1,99.95,100.20018625529765,7
2,86.5,83.79483207336371,21
3,10.0,9.585397702223233,31
4,97.0,86.64057682165925,43
5,99.5,96.2422981329129,45
6,82.0,92.83887570924567,51
7,68.5,86.27189533269517,59
8,78.0,95.88266948757517,76
9,45.5,-10.473381183487689,88
10,5.0,21.161482687388983,101
