,real_%top,predicted_%top,index
0,82.0,89.19600714285713,38
1,98.5,98.77320952380951,46
2,8.0,18.01741666666667,63
3,85.0,91.29969603174602,64
4,81.5,83.6590380952381,70
5,78.0,79.49894761904766,72
6,98.5,96.05753095238093,84
7,98.0,95.92596428571427,86
8,20.0,20.83282142857143,94
9,9.0,11.930976190476192,97
