,real_%top,predicted_%top,index
0,99.0,80.56830000000002,27
1,96.5,87.58303452380954,28
2,99.5,97.81809523809521,48
3,99.0,94.00402619047618,50
4,98.0,89.95662698412698,63
5,81.0,76.98774166666668,74
6,78.0,96.75133928571428,77
7,45.0,63.33087857142856,92
8,11.0,22.690404761904766,101
9,5.0,9.873595238095241,102
