,real_%top,predicted_%top,index
0,92.15,87.72505168216699,1
1,91.4,92.18934148310602,4
2,93.8,92.8702476022646,9
3,70.5,93.68350362027088,21
4,21.5,18.3112455640543,30
5,83.5,69.91335795731567,51
6,91.0,85.73105597310109,66
7,74.5,97.00000291417453,69
8,99.0,94.38590276141834,76
9,40.0,46.518660571983006,90
