,real_%top,predicted_%top,index
0,99.95,99.44361839696494,4
1,99.5,101.46375666104046,40
2,99.5,98.24970097226073,48
3,98.0,99.6356108545054,74
4,96.0,89.82427321556426,78
5,21.0,25.730783596719203,80
6,98.5,98.47980618602756,82
7,63.0,43.96309136367286,87
8,44.5,44.03265201997802,90
9,66.5,48.79722207492538,98
