,real_%top,predicted_%top,index
0,92.0,88.68919644110117,2
1,99.95,95.06812197756197,8
2,99.95,105.21889164275669,12
3,34.5,17.839787539214274,25
4,23.5,22.154184956804777,34
5,89.5,78.36314328122573,37
6,31.5,22.166149991812777,40
7,82.0,82.16264016773371,52
8,59.5,65.57907248459024,57
9,81.5,92.89757413539044,71
10,98.5,101.37036391236339,85
