,real_%top,predicted_%top,index
0,91.4,94.77877733057687,3
1,99.0,98.84924648186133,14
2,23.0,10.473429624134633,23
3,98.5,84.99753978084561,25
4,99.0,97.32847117612722,49
5,88.0,81.03760465333595,61
6,91.0,85.3705745758198,65
7,99.5,97.92235746398688,79
8,99.0,99.6640330643932,81
9,48.5,41.672355159442716,93
10,21.5,11.73862998030518,95
