,real_%top,predicted_%top,index
0,91.85,77.08068214285711,2
1,99.75,96.48960995670997,12
2,51.5,88.81932857142857,22
3,64.0,64.63254523809522,32
4,96.5,97.1763857142857,52
5,97.0,88.53880144300145,66
6,99.0,89.95960714285712,75
7,97.0,94.35205277777781,77
8,39.5,62.09415714285715,92
9,30.0,25.31997619047619,96
10,11.0,24.1917619047619,100
