,real_%top,predicted_%top,index
0,7.0,22.34402579365079,11
1,99.75,97.11189781746036,13
2,99.9,98.81254999999993,18
3,98.5,93.09587023809524,26
4,94.0,89.11918571428572,36
5,99.5,91.60477857142858,41
6,99.5,96.82365595238097,46
7,96.5,93.63376507936509,54
8,62.5,64.6817511904762,56
9,21.5,17.356660714285713,96
10,22.0,18.233791666666665,100
