,real_%top,predicted_%top,index
0,92.15,78.24959722222223,1
1,91.4,77.15994722222223,4
2,93.8,91.58251071428573,9
3,70.5,90.56286666666665,21
4,21.5,23.137190476190472,30
5,83.5,71.11430714285714,51
6,91.0,92.30652976190477,66
7,74.5,95.86663690476189,69
8,99.0,94.55179226190478,76
9,40.0,34.151464285714276,90
