,real_%top,predicted_%top,index
0,7.0,21.71315749792434,11
1,99.75,93.86030987672456,13
2,99.9,98.6409310045755,18
3,98.5,94.72744313394932,26
4,94.0,83.77673684401037,36
5,99.5,92.35681801086982,41
6,99.5,94.96931016177449,46
7,96.5,94.80947982434229,54
8,62.5,65.49284514371723,56
9,21.5,25.1307710787879,96
10,22.0,25.124564368831194,100
