,real_%top,predicted_%top,index
0,91.85,64.66990732588492,2
1,99.75,94.8538427631922,12
2,51.5,92.96376675685418,22
3,64.0,71.22937821749329,32
4,96.5,97.32949448606946,52
5,97.0,92.18836235843405,66
6,99.0,88.5453374991967,75
7,97.0,89.75570593957985,77
8,39.5,63.00295771993531,92
9,30.0,19.80263367596456,96
10,11.0,22.884937538768423,100
