,real_%top,predicted_%top,index
0,93.8,84.74225,8
1,99.3,84.74054,16
2,96.5,84.640625,27
3,99.5,84.74711,47
4,62.0,84.743195,54
5,98.0,84.750275,57
6,98.0,84.75617,62
7,79.0,97.24972,71
8,22.0,64.77683,99
9,6.5,24.854853,102
