,real_%top,predicted_%top,index
0,93.8,89.11976,8
1,99.3,89.14606,16
2,96.5,89.38022,27
3,99.5,89.3213,47
4,62.0,89.19573,54
5,98.0,89.244026,57
6,98.0,89.26153,62
7,79.0,89.00411,71
8,22.0,17.820347,99
9,6.5,17.114079,102
