,real_%top,predicted_%top,index
0,93.8,89.11974,8
1,99.3,89.14606,16
2,96.5,89.38022,27
3,99.5,89.32129,47
4,62.0,89.195724,54
5,98.0,89.24401,57
6,98.0,89.26151,62
7,79.0,89.00411,71
8,22.0,17.820347,99
9,6.5,17.114077,102
