,real_%top,predicted_%top,index
0,99.95,85.95106,9
1,57.0,85.69321,28
2,10.0,31.185987,31
3,99.5,85.94134,37
4,98.5,86.04804,44
5,62.0,85.70647,54
6,97.0,85.95236,66
7,98.0,85.89319,74
8,45.5,31.739653,88
9,66.5,85.47247,98
