,real_%top,predicted_%top,index
0,99.95,97.1205882068839,10
1,57.0,87.60489150103686,29
2,10.0,9.638616112402246,32
3,99.5,102.44739578266167,38
4,98.5,95.57633229356038,45
5,62.0,78.14804870464661,55
6,97.0,84.635892160939,67
7,98.0,101.01002446758682,75
8,45.5,-19.081450164777948,89
9,66.5,94.68943650228205,99
