,real_%top,predicted_%top,index
0,92.15,85.65266895918649,1
1,91.4,83.66800901967866,4
2,93.8,94.8701418758688,9
3,70.5,81.16738009394993,21
4,21.5,18.496254085082214,30
5,83.5,80.0416299209329,51
6,91.0,83.06714421504884,66
7,74.5,84.76809236422692,69
8,99.0,88.30428365752708,76
9,40.0,8.975415861143276,90
