,real_%top,predicted_%top,index
0,99.95,104.56329166389634,4
1,99.5,94.75044702368906,40
2,99.5,90.37811972307476,48
3,98.0,100.1615316190972,74
4,96.0,93.60577701136111,78
5,21.0,28.87144640168583,80
6,98.5,93.79606639175833,82
7,63.0,66.8578997165869,87
8,44.5,66.743070918793,90
9,66.5,86.38626383401945,98
