,real_%top,predicted_%top,index
0,93.8,99.52771294466119,8
1,99.3,100.22766529825365,16
2,96.5,80.68746261172525,27
3,99.5,99.63501977186236,47
4,62.0,61.8637349367584,54
5,98.0,86.32835030843633,57
6,98.0,87.77096588387235,62
7,79.0,81.0603239891553,71
8,22.0,20.28171430685395,99
9,6.5,7.424850571130342,102
