,real_%top,predicted_%top,index
0,92.15,84.24999999999994,0
1,98.0,94.44642857142854,13
2,99.9,94.44642857142854,17
3,71.0,85.78214285714284,18
4,34.5,15.59999999285611,24
5,21.5,21.000000000000036,29
6,98.5,84.24999999999994,44
7,74.5,94.44642857142854,68
8,81.0,84.24999999999994,73
9,45.0,48.875000000000036,91
