,real_%top,predicted_%top,index
0,71.0,57.031793623658324,19
1,97.5,87.99826940435219,20
2,51.5,95.81571453778432,23
3,64.0,71.40341891775081,33
4,95.5,97.98176964280314,59
5,68.5,56.73679908485255,60
6,8.0,17.62930950163272,64
7,63.0,94.47266315488305,88
8,20.0,18.760004808522424,95
9,9.0,12.08584381905575,98
