,real_%top,predicted_%top,index
0,82.0,88.30770555555559,38
1,98.5,98.29468214285713,46
2,8.0,23.08518650793651,63
3,85.0,89.67387499999997,64
4,81.5,78.03106825396824,70
5,78.0,74.32079682539684,72
6,98.5,96.0787488095238,84
7,98.0,96.08280595238095,86
8,20.0,19.991886904761905,94
9,9.0,15.732178571428573,97
