,real_%top,predicted_%top,index
0,99.0,77.8764003968254,27
1,96.5,86.51438373015877,28
2,99.5,96.67164404761907,48
3,99.0,95.78095952380949,50
4,98.0,88.03717380952384,63
5,81.0,77.54378214285711,74
6,78.0,97.74992142857144,77
7,45.0,54.19213333333334,92
8,11.0,25.450464285714283,101
9,5.0,10.587158730158729,102
