,real_%top,predicted_%top,index
0,91.85,81.78756887932083,3
1,98.5,97.16666560912061,16
2,88.0,86.69024815102765,62
3,95.5,93.2177037375149,70
4,79.0,73.6733349135702,72
5,99.5,90.63118758314803,80
6,98.5,90.68115870365764,84
7,98.0,90.70214521159414,87
8,44.5,78.33237973697807,91
9,30.0,20.829849523367024,97
