,real_%top,predicted_%top,index
0,98.45,84.2164822921253,5
1,99.7,90.16571572523598,6
2,70.5,84.27160464376017,20
3,57.0,77.61368838493358,28
4,54.0,78.56262592873654,30
5,23.5,20.6314763342682,33
6,36.5,22.209865374884444,42
7,97.5,93.41251769464006,67
8,95.5,93.13815648085385,69
9,98.5,95.88711450317489,83
