,real_%top,predicted_%top,index
0,99.95,103.09471571631175,4
1,99.5,101.89101564129602,40
2,99.5,99.26536274593158,48
3,98.0,98.00169157352792,74
4,96.0,92.22940187300085,78
5,21.0,29.994094248920486,80
6,98.5,96.17994262308423,82
7,63.0,42.938653399871484,87
8,44.5,43.724303702998164,90
9,66.5,53.45635606414322,98
