,real_%top,predicted_%top,index
0,92.15,92.62439122781997,1
1,91.4,94.75520309651135,4
2,93.8,92.7079002548354,9
3,70.5,95.18691583007768,21
4,21.5,17.996700251425125,30
5,83.5,68.99635343843951,51
6,91.0,82.08179571313693,66
7,74.5,97.00000361102792,69
8,99.0,96.89042144293836,76
9,40.0,47.57960079828501,90
