,real_%top,predicted_%top,index
0,7.0,20.77860537460905,10
1,99.95,90.27428740263005,11
2,97.5,97.30297286798172,19
3,99.0,88.04709715431629,26
4,94.0,87.57563937214745,35
5,99.5,92.14479906800716,37
6,31.5,23.363524450631065,39
7,59.5,82.46976465270843,56
8,96.5,90.52830855402765,60
9,95.5,97.78389781121656,85
