,real_%top,predicted_%top,index
0,99.7,85.55264118388487,7
1,54.0,69.91051319856611,31
2,82.0,77.31371285986972,39
3,15.0,18.354517583723474,42
4,99.5,97.323378942205,49
5,96.5,88.73089552098227,61
6,85.0,87.13642933994107,65
7,78.0,68.16082933520727,73
8,96.0,86.92621981990314,79
9,39.5,67.90049978420271,93
