,real_%top,predicted_%top,index
0,92.15,87.55810678843613,0
1,98.0,96.1827188144104,13
2,99.9,95.94655326073362,17
3,71.0,71.80454152053551,18
4,34.5,42.36802414293311,24
5,21.5,18.814601993344226,29
6,98.5,93.09875055172182,44
7,74.5,85.31695120198161,68
8,81.0,81.49389043101876,73
9,45.0,65.83069479392428,91
