,real_%top,predicted_%top,index
0,71.0,69.44719789419801,19
1,97.5,90.21020763024957,20
2,51.5,81.34470297688432,23
3,64.0,78.40771789484359,33
4,95.5,80.42158420663364,59
5,68.5,87.8016253435787,60
6,8.0,25.031646507117557,64
7,63.0,66.68399336666278,88
8,20.0,9.376318732966979,95
9,9.0,21.46191106627839,98
