,real_%top,predicted_%top,index
0,92.0,83.31881768552809,1
1,99.95,103.5306966760622,7
2,86.5,85.99037347004634,21
3,10.0,18.857437579159395,31
4,97.0,87.52013140441082,43
5,99.5,95.64555192635545,45
6,82.0,99.03867683203984,51
7,68.5,87.6489992105698,59
8,78.0,97.7354224751179,76
9,45.5,-15.84948157112781,88
10,5.0,18.48186981829312,101
