,real_%top,predicted_%top,index
0,91.4,86.97548383996374,3
1,99.0,96.8019706217181,14
2,23.0,18.772616714192964,23
3,98.5,83.24015462484785,25
4,99.0,92.28203244253628,49
5,88.0,82.91159929757711,61
6,91.0,83.74206487723953,65
7,99.5,92.04826533582387,79
8,99.0,85.43553029519943,81
9,48.5,62.43447245699305,93
10,21.5,6.585779862666513,95
