,real_%top,predicted_%top,index
0,92.0,85.45277723587378,2
1,99.95,102.87804436783016,8
2,99.95,88.07814121378988,12
3,34.5,42.75176263815298,25
4,23.5,15.875613004112537,34
5,89.5,93.88373906032942,37
6,31.5,27.47249018280072,40
7,82.0,97.18515517743032,52
8,59.5,73.28333418251522,57
9,81.5,84.9156760716927,71
10,98.5,91.53111816324106,85
