,real_%top,predicted_%top,index
0,99.95,97.8124672619047,10
1,57.0,75.17203214285716,29
2,10.0,22.577648809523808,32
3,99.5,94.31041190476189,38
4,98.5,91.3944107142857,45
5,62.0,74.85828809523811,55
6,97.0,88.92199285714287,67
7,98.0,95.2911880952381,75
8,45.5,21.826386904761904,89
9,66.5,71.73061428571427,99
