,real_%top,predicted_%top,index
0,93.8,97.14508769841264,8
1,99.3,99.21452698412699,16
2,96.5,96.51968273809521,27
3,99.5,98.43230952380955,47
4,62.0,71.0921134920635,54
5,98.0,89.96376785714287,57
6,98.0,88.46930357142857,62
7,79.0,81.98692202380953,71
8,22.0,18.76355952380952,99
9,6.5,9.925982142857142,102
