,real_%top,predicted_%top,index
0,92.0,80.41292142857142,1
1,99.95,96.38986448412699,7
2,86.5,94.80317023809525,21
3,10.0,22.6519880952381,31
4,97.0,86.55412976190475,43
5,99.5,97.9562694444444,45
6,82.0,94.67792857142855,51
7,68.5,95.42371428571428,59
8,78.0,97.91932380952377,76
9,45.5,19.980690476190478,88
10,5.0,11.445299603174606,101
