,real_%top,predicted_%top,index
0,99.95,96.73989047619047,5
1,98.45,92.90366785714285,6
2,99.0,98.73725476190475,15
3,99.3,98.75510476190475,17
4,99.5,94.32528571428573,35
5,36.5,13.691841269841268,43
6,97.0,87.62975555555555,44
7,99.0,93.30724285714285,82
8,98.5,94.94373452380951,83
9,48.5,48.761885714285725,94
10,6.5,9.150150793650793,103
