,real_%top,predicted_%top,index
0,99.0,77.0167964995381,27
1,96.5,83.97961801939256,28
2,99.5,92.62172043448578,48
3,99.0,89.50257851313027,50
4,98.0,89.54307386245364,63
5,81.0,81.56715760972506,74
6,78.0,96.0434305623888,77
7,45.0,65.10202459815645,92
8,11.0,18.82901203879848,101
9,5.0,23.82397357258384,102
