,real_%top,predicted_%top,index
0,82.0,87.05625014296079,38
1,98.5,91.76305377114905,46
2,8.0,29.586973364646283,63
3,85.0,80.75047056856491,64
4,81.5,82.22521443770965,70
5,78.0,76.69061032578551,72
6,98.5,93.61284123822149,84
7,98.0,95.95616119680152,86
8,20.0,3.59914109691519,94
9,9.0,20.941284134346503,97
