,real_%top,predicted_%top,index
0,82.0,92.21741941602872,38
1,98.5,92.21741941602872,46
2,8.0,22.65389854319685,63
3,85.0,83.9339097907768,64
4,81.5,74.49112263661398,70
5,78.0,74.49112263661398,72
6,98.5,97.50501484808716,84
7,98.0,97.50501484808716,86
8,20.0,22.658022818921125,94
9,9.0,22.65389854319685,97
