,real_%top,predicted_%top,index
0,99.0,82.61255571133849,27
1,96.5,74.9669451613661,28
2,99.5,91.22385606269899,48
3,99.0,91.22385606269899,50
4,98.0,91.22385606269899,63
5,81.0,74.9669451613661,74
6,78.0,83.89101593333899,77
7,45.0,70.12763291452966,92
8,11.0,21.589194905685222,101
9,5.0,21.52274484478121,102
