,real_%top,predicted_%top,index
0,91.4,83.43108529979841,3
1,99.0,98.69437792881754,14
2,23.0,18.81389938381308,23
3,98.5,82.21400737530588,25
4,99.0,93.81712155698845,49
5,88.0,84.35613291010112,61
6,91.0,85.0155665358613,65
7,99.5,92.32654253119584,79
8,99.0,83.4129478099212,81
9,48.5,70.86099379399336,93
10,21.5,3.9091147797042254,95
