,real_%top,predicted_%top,index
0,92.0,83.81504794448885,2
1,99.95,103.35776477508279,8
2,99.95,87.8024743100112,12
3,34.5,45.7491684076041,25
4,23.5,17.86354449762206,34
5,89.5,96.69182367875257,37
6,31.5,30.864140095000216,40
7,82.0,98.08671754914715,52
8,59.5,73.58622190546812,57
9,81.5,85.10310896588695,71
10,98.5,92.6942344394547,85
