,real_%top,predicted_%top,index
0,82.0,86.92755119047621,38
1,98.5,98.26825119047622,46
2,8.0,22.103684523809523,63
3,85.0,87.88150595238093,64
4,81.5,77.25601111111109,70
5,78.0,72.39677658730159,72
6,98.5,96.93817976190473,84
7,98.0,97.23648333333331,86
8,20.0,21.613517857142856,94
9,9.0,18.03648214285714,97
