,real_%top,predicted_%top,index
0,99.0,79.06641904761905,27
1,96.5,88.9373101190476,28
2,99.5,97.66630158730159,48
3,99.0,94.57608730158726,50
4,98.0,91.57897619047621,63
5,81.0,74.3157880952381,74
6,78.0,96.05346071428573,77
7,45.0,57.85413852813853,92
8,11.0,25.682309523809533,101
9,5.0,10.900535714285716,102
