,real_%top,predicted_%top,index
0,99.0,81.89076,26
1,96.5,82.03196,27
2,99.5,81.48338,47
3,99.0,81.55239,49
4,98.0,81.9235,62
5,81.0,80.20238,73
6,78.0,80.183876,76
7,45.0,13.61892,91
8,11.0,12.871812,100
9,5.0,12.44817,101
