,real_%top,predicted_%top,index
0,82.0,91.54071,38
1,98.5,91.53727,46
2,8.0,91.32425,63
3,85.0,91.89051,64
4,81.5,91.48188,70
5,78.0,84.01319,72
6,98.5,91.83624,84
7,98.0,91.83565,86
8,20.0,22.883251,94
9,9.0,22.87128,97
