,real_%top,predicted_%top,index
0,82.0,71.20427,38
1,98.5,73.58315,46
2,8.0,25.064257,63
3,85.0,73.54632,64
4,81.5,91.76166,70
5,78.0,87.40116,72
6,98.5,91.839554,84
7,98.0,91.83474,86
8,20.0,21.113245,94
9,9.0,21.074974,97
