,real_%top,predicted_%top,index
0,99.7,91.85885971238193,7
1,54.0,59.57608013458512,31
2,82.0,76.00701241178372,39
3,15.0,11.725356810600852,42
4,99.5,98.6468635903783,49
5,96.5,98.79263917207491,61
6,85.0,101.73741448298058,65
7,78.0,79.22106007254011,73
8,96.0,80.97596640083137,79
9,39.5,48.29227143974242,93
