,real_%top,predicted_%top,index
0,7.0,18.04842140160424,10
1,99.95,100.9178304827451,11
2,97.5,92.01563909392704,19
3,99.0,83.80803352878817,26
4,94.0,93.43884259903216,35
5,99.5,95.75665664727967,37
6,31.5,27.23533049754122,39
7,59.5,68.86534704329867,56
8,96.5,92.79200488908762,60
9,95.5,98.87274791707296,85
