,real_%top,predicted_%top,index
0,92.15,86.34383493496416,1
1,91.4,84.50901273149482,4
2,93.8,96.08271280628186,9
3,70.5,79.61848926821551,21
4,21.5,17.835500083034148,30
5,83.5,79.56443217797442,51
6,91.0,83.80887762541454,66
7,74.5,85.02264089237435,69
8,99.0,86.84574200467739,76
9,40.0,8.921694830754006,90
