,real_%top,predicted_%top,index
0,7.0,37.92237821345979,11
1,99.75,97.06382564532784,13
2,99.9,96.33917322317349,18
3,98.5,81.5840078154514,26
4,94.0,86.19530572220692,36
5,99.5,92.48789203225581,41
6,99.5,92.43890992013176,46
7,96.5,95.11772523488719,54
8,62.5,72.15706010643048,56
9,21.5,-0.16549677753786796,96
10,22.0,5.313843465338223,100
