,real_%top,predicted_%top,index
0,91.85,82.63390067513247,2
1,99.75,95.11335794925948,12
2,51.5,88.277884980492,22
3,64.0,81.8275068561002,32
4,96.5,91.62634482278764,52
5,97.0,86.02526658528838,66
6,99.0,86.94809672026332,75
7,97.0,97.91175691748492,77
8,39.5,71.88740941861548,92
9,30.0,14.039288659834725,96
10,11.0,12.12810180940511,100
