,real_%top,predicted_%top,index
0,7.0,20.74635227323624,10
1,99.95,95.13797658701537,11
2,97.5,95.196341790981,19
3,99.0,86.97735707949751,26
4,94.0,89.9009376543251,35
5,99.5,83.25008672060578,37
6,31.5,26.516708141698857,39
7,59.5,66.68946532419848,56
8,96.5,77.46523288869301,60
9,95.5,99.43525555303596,85
