,real_%top,predicted_%top,index
0,99.7,87.25819924428059,7
1,54.0,61.32061950808586,31
2,82.0,86.95737155615438,39
3,15.0,17.432720372391216,42
4,99.5,99.63031661335668,49
5,96.5,92.73802469721821,61
6,85.0,93.99474164471043,65
7,78.0,81.5200148738378,73
8,96.0,94.94671484434615,79
9,39.5,46.90585208727133,93
