,real_%top,predicted_%top,index
0,99.95,97.37702019054002,10
1,57.0,85.5462153943644,29
2,10.0,24.577460330175505,32
3,99.5,93.63083181540253,38
4,98.5,93.69052828429312,45
5,62.0,84.07059003430778,55
6,97.0,93.3667086315731,67
7,98.0,93.13906441858795,75
8,45.5,21.014709900050075,89
9,66.5,96.7247463671412,99
