,real_%top,predicted_%top,index
0,93.8,92.11428284600466,8
1,99.3,98.260277090651,16
2,96.5,90.95578989055319,27
3,99.5,96.82297538957432,47
4,62.0,78.90049075945984,54
5,98.0,92.35301468239363,57
6,98.0,87.27558864872876,62
7,79.0,84.81263013797347,71
8,22.0,20.985392800010445,99
9,6.5,19.18568027642293,102
