,real_%top,predicted_%top,index
0,91.85,57.993657918017114,2
1,99.75,101.3983926719822,12
2,51.5,91.5490597163318,22
3,64.0,65.3041627390844,32
4,96.5,99.63756220857151,52
5,97.0,91.36651517265844,66
6,99.0,86.73303856506244,75
7,97.0,87.45187060135714,77
8,39.5,49.08725565211194,92
9,30.0,8.60873710554899,96
10,11.0,31.4351151088848,100
