,real_%top,predicted_%top,index
0,7.0,12.136522910772497,11
1,99.75,106.13633718833108,13
2,99.9,98.96250799299939,18
3,98.5,96.38981585629092,26
4,94.0,78.15116593338003,36
5,99.5,98.621833739191,41
6,99.5,98.26281269758928,46
7,96.5,97.66402855752865,54
8,62.5,57.94547045032011,56
9,21.5,22.008826990479108,96
10,22.0,21.106768031266554,100
