,real_%top,predicted_%top,index
0,91.4,86.23490531949413,3
1,99.0,96.68910493717313,14
2,23.0,18.208897934533965,23
3,98.5,82.45528543065856,25
4,99.0,92.3932366511893,49
5,88.0,82.51196097176945,61
6,91.0,84.5304736858149,65
7,99.5,91.43804344231194,79
8,99.0,85.94402383132714,81
9,48.5,62.77699185152668,93
10,21.5,8.768610359931444,95
