,real_%top,predicted_%top,index
0,92.0,85.13875951293035,2
1,99.95,102.51866794523295,8
2,99.95,88.6417843516798,12
3,34.5,43.28392773893666,25
4,23.5,16.81154322833936,34
5,89.5,93.89440593571602,37
6,31.5,28.037524905709745,40
7,82.0,97.51020601637623,52
8,59.5,74.61845864328568,57
9,81.5,84.0446520099154,71
10,98.5,91.5600608661133,85
