,real_%top,predicted_%top,index
0,91.85,62.633765501491965,3
1,98.5,98.55648417359428,16
2,88.0,89.21251313392492,62
3,95.5,93.69602058325661,70
4,79.0,76.54103946364093,72
5,99.5,94.41490684206147,80
6,98.5,94.5006406984828,84
7,98.0,94.48478752387965,87
8,44.5,61.578591031517504,91
9,30.0,14.533761287753359,97
