,real_%top,predicted_%top,index
0,98.45,94.90681676203701,5
1,99.7,85.95505732931287,6
2,70.5,96.45777678424515,20
3,57.0,78.02467385065914,28
4,54.0,71.93938146991898,30
5,23.5,25.12646130039551,33
6,36.5,18.58579002211239,42
7,97.5,90.13415054920566,67
8,95.5,90.12896873102385,69
9,98.5,97.36923316634342,83
