,real_%top,predicted_%top,index
0,98.0,99.14530119047615,14
1,86.5,84.47979623015877,22
2,23.0,31.5654642857143,24
3,98.5,96.50288452380951,47
4,96.5,84.87815873015875,53
5,98.0,91.59015714285715,58
6,97.5,90.53357142857143,68
7,97.0,97.20959404761908,78
8,21.0,21.212158730158734,81
9,95.5,97.96240476190475,86
