,real_%top,predicted_%top,index
0,99.95,96.0955023809524,9
1,98.5,98.28289166666669,15
2,99.5,96.00508333333337,34
3,89.5,88.28701904761905,36
4,15.0,21.376686507936512,41
5,83.5,70.28798452380953,50
6,96.5,91.66968095238093,53
7,62.5,67.51671111111112,55
8,95.5,86.82583571428569,58
9,40.0,34.072059523809514,89
