,real_%top,predicted_%top,index
0,92.15,81.243,1
1,91.4,78.60869880952382,4
2,93.8,87.32976428571428,9
3,70.5,88.62780357142857,21
4,21.5,23.398736111111106,30
5,83.5,72.34400952380953,51
6,91.0,94.27679801587303,66
7,74.5,96.87261706349207,69
8,99.0,93.51532142857145,76
9,40.0,34.93080952380953,90
