,real_%top,predicted_%top,index
0,99.95,97.91873295454542,4
1,99.5,97.13822261904765,40
2,99.5,97.25388928571431,48
3,98.0,95.7572003968254,74
4,96.0,92.2512404761905,78
5,21.0,19.96872619047619,80
6,98.5,96.07934920634924,82
7,63.0,56.11549166666664,87
8,44.5,56.207991666666636,90
9,66.5,82.37268831168831,98
