,real_%top,predicted_%top,index
0,92.15,76.58018214285713,1
1,91.4,78.0877476190476,4
2,93.8,93.34398511904757,9
3,70.5,88.43474761904763,21
4,21.5,23.774559523809526,30
5,83.5,79.77460952380952,51
6,91.0,90.52017777777777,66
7,74.5,96.8359369047619,69
8,99.0,93.13058333333335,76
9,40.0,27.476553571428568,90
