,real_%top,predicted_%top,index
0,99.95,92.68821743456213,5
1,98.45,79.55142721630018,6
2,99.0,97.34370277575823,15
3,99.3,97.22386349004395,17
4,99.5,91.78752285689525,35
5,36.5,23.405728260450267,43
6,97.0,73.6420381394588,44
7,99.0,72.47146922060631,82
8,98.5,92.35744970238231,83
9,48.5,69.92498227005686,94
10,6.5,19.014477331554602,103
