,real_%top,predicted_%top,index
0,92.0,77.56061738107232,1
1,99.95,96.06390668783051,7
2,86.5,94.97802490106434,21
3,10.0,21.08755492954328,31
4,97.0,76.16958111370876,43
5,99.5,94.18667467377361,45
6,82.0,94.97802490106434,51
7,68.5,94.24924838199667,59
8,78.0,95.7199313587463,76
9,45.5,21.08755492954328,88
10,5.0,21.08755492954328,101
