,real_%top,predicted_%top,index
0,7.0,20.515234871745907,10
1,99.95,91.69310515167017,11
2,97.5,96.41073631884541,19
3,99.0,85.50265337073057,26
4,94.0,82.9528436733502,35
5,99.5,85.8205993657486,37
6,31.5,22.875675296581658,39
7,59.5,79.70878871939892,56
8,96.5,88.1940359277977,60
9,95.5,97.40192485647522,85
