,real_%top,predicted_%top,index
0,99.7,93.90617875033463,7
1,54.0,72.08021132323557,31
2,82.0,92.02625523365523,39
3,15.0,21.558831595691892,42
4,99.5,97.58389323344572,49
5,96.5,92.17849712383634,61
6,85.0,87.02691900889575,65
7,78.0,69.81482937324114,73
8,96.0,92.365886560988,79
9,39.5,71.21615539582966,93
