,real_%top,predicted_%top,index
0,99.7,96.4889728964368,7
1,54.0,78.04689144528331,31
2,82.0,87.70244540885105,39
3,15.0,34.60278617853954,42
4,99.5,91.72273820107101,49
5,96.5,84.8582718555239,61
6,85.0,77.63259287621192,65
7,78.0,81.25873485438427,73
8,96.0,91.70380685237318,79
9,39.5,62.58192633318163,93
