,real_%top,predicted_%top,index
0,7.0,48.6278425128505,10
1,99.95,94.06820063931282,11
2,97.5,87.3955174670126,19
3,99.0,76.56105945401082,26
4,94.0,85.71087720031085,35
5,99.5,92.97754975491789,37
6,31.5,30.055604791407923,39
7,59.5,73.89160950950925,56
8,96.5,85.24777727125573,60
9,95.5,96.65166706161776,85
