,real_%top,predicted_%top,index
0,91.85,90.76853430434491,2
1,99.75,103.07723450393891,12
2,51.5,91.9776361778798,22
3,64.0,59.711437557889504,32
4,96.5,99.75140034793121,52
5,97.0,74.50000231885898,66
6,99.0,88.80991474821951,75
7,97.0,98.69424263374295,77
8,39.5,45.26900371823253,92
9,30.0,28.045656199758504,96
10,11.0,20.857735101869626,100
