,real_%top,predicted_%top,index
0,7.0,21.578689924209836,11
1,99.75,97.43522917406018,13
2,99.9,101.15520361509752,18
3,98.5,81.87419208594744,26
4,94.0,87.58969669197276,36
5,99.5,95.90547098462147,41
6,99.5,95.04750586859367,46
7,96.5,102.751794452913,54
8,62.5,51.15771489153316,56
9,21.5,16.922505621314343,96
10,22.0,25.05298571035461,100
