,real_%top,predicted_%top,index
0,99.95,103.6133055092185,10
1,57.0,65.33046887842251,29
2,10.0,24.114785933521848,32
3,99.5,95.07818261669588,38
4,98.5,96.28167099417423,45
5,62.0,63.055580657507775,55
6,97.0,74.50000419743616,67
7,98.0,97.02361420767191,75
8,45.5,23.035430971963734,89
9,66.5,66.38388723227634,99
