,real_%top,predicted_%top,index
0,92.0,79.22958408793005,1
1,99.95,95.65082312008168,7
2,86.5,94.37860200320836,21
3,10.0,23.482165355971865,31
4,97.0,94.92432337097458,43
5,99.5,97.00493198693077,45
6,82.0,80.32143891594517,51
7,68.5,89.75021851759352,59
8,78.0,96.50916331136186,76
9,45.5,23.53256218136869,88
10,5.0,16.538292048723548,101
