,real_%top,predicted_%top,index
0,99.95,96.77298806734201,5
1,98.45,92.32136135165575,6
2,99.0,97.91140376553268,15
3,99.3,97.91140376553268,17
4,99.5,96.07345649619988,35
5,36.5,17.03432342657343,43
6,97.0,87.0941301809302,44
7,99.0,91.14330979961302,82
8,98.5,94.44137765675585,83
9,48.5,66.01703555080539,94
10,6.5,15.977486305361305,103
