,real_%top,predicted_%top,index
0,92.0,78.80745104593116,2
1,99.95,95.44716162615978,8
2,99.95,87.84432687431037,12
3,34.5,21.022123132994462,25
4,23.5,20.914937540808875,34
5,89.5,91.6683912939185,37
6,31.5,19.95185115497248,40
7,82.0,91.50928791196549,52
8,59.5,77.2883599059437,57
9,81.5,70.00613909064792,71
10,98.5,97.13655730645992,85
