,real_%top,predicted_%top,index
0,91.4,78.66098780565837,3
1,99.0,97.74477200997534,14
2,23.0,23.788435691351133,23
3,98.5,88.49489889409051,25
4,99.0,94.88679098920944,49
5,88.0,89.00705708883699,61
6,91.0,90.99398746123164,65
7,99.5,93.4004447665896,79
8,99.0,83.77355155449985,81
9,48.5,65.34942214036823,93
10,21.5,21.471156123696563,95
