,real_%top,predicted_%top,index
0,99.95,85.847305,9
1,98.5,85.798195,15
2,99.5,85.85626,34
3,89.5,85.84269,36
4,15.0,85.263176,41
5,83.5,85.888885,50
6,96.5,86.67316,53
7,62.5,80.62036,55
8,95.5,86.38405,58
9,40.0,33.432926,89
