,real_%top,predicted_%top,index
0,99.95,85.847305,9
1,98.5,85.79819,15
2,99.5,85.85625,34
3,89.5,85.84269,36
4,15.0,85.26316,41
5,83.5,85.888885,50
6,96.5,86.67316,53
7,62.5,80.620346,55
8,95.5,86.38404,58
9,40.0,33.432907,89
