,real_%top,predicted_%top,index
0,98.0,84.881546,13
1,86.5,84.87885,21
2,23.0,19.311398,23
3,98.5,84.905205,46
4,96.5,84.906624,52
5,98.0,84.89661,57
6,97.5,84.91019,67
7,97.0,84.872154,77
8,21.0,84.51153,80
9,95.5,84.88914,85
