,real_%top,predicted_%top,index
0,99.95,74.13002,9
1,98.5,74.166046,15
2,99.5,73.99452,34
3,89.5,73.732056,36
4,15.0,14.729778,41
5,83.5,91.99004,50
6,96.5,91.85615,53
7,62.5,70.11129,55
8,95.5,73.71302,58
9,40.0,70.51612,89
