,real_%top,predicted_%top,index
0,92.15,77.2664241374,0
1,98.0,96.8151437099313,13
2,99.9,97.98028857408714,17
3,71.0,76.68372561795927,18
4,34.5,22.949299050701505,24
5,21.5,20.763421972596525,29
6,98.5,91.06194384553295,44
7,74.5,96.56509157950627,68
8,81.0,74.74634839446907,73
9,45.0,71.64157930230523,91
