,real_%top,predicted_%top,index
0,7.0,18.4999999999997,11
1,99.75,86.6454545454546,13
2,99.9,86.6454545454546,18
3,98.5,86.6454545454546,26
4,94.0,86.6454545454546,36
5,99.5,86.6454545454546,41
6,99.5,86.6454545454546,46
7,96.5,86.6454545454546,54
8,62.5,86.6454545454546,56
9,21.5,18.499999999999815,96
10,22.0,18.499999999999815,100
