,real_%top,predicted_%top,index
0,99.95,96.80193621075078,10
1,57.0,87.63022193711498,29
2,10.0,19.92851497812471,32
3,99.5,99.68123307240221,38
4,98.5,96.9057419566472,45
5,62.0,76.6027603303471,55
6,97.0,84.59938795646234,67
7,98.0,100.164735468059,75
8,45.5,-13.939024430954973,89
9,66.5,88.02188236522169,99
