,real_%top,predicted_%top,index
0,93.8,97.36016483278986,8
1,99.3,98.2865802173778,16
2,96.5,73.7788264184891,27
3,99.5,90.45733891696044,47
4,62.0,76.55979652168001,54
5,98.0,90.17052062123274,57
6,98.0,85.30677231853747,62
7,79.0,85.87071352710328,71
8,22.0,8.499553620975519,99
9,6.5,18.28627862758175,102
