,real_%top,predicted_%top,index
0,92.15,82.61467535141628,0
1,98.0,96.23434053036738,13
2,99.9,96.90589640882845,17
3,71.0,81.1950307271551,18
4,34.5,22.59791854562678,24
5,21.5,21.268262050258112,29
6,98.5,90.78764986140064,44
7,74.5,96.25073274478092,68
8,81.0,72.61952513071543,73
9,45.0,71.82424750412571,91
