,real_%top,predicted_%top,index
0,71.0,83.92272704753805,19
1,97.5,92.79799745471588,20
2,51.5,96.91610233381964,23
3,64.0,81.0466312481577,33
4,95.5,75.75914667966207,59
5,68.5,91.10380030398048,60
6,8.0,21.983508217730186,64
7,63.0,72.50075098009737,88
8,20.0,21.983508217730186,95
9,9.0,21.983508217730186,98
