,real_%top,predicted_%top,index
0,92.15,63.239241919340174,1
1,91.4,82.35244107051153,4
2,93.8,99.71401062496439,9
3,70.5,96.98302063045129,21
4,21.5,15.899573853485613,30
5,83.5,97.95737811645236,51
6,91.0,83.52636992179099,66
7,74.5,97.01863955287048,69
8,99.0,97.97571730819385,76
9,40.0,48.20771761668103,90
