,real_%top,predicted_%top,index
0,99.95,92.90833333333332,4
1,99.5,94.58749999999998,40
2,99.5,94.58749999999998,48
3,98.0,92.90833333333332,74
4,96.0,94.58749999999998,78
5,21.0,15.000000000000028,80
6,98.5,83.01153846153845,82
7,63.0,44.333333333333314,87
8,44.5,44.333333333333314,90
9,66.5,94.58749999999998,98
