,real_%top,predicted_%top,index
0,71.0,86.230981330485,19
1,97.5,98.1817421369007,20
2,51.5,94.65527365459123,23
3,64.0,80.08500910778085,33
4,95.5,98.1817421369007,59
5,68.5,86.230981330485,60
6,8.0,21.853250180049887,64
7,63.0,68.89582180268292,88
8,20.0,21.840841846716554,95
9,9.0,21.853250180049887,98
