,real_%top,predicted_%top,index
0,91.85,78.93517499999996,2
1,99.75,97.12603214285718,12
2,51.5,93.75375357142855,22
3,64.0,65.78104761904764,32
4,96.5,95.44889285714288,52
5,97.0,89.78011428571426,66
6,99.0,91.38844285714285,75
7,97.0,95.90824285714287,77
8,39.5,51.46839722222222,92
9,30.0,22.394791666666666,96
10,11.0,21.965124999999997,100
