,real_%top,predicted_%top,index
0,7.0,18.337821428571434,11
1,99.75,96.33205238095239,13
2,99.9,97.51234027777777,18
3,98.5,83.68971428571427,26
4,94.0,88.7802642857143,36
5,99.5,90.37209523809523,41
6,99.5,95.7038154761905,46
7,96.5,84.83969642857144,54
8,62.5,66.48580357142859,56
9,21.5,21.0592619047619,96
10,22.0,20.298928571428565,100
