,real_%top,predicted_%top,index
0,99.95,111.46840907997395,4
1,99.5,101.8486051129264,40
2,99.5,98.41758835586506,48
3,98.0,94.52914801811262,74
4,96.0,84.26768250086224,78
5,21.0,19.845890788395927,80
6,98.5,95.93613049689543,82
7,63.0,71.405991470692,87
8,44.5,68.8389690194494,90
9,66.5,102.19502197941058,98
