,real_%top,predicted_%top,index
0,92.15,89.24652902323987,1
1,91.4,90.70649482357027,4
2,93.8,84.74933003624865,9
3,70.5,90.7121425286741,21
4,21.5,18.745823739305933,30
5,83.5,71.37702127613005,51
6,91.0,89.93861854284424,66
7,74.5,96.40239236846253,69
8,99.0,95.59671725029058,76
9,40.0,37.90706041491727,90
