,real_%top,predicted_%top,index
0,99.95,105.61097702499781,5
1,98.45,92.16797922228237,6
2,99.0,98.52595316761392,15
3,99.3,98.50719733546721,17
4,99.5,97.89327726149047,35
5,36.5,56.16028120172224,43
6,97.0,81.49297740227098,44
7,99.0,85.7376791504395,82
8,98.5,93.70082108577212,83
9,48.5,65.98288061305888,94
10,6.5,24.633331069365,103
