,real_%top,predicted_%top,index
0,92.0,84.68401559376512,1
1,99.95,103.08534591736834,7
2,86.5,85.1076073026623,21
3,10.0,12.89573874781263,31
4,97.0,85.71704482103213,43
5,99.5,95.63299416489109,45
6,82.0,98.50470149609377,51
7,68.5,89.24454695011488,59
8,78.0,98.68480502580061,76
9,45.5,-9.50469265033621,88
10,5.0,20.092236490863456,101
