,real_%top,predicted_%top,index
0,7.0,42.851592505562195,11
1,99.75,97.21880532965866,13
2,99.9,96.88175586632728,18
3,98.5,86.5240048588992,26
4,94.0,88.54848522929214,36
5,99.5,95.8112057640636,41
6,99.5,95.69507298594583,46
7,96.5,87.77176211804587,54
8,62.5,69.1467744628719,56
9,21.5,-6.875581978653386,96
10,22.0,2.6299575952818515,100
