,real_%top,predicted_%top,index
0,91.85,83.19639721044504,2
1,99.75,94.69473588094102,12
2,51.5,88.32611065824494,22
3,64.0,81.57826406940718,32
4,96.5,91.31877301166209,52
5,97.0,87.40313517676447,66
6,99.0,88.8547045955523,75
7,97.0,97.28185144872924,77
8,39.5,73.21616923269147,92
9,30.0,14.673594040510267,96
10,11.0,14.771408555655881,100
