,real_%top,predicted_%top,index
0,7.0,45.24707216606142,11
1,99.75,99.09865462931461,13
2,99.9,98.10082881230467,18
3,98.5,80.83701715350269,26
4,94.0,82.87828435248716,36
5,99.5,92.50831772800566,41
6,99.5,92.39081373329444,46
7,96.5,92.53699583644406,54
8,62.5,69.1078608878592,56
9,21.5,0.4591554743190329,96
10,22.0,6.570104574650628,100
