,real_%top,predicted_%top,index
0,91.85,83.05804017635816,2
1,99.75,96.36150082693283,12
2,51.5,85.55871364939658,22
3,64.0,79.50511270502943,32
4,96.5,94.89339959457071,52
5,97.0,83.99159570799829,66
6,99.0,87.89452080803994,75
7,97.0,96.1395080250234,77
8,39.5,62.98203779748312,92
9,30.0,15.809688046371718,96
10,11.0,12.278000891215257,100
