,real_%top,predicted_%top,index
0,99.95,86.64621212121214,10
1,57.0,86.64621212121214,29
2,10.0,16.535714285714164,32
3,99.5,86.64621212121214,38
4,98.5,86.64621212121214,45
5,62.0,86.64621212121214,55
6,97.0,86.64621212121214,67
7,98.0,86.64621212121214,75
8,45.5,16.535714285714164,89
9,66.5,86.64621212121214,99
