,real_%top,predicted_%top,index
0,93.8,99.87980506751576,8
1,99.3,99.87980506751576,16
2,96.5,92.69956814513361,27
3,99.5,89.12786255985624,47
4,62.0,76.1951292092964,54
5,98.0,80.91575109327621,57
6,98.0,85.63637297725602,62
7,79.0,86.61038293061908,71
8,22.0,17.096700768417932,99
9,6.5,17.671158917769148,102
