,real_%top,predicted_%top,index
0,92.15,92.89206337602124,0
1,98.0,98.70270677818164,13
2,99.9,99.49481680371693,17
3,71.0,83.18914525540134,18
4,34.5,17.748839761903234,24
5,21.5,15.981585516288478,29
6,98.5,96.49430911303175,44
7,74.5,96.99595735711218,68
8,81.0,78.5541829045353,73
9,45.0,47.14223174040286,91
