,real_%top,predicted_%top,index
0,71.0,68.99447869419605,19
1,97.5,96.06860723651056,20
2,51.5,89.57946670779222,23
3,64.0,57.22757509844807,33
4,95.5,91.53291544630987,59
5,68.5,88.57046244677609,60
6,8.0,27.415439235394405,64
7,63.0,45.39213411523679,88
8,20.0,22.292262975741348,95
9,9.0,8.658456101736915,98
