,real_%top,predicted_%top,index
0,71.0,99.72535,18
1,97.5,99.72609,19
2,51.5,99.724365,22
3,64.0,99.72391,32
4,95.5,99.72626,58
5,68.5,99.72921,59
6,8.0,99.71066,63
7,63.0,38.751476,87
8,20.0,34.54995,94
9,9.0,31.695354,97
