,real_%top,predicted_%top,index
0,92.15,89.75976,0
1,98.0,89.77101,13
2,99.9,89.80477,17
3,71.0,89.755775,18
4,34.5,90.13211,24
5,21.5,10.944746,29
6,98.5,89.61249,44
7,74.5,89.71624,68
8,81.0,99.60792,73
9,45.0,89.548256,91
