,real_%top,predicted_%top,index
0,92.15,86.62752,0
1,98.0,86.657295,13
2,99.9,86.60473,17
3,71.0,88.606895,18
4,34.5,23.61366,24
5,21.5,14.663826,29
6,98.5,86.86866,44
7,74.5,88.61539,68
8,81.0,86.81844,73
9,45.0,28.443707,91
