,real_%top,predicted_%top,index
0,91.85,80.20632293673009,2
1,99.75,101.11000513492428,12
2,51.5,92.12975831689005,22
3,64.0,78.6019047468696,32
4,96.5,100.0155887751556,52
5,97.0,87.73047419675358,66
6,99.0,91.00624077888898,75
7,97.0,95.51552530222914,77
8,39.5,69.75758913540999,92
9,30.0,16.388130076553708,96
10,11.0,18.63193742306437,100
