,real_%top,predicted_%top,index
0,7.0,20.291666666666444,11
1,99.75,88.11119402985076,13
2,99.9,88.11119402985076,18
3,98.5,88.11119402985076,26
4,94.0,88.11119402985076,36
5,99.5,88.11119402985076,41
6,99.5,88.11119402985076,46
7,96.5,88.11119402985076,54
8,62.5,88.11119402985076,56
9,21.5,20.291666666666615,96
10,22.0,20.291666666666615,100
