,real_%top,predicted_%top,index
0,92.0,77.97571514932943,1
1,99.95,96.34025366355121,7
2,86.5,95.09093150309135,21
3,10.0,20.177364121460577,31
4,97.0,83.5641196165699,43
5,99.5,94.54484026438767,45
6,82.0,95.11102472285371,51
7,68.5,93.41542918582745,59
8,78.0,97.05475168659646,76
9,45.5,20.092415336738355,88
10,5.0,20.071820467211595,101
