,real_%top,predicted_%top,index
0,92.0,79.4002722768653,2
1,99.95,92.5418664762568,8
2,99.95,88.5799019168374,12
3,34.5,22.28192090874812,25
4,23.5,22.05371463076398,34
5,89.5,72.09147048070396,37
6,31.5,19.03545285414191,40
7,82.0,76.68668783806065,52
8,59.5,81.39273089300832,57
9,81.5,72.00223078983925,71
10,98.5,96.16555920952973,85
