,real_%top,predicted_%top,index
0,91.4,74.01656121021436,3
1,99.0,98.81285493171046,14
2,23.0,23.976174152236652,23
3,98.5,95.96682957304134,25
4,99.0,96.60429899667326,49
5,88.0,90.4619730421625,61
6,91.0,92.44696951642698,65
7,99.5,96.21024377535088,79
8,99.0,92.4912899725275,81
9,48.5,61.88368498421514,93
10,21.5,22.73965197996448,95
