,real_%top,predicted_%top,index
0,99.95,107.81765321795754,4
1,99.5,90.37618671048074,40
2,99.5,88.38492065466542,48
3,98.0,104.08977456319859,74
4,96.0,94.92668300889687,78
5,21.0,36.438770940723465,80
6,98.5,96.37042804915876,82
7,63.0,66.9446996666925,87
8,44.5,66.89240379047916,90
9,66.5,77.60004848080484,98
