,real_%top,predicted_%top,index
0,82.0,92.05629299694023,38
1,98.5,95.64678064410569,46
2,8.0,23.461011785745562,63
3,85.0,78.61432953044516,64
4,81.5,77.71220244473945,70
5,78.0,73.78706226400061,72
6,98.5,95.21318941372772,84
7,98.0,95.21318941372772,86
8,20.0,23.09258549057336,94
9,9.0,23.09258549057336,97
