,real_%top,predicted_%top,index
0,99.7,88.28307692307695,7
1,54.0,88.28307692307695,31
2,82.0,88.28307692307695,39
3,15.0,19.999999999999815,42
4,99.5,88.28307692307695,49
5,96.5,88.28307692307695,61
6,85.0,88.28307692307695,65
7,78.0,88.28307692307695,73
8,96.0,88.28307692307695,79
9,39.5,88.28307692307702,93
