,real_%top,predicted_%top,index
0,7.0,47.08574242647503,10
1,99.95,101.1548810297177,11
2,97.5,81.35304267491009,19
3,99.0,85.74475406698056,26
4,94.0,81.35304267491009,35
5,99.5,85.93661547315064,37
6,31.5,31.675615463738005,39
7,59.5,75.28231845400853,56
8,96.5,89.0330368487302,60
9,95.5,94.66709721782064,85
