,real_%top,predicted_%top,index
0,92.15,94.9630661619943,0
1,98.0,97.64229549674695,13
2,99.9,97.87120068209101,17
3,71.0,86.86045515028484,18
4,34.5,27.472059683102003,24
5,21.5,18.2003693631487,29
6,98.5,92.7917618125961,44
7,74.5,96.66270437474269,68
8,81.0,78.95834715440608,73
9,45.0,43.043013041581965,91
