,real_%top,predicted_%top,index
0,99.7,90.93438845357643,7
1,54.0,75.98685461287077,31
2,82.0,91.42345478099904,39
3,15.0,20.806824751229165,42
4,99.5,97.3581566781258,49
5,96.5,90.19701488164614,61
6,85.0,83.586899702585,65
7,78.0,72.24013279237101,73
8,96.0,90.44235499720865,79
9,39.5,75.52447515605311,93
