,real_%top,predicted_%top,index
0,7.0,21.356523346343195,10
1,99.95,90.33953380806716,11
2,97.5,93.19663353132074,19
3,99.0,88.14679086253662,26
4,94.0,89.79415616520781,35
5,99.5,89.50096775437324,37
6,31.5,19.428625549695408,39
7,59.5,78.53144390948967,56
8,96.5,87.57162493795764,60
9,95.5,96.52239373146847,85
