,real_%top,predicted_%top,index
0,91.85,84.16234137180565,2
1,99.75,96.14179175407206,12
2,51.5,89.1921345971731,22
3,64.0,83.2701948101769,32
4,96.5,80.68827925677215,52
5,97.0,84.08484619593469,66
6,99.0,88.17281751159554,75
7,97.0,99.92623199768794,77
8,39.5,63.16573829127066,92
9,30.0,17.093795735395574,96
10,11.0,16.419418439777232,100
