,real_%top,predicted_%top,index
0,7.0,41.643102883780514,11
1,99.75,97.87449258178846,13
2,99.9,96.90580045337916,18
3,98.5,79.86930453752262,26
4,94.0,85.10305990341584,36
5,99.5,91.1244334908177,41
6,99.5,91.06837893559171,46
7,96.5,87.02101952143818,54
8,62.5,69.9837701509548,56
9,21.5,0.6678393414035497,96
10,22.0,6.02917686245938,100
