,real_%top,predicted_%top,index
0,99.95,96.7134018728358,9
1,98.5,96.3033594460308,15
2,99.5,103.19195463482319,34
3,89.5,96.23502918563872,36
4,15.0,33.87054211489055,41
5,83.5,75.668658612537,50
6,96.5,89.49304506850983,53
7,62.5,74.79409192969132,55
8,95.5,78.73947383936047,58
9,40.0,6.259856152098649,89
