,real_%top,predicted_%top,index
0,99.95,96.65625,9
1,98.5,96.25,15
2,99.5,103.125,34
3,89.5,96.15625,36
4,15.0,33.84375,41
5,83.5,75.59375,50
6,96.5,89.4375,53
7,62.5,74.71875,55
8,95.5,78.65625,58
9,40.0,6.25,89
