,real_%top,predicted_%top,index
0,92.0,86.38347224012442,2
1,99.95,97.94223868450872,8
2,99.95,100.23527939825497,12
3,34.5,36.44092816919841,25
4,23.5,22.669032825684223,34
5,89.5,80.8017680934566,37
6,31.5,14.998838542501206,40
7,82.0,91.75812609891251,52
8,59.5,63.080752340882654,57
9,81.5,86.2954399669915,71
10,98.5,97.56835299513371,85
