,real_%top,predicted_%top,index
0,82.0,92.0812046451766,38
1,98.5,88.12642231369136,46
2,8.0,23.679544850904108,63
3,85.0,77.83735487467847,64
4,81.5,86.73882206883589,70
5,78.0,85.69143313581759,72
6,98.5,91.96683144846766,84
7,98.0,94.17882834573906,86
8,20.0,6.5947609373369005,94
9,9.0,18.93151137048949,97
