,real_%top,predicted_%top,index
0,99.95,99.33285537350595,10
1,57.0,68.59152597948473,29
2,10.0,22.115009218142138,32
3,99.5,87.99924011793848,38
4,98.5,93.96573802376261,45
5,62.0,67.40135294549829,55
6,97.0,93.02786096257233,67
7,98.0,94.48757935447009,75
8,45.5,22.397857829407062,89
9,66.5,100.50576032889694,99
