,real_%top,predicted_%top,index
0,93.8,92.20715873961475,8
1,99.3,99.51484330747978,16
2,96.5,92.53809485925342,27
3,99.5,98.29989872867014,47
4,62.0,65.73156731234683,54
5,98.0,97.25885649884297,57
6,98.0,95.12296212268313,62
7,79.0,80.44644300510298,71
8,22.0,19.73432584114519,99
9,6.5,4.666194350976054,102
