,real_%top,predicted_%top,index
0,99.95,95.43588502949544,4
1,99.5,92.24385094185267,40
2,99.5,94.54816914329098,48
3,98.0,92.34599631720754,74
4,96.0,92.60019365948628,78
5,21.0,20.195608582039203,80
6,98.5,92.51811663950137,82
7,63.0,77.13130282491768,87
8,44.5,76.83043827712169,90
9,66.5,94.33244703209616,98
