,real_%top,predicted_%top,index
0,99.95,98.64998690476192,10
1,57.0,82.82480000000001,29
2,10.0,23.0372380952381,32
3,99.5,94.12162142857143,38
4,98.5,92.8194158730159,45
5,62.0,81.73379761904762,55
6,97.0,96.8359369047619,67
7,98.0,95.3394130952381,75
8,45.5,20.56285119047619,89
9,66.5,87.7016333333333,99
