,real_%top,predicted_%top,index
0,93.8,94.1410914862915,8
1,99.3,98.84055833333333,16
2,96.5,91.99289206349208,27
3,99.5,97.91284761904762,47
4,62.0,72.26547619047618,54
5,98.0,92.70252976190477,57
6,98.0,92.59915476190477,62
7,79.0,83.41916428571429,71
8,22.0,18.736196428571425,99
9,6.5,8.94992857142857,102
