,real_%top,predicted_%top,index
0,98.45,95.23726435686778,5
1,99.7,85.45898474179332,6
2,70.5,96.94894778683651,20
3,57.0,76.9156923310758,28
4,54.0,70.66201391619002,30
5,23.5,23.482165355971865,33
6,36.5,18.751201500383,42
7,97.5,90.5783458902209,67
8,95.5,90.7055103639051,69
9,98.5,96.7480431051791,83
