,real_%top,predicted_%top,index
0,91.85,67.67546334588614,3
1,98.5,97.9013287655327,16
2,88.0,87.49528777923571,62
3,95.5,92.62421359647404,70
4,79.0,76.30438616995751,72
5,99.5,94.37343672962741,80
6,98.5,94.49827442804009,84
7,98.0,94.48819942804012,87
8,44.5,66.01703555080539,91
9,30.0,15.977486305361305,97
