,real_%top,predicted_%top,index
0,92.0,84.92406746349525,1
1,99.95,101.31926689241574,7
2,86.5,81.31447067791882,21
3,10.0,9.078057089409967,31
4,97.0,85.90517525515862,43
5,99.5,95.44052276537687,45
6,82.0,93.13337090217178,51
7,68.5,85.81873160765471,59
8,78.0,95.46561161909696,76
9,45.5,-12.065043676073074,88
10,5.0,18.63142461416321,101
