,real_%top,predicted_%top,index
0,99.95,104.31797904304307,5
1,98.45,90.81041837939007,6
2,99.0,96.90484580780266,15
3,99.3,96.79803296232238,17
4,99.5,98.99778604949506,35
5,36.5,73.05106751790017,43
6,97.0,85.9134728498314,44
7,99.0,89.11693246505017,82
8,98.5,95.33113898790188,83
9,48.5,60.246184276092514,94
10,6.5,20.827230969170273,103
