,real_%top,predicted_%top,index
0,91.85,72.34516737538424,3
1,98.5,98.69197090331677,16
2,88.0,97.96236471919852,62
3,95.5,101.38439782403168,70
4,79.0,81.23700808720339,72
5,99.5,96.02720895090465,80
6,98.5,93.76681710844333,84
7,98.0,95.47624543360482,87
8,44.5,62.43229269691019,91
9,30.0,8.946232414234894,97
