,real_%top,predicted_%top,index
0,98.45,97.57492891488572,5
1,99.7,97.34929925513224,6
2,70.5,93.09144797421821,20
3,57.0,59.14805134378412,28
4,54.0,61.23140100193329,30
5,23.5,25.599022440528202,33
6,36.5,30.715816099454916,42
7,97.5,91.21818466800495,67
8,95.5,92.54382028330765,69
9,98.5,95.07212432024802,83
