,real_%top,predicted_%top,index
0,7.0,21.340985288974156,10
1,99.95,80.84598802501665,11
2,97.5,90.50961624234273,19
3,99.0,80.02033182344623,26
4,94.0,76.42390191220979,35
5,99.5,91.11960495637855,37
6,31.5,21.298518675726292,39
7,59.5,72.23990501610197,56
8,96.5,90.18658580046427,60
9,95.5,95.10530852277054,85
