,real_%top,predicted_%top,index
0,93.8,96.15625,8
1,99.3,97.203125,16
2,96.5,86.75,27
3,99.5,92.515625,47
4,62.0,73.21875,54
5,98.0,89.8125,57
6,98.0,82.625,62
7,79.0,83.6875,71
8,22.0,8.890625,99
9,6.5,15.40625,102
