,real_%top,predicted_%top,index
0,93.8,96.0953848244975,8
1,99.3,97.1394480088903,16
2,96.5,86.69611601275753,27
3,99.5,92.4427894045707,47
4,62.0,73.14369706142097,54
5,98.0,89.74911655398348,57
6,98.0,82.54697590796874,62
7,79.0,83.62327453672538,71
8,22.0,8.838182122934526,99
9,6.5,15.373301415846896,102
