,real_%top,predicted_%top,index
0,99.95,93.80506437890361,10
1,57.0,57.43134378519957,29
2,10.0,21.569381716999043,32
3,99.5,96.43310269457714,38
4,98.5,96.55224042361984,45
5,62.0,57.51997601848129,55
6,97.0,74.52563148061111,67
7,98.0,96.65753500261185,75
8,45.5,24.37466940819636,89
9,66.5,57.29262472792093,99
