,real_%top,predicted_%top,index
0,93.8,99.91898339183278,8
1,99.3,100.31954347911244,16
2,96.5,94.94748759476326,27
3,99.5,95.69180716537291,47
4,62.0,55.68833238544591,54
5,98.0,98.20291507334349,57
6,98.0,87.99565491000997,62
7,79.0,80.83063925233438,71
8,22.0,18.21784973157263,99
9,6.5,19.18026588787905,102
