,real_%top,predicted_%top,index
0,99.7,91.42577425276899,7
1,54.0,79.88168946978669,31
2,82.0,87.88719886763118,39
3,15.0,22.575842412070607,42
4,99.5,94.18228674571003,49
5,96.5,88.57104267714118,61
6,85.0,82.06501211611929,65
7,78.0,77.65796975196582,73
8,96.0,92.74878543126216,79
9,39.5,79.2022161777645,93
