,real_%top,predicted_%top,index
0,7.0,24.220702646337,10
1,99.95,84.77122319880574,11
2,97.5,92.20532672972573,19
3,99.0,82.45229456552963,26
4,94.0,82.21277049739189,35
5,99.5,89.9222399631397,37
6,31.5,23.889216960969737,39
7,59.5,73.36277748885198,56
8,96.5,88.30092252244404,60
9,95.5,96.01258273020599,85
