,real_%top,predicted_%top,index
0,91.85,79.44027795382642,2
1,99.75,100.40643958031384,12
2,51.5,98.4583779334443,22
3,64.0,55.727357997814046,32
4,96.5,96.71201816970544,52
5,97.0,74.63368001572543,66
6,99.0,88.32436065153688,75
7,97.0,99.03192794170354,77
8,39.5,46.04452740039805,92
9,30.0,8.57838555936642,96
10,11.0,20.863531469251477,100
