,real_%top,predicted_%top,index
0,7.0,27.455201525881492,11
1,99.75,99.95958363294643,13
2,99.9,95.91298918871139,18
3,98.5,51.5907051892271,26
4,94.0,96.28757508296414,36
5,99.5,81.96871043406858,41
6,99.5,90.96590647708804,46
7,96.5,96.02957657931684,54
8,62.5,53.619620575172014,56
9,21.5,14.207909901191885,96
10,22.0,13.745168485445744,100
