,real_%top,predicted_%top,index
0,93.8,85.25688729114023,8
1,99.3,98.74287252118796,16
2,96.5,92.58573504910122,27
3,99.5,97.05371783314936,47
4,62.0,85.88548167804419,54
5,98.0,91.88594111530666,57
6,98.0,91.19732075372382,62
7,79.0,76.56110871694095,71
8,22.0,22.624665141188355,99
9,6.5,20.960769939168163,102
