,real_%top,predicted_%top,index
0,98.45,95.20553237950998,5
1,99.7,97.63528504364314,6
2,70.5,83.62464485831504,20
3,57.0,83.10311087216164,28
4,54.0,79.36668962273832,30
5,23.5,15.609396972886344,33
6,36.5,58.6307747135287,42
7,97.5,85.78464862951897,67
8,95.5,88.72762698982066,69
9,98.5,90.60796856048292,83
