,real_%top,predicted_%top,index
0,91.85,81.21367031620217,3
1,98.5,98.49197663084223,16
2,88.0,82.2884819124721,62
3,95.5,87.94724218477478,70
4,79.0,80.28795677742664,72
5,99.5,96.38902480269154,80
6,98.5,93.69663724146977,84
7,98.0,95.37937946723338,87
8,44.5,63.059639319995426,91
9,30.0,16.59131273920613,97
