,real_%top,predicted_%top,index
0,91.85,79.47299007936505,2
1,99.75,97.14736190476192,12
2,51.5,89.86363333333337,22
3,64.0,66.15342857142859,32
4,96.5,97.4146166666667,52
5,97.0,89.98121904761904,66
6,99.0,91.3447523809524,75
7,97.0,96.81020476190473,77
8,39.5,51.74074682539683,92
9,30.0,17.835166666666662,96
10,11.0,17.63375,100
