,real_%top,predicted_%top,index
0,7.0,20.709664682539678,11
1,99.75,96.40311547619045,13
2,99.9,97.68112499999995,18
3,98.5,91.41331904761903,26
4,94.0,90.00066428571431,36
5,99.5,96.25954523809521,41
6,99.5,98.0334869047619,46
7,96.5,91.12961071428573,54
8,62.5,83.94879047619047,56
9,21.5,17.56423809523809,96
10,22.0,18.978559523809526,100
