,real_%top,predicted_%top,index
0,99.95,98.56086157649452,9
1,98.5,98.24811840774255,15
2,99.5,99.765312251166,34
3,89.5,94.71828762811461,36
4,15.0,32.95758148226741,41
5,83.5,75.74281661455026,50
6,96.5,86.46334687431134,53
7,62.5,68.7440290727478,55
8,95.5,78.70199844537042,58
9,40.0,7.949702310857077,89
