,real_%top,predicted_%top,index
0,99.95,97.72243042114137,10
1,57.0,86.59733664368804,29
2,10.0,20.77768275615047,32
3,99.5,91.74804051089941,38
4,98.5,81.25369089592692,45
5,62.0,86.59733664368804,55
6,97.0,91.74804051089941,67
7,98.0,95.2184446707022,75
8,45.5,20.77768275615047,89
9,66.5,91.74804051089941,99
