,real_%top,predicted_%top,index
0,93.8,97.68534996276215,8
1,99.3,97.68534996276215,16
2,96.5,82.09358905024119,27
3,99.5,89.67327792569212,47
4,62.0,84.12701341461418,54
5,98.0,95.67095417838733,57
6,98.0,89.67327792569212,62
7,79.0,83.27985045456012,71
8,22.0,22.004912148257205,99
9,6.5,21.987252674397737,102
