,real_%top,predicted_%top,index
0,92.0,78.48569091951231,2
1,99.95,90.67388037825256,8
2,99.95,81.83833127312712,12
3,34.5,18.714614706141408,25
4,23.5,18.81280798345233,34
5,89.5,90.9694790578302,37
6,31.5,18.714614706141408,40
7,82.0,91.03075652586867,52
8,59.5,77.53131283681071,57
9,81.5,78.42450480017284,71
10,98.5,96.03110961284644,85
