,real_%top,predicted_%top,index
0,91.4,78.05306876328386,3
1,99.0,97.01077495122425,14
2,23.0,21.74492125808517,23
3,98.5,92.73907757244875,25
4,99.0,94.80756671536032,49
5,88.0,87.73263066768453,61
6,91.0,90.92752010983985,65
7,99.5,93.71941858988819,79
8,99.0,78.5435413801809,81
9,48.5,71.29981226451157,93
10,21.5,21.74492125808517,95
