,real_%top,predicted_%top,index
0,92.15,69.638513689587,1
1,91.4,73.12701198361324,4
2,93.8,75.01036261076815,9
3,70.5,96.15302872740007,21
4,21.5,24.912037354608746,30
5,83.5,75.15224746341124,51
6,91.0,90.13068363372739,66
7,74.5,92.71878235653237,69
8,99.0,92.3006386306139,76
9,40.0,25.236619039590426,90
