,real_%top,predicted_%top,index
0,99.95,98.04972197055399,4
1,99.5,98.25347695995522,40
2,99.5,98.41529939862767,48
3,98.0,97.50478672319038,74
4,96.0,89.93163832001328,78
5,21.0,20.710114038996785,80
6,98.5,97.99344401034767,82
7,63.0,64.73549616466047,87
8,44.5,64.73549616466047,90
9,66.5,98.76886552006,98
