,real_%top,predicted_%top,index
0,92.0,88.83320774138329,1
1,99.95,100.4188136906073,7
2,86.5,96.92579816057139,21
3,10.0,22.23341399762539,31
4,97.0,71.91895264300635,43
5,99.5,98.56183787351523,45
6,82.0,90.14964611717657,51
7,68.5,95.2049423086755,59
8,78.0,97.56844662174227,76
9,45.5,22.713242389750643,88
10,5.0,8.51250262827872,101
