,real_%top,predicted_%top,index
0,99.95,99.04703292159874,5
1,98.45,98.99182666461722,6
2,99.0,99.17125088803846,15
3,99.3,100.00344025025565,17
4,99.5,99.92133274953494,35
5,36.5,24.278794729592498,43
6,97.0,95.57611782495971,44
7,99.0,95.26726138146304,82
8,98.5,95.90841799044355,83
9,48.5,39.59833493639106,94
10,6.5,5.074408911049925,103
