,real_%top,predicted_%top,index
0,92.0,84.98630353824404,1
1,99.95,96.96043914910366,7
2,86.5,84.23972678934709,21
3,10.0,20.38385635657173,31
4,97.0,84.23972678934709,43
5,99.5,90.98466650688579,45
6,82.0,84.23972678934709,51
7,68.5,84.23972678934709,59
8,78.0,84.98630353824404,76
9,45.5,20.38385635657173,88
10,5.0,20.393556356571732,101
