,real_%top,predicted_%top,index
0,99.95,94.03942782528266,5
1,98.45,94.03942782528266,6
2,99.0,96.74970235658138,15
3,99.3,96.74970235658138,17
4,99.5,93.97200769975974,35
5,36.5,28.30489961505003,43
6,97.0,82.06516394919737,44
7,99.0,80.78530835743577,82
8,98.5,78.67904964181467,83
9,48.5,69.68601364761932,94
10,6.5,20.826340670016098,103
