,real_%top,predicted_%top,index
0,91.4,84.63461538461537,3
1,99.0,93.57307692307691,14
2,23.0,14.777777777777796,23
3,98.5,93.57307692307691,25
4,99.0,93.57307692307691,49
5,88.0,93.57307692307691,61
6,91.0,84.63461538461537,65
7,99.5,93.57307692307691,79
8,99.0,83.78214285714284,81
9,48.5,48.00000000000004,93
10,21.5,10.500000000000028,95
