,real_%top,predicted_%top,index
0,92.0,87.44599946649028,2
1,99.95,97.60774822062643,8
2,99.95,88.501682092391,12
3,34.5,36.47385792940647,25
4,23.5,14.934184873627146,34
5,89.5,86.48788862630575,37
6,31.5,18.98634946755936,40
7,82.0,97.53962139235503,52
8,59.5,68.42162681524879,57
9,81.5,74.56565354146686,71
10,98.5,95.4958270035516,85
