,real_%top,predicted_%top,index
0,91.4,85.41317285503756,3
1,99.0,98.95073285497227,14
2,23.0,26.772292684251255,23
3,98.5,88.23501267085351,25
4,99.0,88.23501267085351,49
5,88.0,87.17664347804012,61
6,91.0,91.1261393460415,65
7,99.5,95.79580151272101,79
8,99.0,95.51428944673258,81
9,48.5,69.07801684559215,93
10,21.5,-4.565088611890445,95
