,real_%top,predicted_%top,index
0,92.0,87.36136363636362,2
1,99.95,87.36136363636362,8
2,99.95,87.36136363636362,12
3,34.5,36.50000000000025,25
4,23.5,16.966666666666782,34
5,89.5,87.36136363636362,37
6,31.5,16.966666666666782,40
7,82.0,87.36136363636362,52
8,59.5,87.36136363636362,57
9,81.5,87.36136363636362,71
10,98.5,87.36136363636362,85
