,real_%top,predicted_%top,index
0,92.0,78.73266125413957,2
1,99.95,97.62584159922629,8
2,99.95,78.73266125413957,12
3,34.5,31.697809950647393,25
4,23.5,20.90806010946504,34
5,89.5,86.30731051723951,37
6,31.5,20.90806010946504,40
7,82.0,86.30731051723951,52
8,59.5,86.13623919349962,57
9,81.5,68.96162361894727,71
10,98.5,97.62584159922629,85
