,real_%top,predicted_%top,index
0,98.0,98.68433345254613,14
1,86.5,84.87340047997054,22
2,23.0,17.89143599566684,24
3,98.5,97.66260427359201,47
4,96.5,75.3729361217164,53
5,98.0,88.789956853149,58
6,97.5,93.52684345216271,68
7,97.0,99.55156872422619,78
8,21.0,31.158836757935397,81
9,95.5,95.2163536154867,86
