,real_%top,predicted_%top,index
0,99.95,93.78190749376428,9
1,98.5,97.50847327143484,15
2,99.5,101.5492774904274,34
3,89.5,90.16079208763377,36
4,15.0,31.512751862008482,41
5,83.5,72.80700721115609,50
6,96.5,100.37271396725676,53
7,62.5,56.63557919550265,55
8,95.5,83.83036067183873,58
9,40.0,43.57899263036775,89
