,real_%top,predicted_%top,index
0,99.0,93.64576570153704,27
1,96.5,96.17726833591247,28
2,99.5,97.44168513149431,48
3,99.0,97.49373552831969,50
4,98.0,91.06461134421139,63
5,81.0,74.07614257548009,74
6,78.0,95.73917672425615,77
7,45.0,63.57181556272676,92
8,11.0,23.978624269736116,101
9,5.0,17.456001205300545,102
