,real_%top,predicted_%top,index
0,82.0,77.94687694931707,38
1,98.5,98.39934528682105,46
2,8.0,21.166441587738028,63
3,85.0,92.38784977522475,64
4,81.5,74.26214142511901,70
5,78.0,64.06670886601142,72
6,98.5,97.37782429351701,84
7,98.0,97.34438897605669,86
8,20.0,23.59779857797001,94
9,9.0,19.083182763229196,97
