,real_%top,predicted_%top,index
0,98.0,102.95482267202222,14
1,86.5,89.48175177204516,22
2,23.0,31.48233664931588,24
3,98.5,99.23163985563612,47
4,96.5,98.45321354004851,53
5,98.0,95.49912566419437,58
6,97.5,97.00912790857001,68
7,97.0,99.47976898496933,78
8,21.0,1.8915082076263967,81
9,95.5,98.33564058561957,86
