,real_%top,predicted_%top,index
0,99.95,93.73965517241378,9
1,98.5,93.73965517241378,15
2,99.5,93.9833333333332,34
3,89.5,81.28461538461536,36
4,15.0,14.642857142857162,41
5,83.5,81.28461538461536,50
6,96.5,86.01153846153845,53
7,62.5,86.01153846153845,55
8,95.5,93.9833333333332,58
9,40.0,45.50000000000002,89
