,real_%top,predicted_%top,index
0,98.0,97.78260892393126,14
1,86.5,82.88855293537759,22
2,23.0,23.563924806673313,24
3,98.5,98.9524402257196,47
4,96.5,101.96207829591927,53
5,98.0,99.74187280793862,58
6,97.5,94.30556322439864,68
7,97.0,93.79960886389307,78
8,21.0,16.314897300197256,81
9,95.5,98.77592996797655,86
