,real_%top,predicted_%top,index
0,99.95,99.51055538557557,9
1,98.5,98.30528244231138,15
2,99.5,102.75638141763989,34
3,89.5,96.67020897509039,36
4,15.0,12.490459759287088,41
5,83.5,69.4284725296319,50
6,96.5,97.2501305633758,53
7,62.5,53.77029266418914,55
8,95.5,92.7417333871095,58
9,40.0,41.11359138417622,89
