,real_%top,predicted_%top,index
0,92.15,92.6348017058482,1
1,91.4,94.13651188869078,4
2,93.8,99.92203965981389,9
3,70.5,84.32432139916287,21
4,21.5,21.712275204861616,30
5,83.5,69.41903965221067,51
6,91.0,92.7398102784343,66
7,74.5,97.00275601704739,69
8,99.0,95.48093009519144,76
9,40.0,45.99917598353817,90
