,real_%top,predicted_%top,index
0,99.95,102.89466340623886,4
1,99.5,99.08195096791347,40
2,99.5,97.14820359737111,48
3,98.0,96.24090800288296,74
4,96.0,99.49373852440611,78
5,21.0,9.271006099458363,80
6,98.5,95.49361037086483,82
7,63.0,49.49300331862574,87
8,44.5,44.958282095401756,90
9,66.5,63.523806565893324,98
