,real_%top,predicted_%top,index
0,99.95,101.945015005099,9
1,98.5,101.945015005099,15
2,99.5,82.03364029557143,34
3,89.5,76.98133846548701,36
4,15.0,31.725978129931377,41
5,83.5,86.70672378532197,50
6,96.5,101.10519259490744,53
7,62.5,70.94578226829933,55
8,95.5,81.58993369800419,58
9,40.0,5.307385206964497,89
