,real_%top,predicted_%top,index
0,98.0,87.18307692307691,14
1,86.5,87.18307692307691,22
2,23.0,18.133333333333354,24
3,98.5,87.18307692307691,47
4,96.5,87.18307692307691,53
5,98.0,87.18307692307691,58
6,97.5,87.18307692307691,68
7,97.0,87.18307692307691,78
8,21.0,18.133333333333184,81
9,95.5,87.18307692307691,86
