,real_%top,predicted_%top,index
0,7.0,41.573957101524606,10
1,99.95,90.21483022522462,11
2,97.5,86.78332311127997,19
3,99.0,69.78420912586188,26
4,94.0,84.99963403006096,35
5,99.5,98.34515947011491,37
6,31.5,34.62402435592281,39
7,59.5,72.78787631874013,56
8,96.5,92.9897943136211,60
9,95.5,92.76681327771448,85
