,real_%top,predicted_%top,index
0,99.0,72.52063322287779,27
1,96.5,80.40972933046241,28
2,99.5,92.44420131410219,48
3,99.0,92.16634485055101,50
4,98.0,85.85569485898394,63
5,81.0,81.31986004210562,74
6,78.0,97.12912154088869,77
7,45.0,61.880243169009255,92
8,11.0,20.245986635676672,101
9,5.0,21.984721142503517,102
