,real_%top,predicted_%top,index
0,82.0,91.27523488696778,38
1,98.5,87.99083330879368,46
2,8.0,26.62836988827538,63
3,85.0,78.47782414464132,64
4,81.5,84.4467930113372,70
5,78.0,79.4974455099421,72
6,98.5,91.58243751028307,84
7,98.0,95.09104759517554,86
8,20.0,8.489330412452404,94
9,9.0,22.18366360130885,97
