,real_%top,predicted_%top,index
0,98.45,91.80256820280111,5
1,99.7,98.7340733358197,6
2,70.5,78.66910254523764,20
3,57.0,85.77991944274099,28
4,54.0,87.55178238988061,30
5,23.5,15.288505363138825,33
6,36.5,64.59829153482883,42
7,97.5,84.64648947977419,67
8,95.5,84.72178372927831,69
9,98.5,94.6118326630686,83
