,real_%top,predicted_%top,index
0,92.0,84.77275904496467,2
1,99.95,103.1938480980787,8
2,99.95,88.12195996562139,12
3,34.5,46.658004191697216,25
4,23.5,20.43246770886553,34
5,89.5,96.22792570623989,37
6,31.5,31.985661832393838,40
7,82.0,97.82233846363877,52
8,59.5,77.02547737835411,57
9,81.5,83.65634007337992,71
10,98.5,92.64992765363004,85
