,real_%top,predicted_%top,index
0,91.4,85.11672488419158,3
1,99.0,98.82625571688014,14
2,23.0,19.38255547365867,23
3,98.5,82.82680370983446,25
4,99.0,93.47474225479326,49
5,88.0,85.41322119737369,61
6,91.0,84.48606791581594,65
7,99.5,93.00299812274896,79
8,99.0,84.53954630500947,81
9,48.5,70.46547406300984,93
10,21.5,2.496353386406284,95
