,real_%top,predicted_%top,index
0,99.95,99.20768956301194,9
1,98.5,98.68114062770124,15
2,99.5,102.84565456457817,34
3,89.5,82.72441596451122,36
4,15.0,11.845572682241226,41
5,83.5,71.10504375848865,50
6,96.5,95.13862318981882,53
7,62.5,56.109803650238646,55
8,95.5,86.83831064799293,58
9,40.0,44.88417916242144,89
