,real_%top,predicted_%top,index
0,98.0,99.71913491465861,14
1,86.5,74.67844050223269,22
2,23.0,17.45877061400583,24
3,98.5,98.98021846455079,47
4,96.5,87.51712134734366,53
5,98.0,92.25415015743718,58
6,97.5,94.4102286285886,68
7,97.0,103.71847459751042,78
8,21.0,25.041228331503778,81
9,95.5,98.27511641268917,86
