,real_%top,predicted_%top,index
0,7.0,37.86612961032183,10
1,99.95,89.64352220338796,11
2,97.5,86.15803393146753,19
3,99.0,70.51212760178586,26
4,94.0,84.5144359921217,35
5,99.5,96.79759622827163,37
6,31.5,31.140399856450195,39
7,59.5,73.14134357743768,56
8,96.5,91.73509598706033,60
9,95.5,93.87841857893535,85
