,real_%top,predicted_%top,index
0,7.0,37.75,10
1,99.95,89.5625,11
2,97.5,86.0625,19
3,99.0,70.4375,26
4,94.0,84.4375,35
5,99.5,96.71875,37
6,31.5,31.03125,39
7,59.5,73.0625,56
8,96.5,91.65625,60
9,95.5,93.8125,85
