,real_%top,predicted_%top,index
0,99.7,89.75196694058597,7
1,54.0,78.91209706496078,31
2,82.0,89.42572735744587,39
3,15.0,20.41206195004608,42
4,99.5,97.67521753187006,49
5,96.5,88.814441444567,61
6,85.0,82.25579247860566,65
7,78.0,76.34503403181229,73
8,96.0,89.59108581350068,79
9,39.5,73.19243337284793,93
