,real_%top,predicted_%top,index
0,7.0,21.663162617139182,10
1,99.95,79.57136508968169,11
2,97.5,90.22606512608652,19
3,99.0,79.30691757469667,26
4,94.0,81.09246379989605,35
5,99.5,89.77651036190947,37
6,31.5,21.91665654804488,39
7,59.5,75.14284208846979,56
8,96.5,88.42842257781338,60
9,95.5,96.8189127236813,85
