,real_%top,predicted_%top,index
0,99.0,73.36825810376457,27
1,96.5,87.88248100044444,28
2,99.5,98.93685424211866,48
3,99.0,93.70192392967991,50
4,98.0,87.96330798540113,63
5,81.0,79.39472315993204,74
6,78.0,95.70834824568448,77
7,45.0,46.11830527546634,92
8,11.0,20.04645708385597,101
9,5.0,9.242289182388225,102
